celebrity_name,_season_raw,y_judges,y_fans,US,ProStrength,ProCount,age_z,age_z2,industry_grp_Media,industry_grp_Model,industry_grp_Other,industry_grp_Performer,season_2,season_3,season_4,season_5,season_6,season_7,season_8,season_9,season_10,season_11,season_12,season_13,season_14,season_15,season_16,season_17,season_18,season_19,season_20,season_21,season_22,season_23,season_24,season_25,season_26,season_27,season_28,season_29,season_30,season_31,season_32,season_33,season_34,Intercept
John O'Hurley,1,0.2863856822050215,0.29,1,0.6774310804002015,0,0.8156117126381557,0.6652224657925454,False,False,False,True,False,False,False,False,False,False,False,False,False,False,False,False,False,False,False,False,False,False,False,False,False,False,False,False,False,False,False,False,False,False,False,False,False,1.0
Kelly Monaco,1,0.2611647983660485,0.29,1,0.5207950446667786,4,-0.7117814564857452,0.5066328417969688,False,False,False,True,False,False,False,False,False,False,False,False,False,False,False,False,False,False,False,False,False,False,False,False,False,False,False,False,False,False,False,False,False,False,False,False,False,1.0
Evander Holyfield,1,0.1344938678172348,0.178,1,0.6049012692243095,10,0.233747648210003,0.05463796304370731,False,False,False,False,False,False,False,False,False,False,False,False,False,False,False,False,False,False,False,False,False,False,False,False,False,False,False,False,False,False,False,False,False,False,False,False,False,1.0
Rachel Hunter,1,0.22471387381820845,0.142,0,0.5312703258017445,6,-0.27538340816463064,0.07583602149236755,False,True,False,False,False,False,False,False,False,False,False,False,False,False,False,False,False,False,False,False,False,False,False,False,False,False,False,False,False,False,False,False,False,False,False,False,False,1.0
Joey McIntyre,1,0.18169960163028553,0.239,1,0.560894425250126,3,-0.49358243232518795,0.24362361750004874,False,False,False,True,False,False,False,False,False,False,False,False,False,False,False,False,False,False,False,False,False,False,False,False,False,False,False,False,False,False,False,False,False,False,False,False,False,1.0
Trista Sutter,1,0.16108120403366444,0.109,1,0.6538406631637035,10,-0.49358243232518795,0.24362361750004874,True,False,False,False,False,False,False,False,False,False,False,False,False,False,False,False,False,False,False,False,False,False,False,False,False,False,False,False,False,False,False,False,False,False,False,False,False,1.0
Tatum O'Neal,2,0.10147435897435897,0.095,1,0.6311925670001679,1,0.233747648210003,0.05463796304370731,False,False,False,True,True,False,False,False,False,False,False,False,False,False,False,False,False,False,False,False,False,False,False,False,False,False,False,False,False,False,False,False,False,False,False,False,False,1.0
Tia Carrere,2,0.13186889155218437,0.119,1,0.7478732009610869,16,0.015548624049445712,0.00024175970983100157,False,False,False,True,True,False,False,False,False,False,False,False,False,False,False,False,False,False,False,False,False,False,False,False,False,False,False,False,False,False,False,False,False,False,False,False,False,1.0
George Hamilton,2,0.13132848896165625,0.128,1,0.5882346025576429,10,1.9793398414944612,3.917786208127319,False,False,False,True,True,False,False,False,False,False,False,False,False,False,False,False,False,False,False,False,False,False,False,False,False,False,False,False,False,False,False,False,False,False,False,False,False,1.0
Lisa Rinna,2,0.1611042644423937,0.14,1,0.6177295520525924,10,0.233747648210003,0.05463796304370731,False,False,False,True,True,False,False,False,False,False,False,False,False,False,False,False,False,False,False,False,False,False,False,False,False,False,False,False,False,False,False,False,False,False,False,False,False,1.0
Stacy Keibler,2,0.20056213646976578,0.191,1,0.6183953069891313,20,-0.9299804806463025,0.8648636943831277,False,False,False,False,True,False,False,False,False,False,False,False,False,False,False,False,False,False,False,False,False,False,False,False,False,False,False,False,False,False,False,False,False,False,False,False,False,1.0
Jerry Rice,2,0.16517795223782086,0.191,1,0.5300527843758247,10,0.3064806562635221,0.09393039266371919,False,False,False,False,True,False,False,False,False,False,False,False,False,False,False,False,False,False,False,False,False,False,False,False,False,False,False,False,False,False,False,False,False,False,False,False,False,1.0
Giselle Fernandez,2,0.1196092796092796,0.081,0,0.557785477316896,6,0.3792136643170412,0.14380300320475758,True,False,False,False,True,False,False,False,False,False,False,False,False,False,False,False,False,False,False,False,False,False,False,False,False,False,False,False,False,False,False,False,False,False,False,False,False,1.0
Master P,2,0.06727361246348589,0.137,1,0.623394425250126,3,-0.27538340816463064,0.07583602149236755,False,False,False,True,True,False,False,False,False,False,False,False,False,False,False,False,False,False,False,False,False,False,False,False,False,False,False,False,False,False,False,False,False,False,False,False,False,1.0
Drew Lachey,2,0.20018704680181557,0.191,1,0.788202154231313,24,-0.7117814564857452,0.5066328417969688,False,False,False,True,True,False,False,False,False,False,False,False,False,False,False,False,False,False,False,False,False,False,False,False,False,False,False,False,False,False,False,False,False,False,False,False,False,1.0
Kenny Mayne,2,0.06666666666666667,0.084,1,0.6774310804002015,0,0.5246796804240793,0.275288767049914,False,False,False,False,True,False,False,False,False,False,False,False,False,False,False,False,False,False,False,False,False,False,False,False,False,False,False,False,False,False,False,False,False,False,False,False,False,1.0
Harry Hamlin,3,0.0925910734360283,0.094,1,0.6483944252501259,3,1.1065437448522322,1.224439059271602,False,False,False,True,False,True,False,False,False,False,False,False,False,False,False,False,False,False,False,False,False,False,False,False,False,False,False,False,False,False,False,False,False,False,False,False,False,1.0
Vivica A. Fox,3,0.11494207870335844,0.095,1,0.6061925670001679,1,0.233747648210003,0.05463796304370731,False,False,False,True,False,True,False,False,False,False,False,False,False,False,False,False,False,False,False,False,False,False,False,False,False,False,False,False,False,False,False,False,False,False,False,False,False,1.0
Monique Coleman,3,0.1551898518252108,0.139,1,0.6227295520525924,10,-1.0027134886998217,1.0054343404205675,False,False,False,True,False,True,False,False,False,False,False,False,False,False,False,False,False,False,False,False,False,False,False,False,False,False,False,False,False,False,False,False,False,False,False,False,False,1.0
Joey Lawrence,3,0.1601449633828269,0.151,1,0.5715679358909762,10,-0.6390484484322261,0.40838291944363553,False,False,False,True,False,True,False,False,False,False,False,False,False,False,False,False,False,False,False,False,False,False,False,False,False,False,False,False,False,False,False,False,False,False,False,False,False,1.0
Mario Lopez,3,0.21553587339218608,0.234,1,0.6320607827355829,17,-0.49358243232518795,0.24362361750004874,False,False,False,True,False,True,False,False,False,False,False,False,False,False,False,False,False,False,False,False,False,False,False,False,False,False,False,False,False,False,False,False,False,False,False,False,False,1.0
Emmitt Smith,3,0.20837414780431018,0.234,1,0.788202154231313,24,-0.12991739205759248,0.016878528759046194,False,False,False,False,False,True,False,False,False,False,False,False,False,False,False,False,False,False,False,False,False,False,False,False,False,False,False,False,False,False,False,False,False,False,False,False,False,1.0
Shanna Moakler,3,0.09027891714520098,0.088,1,0.6774310804002015,0,-0.5663154403787071,0.3207131780113289,False,True,False,False,False,True,False,False,False,False,False,False,False,False,False,False,False,False,False,False,False,False,False,False,False,False,False,False,False,False,False,False,False,False,False,False,False,1.0
Willa Ford,3,0.12012783805494975,0.101,1,0.7538255819134678,16,-1.0027134886998217,1.0054343404205675,False,False,False,True,False,True,False,False,False,False,False,False,False,False,False,False,False,False,False,False,False,False,False,False,False,False,False,False,False,False,False,False,False,False,False,False,False,1.0
Sara Evans,3,0.051643879776009635,0.106,1,0.6183953069891313,20,-0.27538340816463064,0.07583602149236755,False,False,False,True,False,True,False,False,False,False,False,False,False,False,False,False,False,False,False,False,False,False,False,False,False,False,False,False,False,False,False,False,False,False,False,False,False,1.0
Jerry Springer,3,0.1180214583676301,0.129,0,0.6634278253636924,13,1.688407809280385,2.8507209304389884,True,False,False,False,False,True,False,False,False,False,False,False,False,False,False,False,False,False,False,False,False,False,False,False,False,False,False,False,False,False,False,False,False,False,False,False,False,1.0
Tucker Carlson,3,0.05660377358490566,0.079,1,0.6478592336668346,1,-0.12991739205759248,0.016878528759046194,True,False,False,False,False,True,False,False,False,False,False,False,False,False,False,False,False,False,False,False,False,False,False,False,False,False,False,False,False,False,False,False,False,False,False,False,False,1.0
John Ratzenberger,4,0.10055152917957653,0.112,1,0.5915679358909762,10,1.4702087851198276,2.1615138718435194,False,False,False,True,False,False,True,False,False,False,False,False,False,False,False,False,False,False,False,False,False,False,False,False,False,False,False,False,False,False,False,False,False,False,False,False,False,1.0
Ian Ziering,4,0.1458243690501048,0.129,1,0.791650430093382,24,0.233747648210003,0.05463796304370731,False,False,False,True,False,False,True,False,False,False,False,False,False,False,False,False,False,False,False,False,False,False,False,False,False,False,False,False,False,False,False,False,False,False,False,False,False,1.0
Clyde Drexler,4,0.07546895817305128,0.103,1,0.5811925670001679,1,0.3792136643170412,0.14380300320475758,False,False,False,False,False,False,True,False,False,False,False,False,False,False,False,False,False,False,False,False,False,False,False,False,False,False,False,False,False,False,False,False,False,False,False,False,False,1.0
Laila Ali,4,0.1735951827353735,0.172,1,0.7300160581039441,16,-0.7117814564857452,0.5066328417969688,False,False,False,False,False,False,True,False,False,False,False,False,False,False,False,False,False,False,False,False,False,False,False,False,False,False,False,False,False,False,False,False,False,False,False,False,False,1.0
Apolo Anton Ohno,4,0.178011794399143,0.172,1,0.7127142365859706,4,-1.0754464967533406,1.156585167379033,False,False,False,False,False,False,True,False,False,False,False,False,False,False,False,False,False,False,False,False,False,False,False,False,False,False,False,False,False,False,False,False,False,False,False,False,False,1.0
Shandi Finnessey,4,0.09006531266644006,0.085,1,0.6774310804002015,0,-0.7845144645392643,0.6154629450713286,False,False,True,False,False,False,True,False,False,False,False,False,False,False,False,False,False,False,False,False,False,False,False,False,False,False,False,False,False,False,False,False,False,False,False,False,False,1.0
Paulina Porizkova,4,0.08897364771151178,0.082,0,0.6096839335556674,4,0.1610146401564839,0.025925714344721996,False,True,False,False,False,False,True,False,False,False,False,False,False,False,False,False,False,False,False,False,False,False,False,False,False,False,False,False,False,False,False,False,False,False,False,False,False,1.0
Heather Mills,4,0.11184908310227042,0.101,0,0.5373309318623505,6,0.015548624049445712,0.00024175970983100157,False,True,False,False,False,False,True,False,False,False,False,False,False,False,False,False,False,False,False,False,False,False,False,False,False,False,False,False,False,False,False,False,False,False,False,False,False,1.0
Billy Ray Cyrus,4,0.1062712202867889,0.123,1,0.6411516918264919,17,0.4519466723705603,0.20425579466682256,False,False,False,True,False,False,True,False,False,False,False,False,False,False,False,False,False,False,False,False,False,False,False,False,False,False,False,False,False,False,False,False,False,False,False,False,False,1.0
Joey Fatone,4,0.17680658286213982,0.172,1,0.6467611586970256,13,-0.6390484484322261,0.40838291944363553,False,False,False,True,False,False,True,False,False,False,False,False,False,False,False,False,False,False,False,False,False,False,False,False,False,False,False,False,False,False,False,False,False,False,False,False,False,1.0
Leeza Gibbons,4,0.08820802228248094,0.093,1,0.6423953069891312,20,0.8156117126381557,0.6652224657925454,True,False,False,False,False,False,True,False,False,False,False,False,False,False,False,False,False,False,False,False,False,False,False,False,False,False,False,False,False,False,False,False,False,False,False,False,False,1.0
Cameron Mathison,5,0.1260607906093093,0.119,0,0.5849012692243096,10,-0.05718438400407338,0.0032700537739253233,False,False,False,True,False,False,False,True,False,False,False,False,False,False,False,False,False,False,False,False,False,False,False,False,False,False,False,False,False,False,False,False,False,False,False,False,False,1.0
Jane Seymour,5,0.1169763184777003,0.112,0,0.6303953069891313,20,1.2520097609592702,1.567528441537289,False,False,False,True,False,False,False,True,False,False,False,False,False,False,False,False,False,False,False,False,False,False,False,False,False,False,False,False,False,False,False,False,False,False,False,False,False,1.0
Sabrina Bryan,5,0.12186320977218612,0.102,1,0.7587589433527677,20,-1.1481795048068597,1.3183161752585255,False,False,False,True,False,False,False,True,False,False,False,False,False,False,False,False,False,False,False,False,False,False,False,False,False,False,False,False,False,False,False,False,False,False,False,False,False,1.0
Jennie Garth,5,0.14195509272415088,0.129,1,0.8773104303983164,16,-0.27538340816463064,0.07583602149236755,False,False,False,True,False,False,False,True,False,False,False,False,False,False,False,False,False,False,False,False,False,False,False,False,False,False,False,False,False,False,False,False,False,False,False,False,False,1.0
Floyd Mayweather Jr. ,5,0.0861077279251732,0.092,1,0.6593335100083102,17,-0.6390484484322261,0.40838291944363553,False,False,False,False,False,False,False,True,False,False,False,False,False,False,False,False,False,False,False,False,False,False,False,False,False,False,False,False,False,False,False,False,False,False,False,False,False,1.0
Josie Maran,5,0.0622568093385214,0.074,1,0.6207950446667786,4,-0.7117814564857452,0.5066328417969688,False,True,False,False,False,False,False,True,False,False,False,False,False,False,False,False,False,False,False,False,False,False,False,False,False,False,False,False,False,False,False,False,False,False,False,False,False,1.0
Albert Reed,5,0.0849736781872282,0.072,1,0.583386117709158,10,-1.2209125128603788,1.4906273640590446,False,True,False,False,False,False,False,True,False,False,False,False,False,False,False,False,False,False,False,False,False,False,False,False,False,False,False,False,False,False,False,False,False,False,False,False,False,1.0
Helio Castroneves,5,0.1690406028299701,0.171,0,0.7127142365859706,4,-0.49358243232518795,0.24362361750004874,False,False,True,False,False,False,False,True,False,False,False,False,False,False,False,False,False,False,False,False,False,False,False,False,False,False,False,False,False,False,False,False,False,False,False,False,False,1.0
Mel B,5,0.17260581647909706,0.171,0,0.7300160581039441,16,-0.49358243232518795,0.24362361750004874,False,False,False,True,False,False,False,True,False,False,False,False,False,False,False,False,False,False,False,False,False,False,False,False,False,False,False,False,False,False,False,False,False,False,False,False,False,1.0
Wayne Newton,5,0.07075632623496951,0.094,1,0.8123400852657957,24,1.906606833440942,3.6351496173236963,False,False,False,True,False,False,False,True,False,False,False,False,False,False,False,False,False,False,False,False,False,False,False,False,False,False,False,False,False,False,False,False,False,False,False,False,False,1.0
Marie Osmond,5,0.15179670484879987,0.171,1,0.5009672954987141,6,0.5974126884775984,0.35690192035403207,False,False,False,True,False,False,False,True,False,False,False,False,False,False,False,False,False,False,False,False,False,False,False,False,False,False,False,False,False,False,False,False,False,False,False,False,False,1.0
Mark Cuban,5,0.08811381098677987,0.097,1,0.6745389364748035,13,0.7428787045846367,0.5518687697253479,True,False,False,False,False,False,False,True,False,False,False,False,False,False,False,False,False,False,False,False,False,False,False,False,False,False,False,False,False,False,False,False,False,False,False,False,False,1.0
Cristian de la Fuente,6,0.15813806041186904,0.171,0,0.788202154231313,24,-0.34811641621814976,0.12118503924056809,False,False,False,True,False,False,False,False,True,False,False,False,False,False,False,False,False,False,False,False,False,False,False,False,False,False,False,False,False,False,False,False,False,False,False,False,False,1.0
Steve Guttenberg,6,0.07614538219016341,0.085,1,0.5767194510424913,10,0.7428787045846367,0.5518687697253479,False,False,False,True,False,False,False,False,True,False,False,False,False,False,False,False,False,False,False,False,False,False,False,False,False,False,False,False,False,False,False,False,False,False,False,False,False,1.0
Priscilla Presley,6,0.09988664339910158,0.096,1,0.6427295520525924,10,1.688407809280385,2.8507209304389884,False,False,False,True,False,False,False,False,True,False,False,False,False,False,False,False,False,False,False,False,False,False,False,False,False,False,False,False,False,False,False,False,False,False,False,False,False,1.0
Marlee Matlin,6,0.1019339479803437,0.102,1,0.6774310804002015,0,0.233747648210003,0.05463796304370731,False,False,False,True,False,False,False,False,True,False,False,False,False,False,False,False,False,False,False,False,False,False,False,False,False,False,False,False,False,False,False,False,False,False,False,False,False,1.0
Shannon Elizabeth,6,0.11789162646164959,0.11,1,0.886834239922126,16,-0.34811641621814976,0.12118503924056809,False,False,False,True,False,False,False,False,True,False,False,False,False,False,False,False,False,False,False,False,False,False,False,False,False,False,False,False,False,False,False,False,False,False,False,False,False,1.0
Marissa Jaret Winokur,6,0.13384376710864557,0.128,1,0.6223953069891313,20,-0.27538340816463064,0.07583602149236755,False,False,False,True,False,False,False,False,True,False,False,False,False,False,False,False,False,False,False,False,False,False,False,False,False,False,False,False,False,False,False,False,False,False,False,False,False,1.0
Jason Taylor,6,0.16564760507522003,0.171,1,0.5715679358909762,10,-0.4208494242716688,0.1771142379097951,False,False,False,False,False,False,False,False,True,False,False,False,False,False,False,False,False,False,False,False,False,False,False,False,False,False,False,False,False,False,False,False,False,False,False,False,False,1.0
Kristi Yamaguchi,6,0.17729755545368894,0.171,1,0.7427589433527677,20,-0.20265040011111157,0.04106718466519361,False,False,False,False,False,False,False,False,True,False,False,False,False,False,False,False,False,False,False,False,False,False,False,False,False,False,False,False,False,False,False,False,False,False,False,False,False,1.0
Monica Seles,6,0.0600470769082961,0.074,0,0.5736945682259869,6,-0.34811641621814976,0.12118503924056809,False,False,False,False,False,False,False,False,True,False,False,False,False,False,False,False,False,False,False,False,False,False,False,False,False,False,False,False,False,False,False,False,False,False,False,False,False,1.0
Penn Jillette,6,0.06599574066067798,0.074,1,0.6912056031414702,13,1.033810736798713,1.0687646395202979,False,False,True,False,False,False,False,False,True,False,False,False,False,False,False,False,False,False,False,False,False,False,False,False,False,False,False,False,False,False,False,False,False,False,False,False,False,1.0
Adam Carolla,6,0.07805201593839044,0.09,1,0.7793809032526372,4,0.3064806562635221,0.09393039266371919,True,False,False,False,False,False,False,False,True,False,False,False,False,False,False,False,False,False,False,False,False,False,False,False,False,False,False,False,False,False,False,False,False,False,False,False,False,1.0
Mario,6,0.13194571888041157,0.118,1,0.6411516918264919,17,-1.293645520913898,1.6735187337805904,False,False,False,True,False,False,False,False,True,False,False,False,False,False,False,False,False,False,False,False,False,False,False,False,False,False,False,False,False,False,False,False,False,False,False,False,False,1.0
Ted McGinley,7,0.07341269841269842,0.063,1,0.6774310804002015,0,0.8156117126381557,0.6652224657925454,False,False,False,True,False,False,False,False,False,True,False,False,False,False,False,False,False,False,False,False,False,False,False,False,False,False,False,False,False,False,False,False,False,False,False,False,False,1.0
Cloris Leachman,7,0.08693067810641608,0.106,1,0.6478592336668346,1,3.1430679703507667,9.878876266244887,False,False,False,True,False,False,False,False,False,True,False,False,False,False,False,False,False,False,False,False,False,False,False,False,False,False,False,False,False,False,False,False,False,False,False,False,False,1.0
Susan Lucci,7,0.11600362585231797,0.112,1,0.6303953069891313,20,1.6156748012268658,2.6104050633194724,False,False,False,True,False,False,False,False,False,True,False,False,False,False,False,False,False,False,False,False,False,False,False,False,False,False,False,False,False,False,False,False,False,False,False,False,False,1.0
Cody Linley,7,0.13881006495904347,0.13,1,0.7238253476970817,4,-1.5118445450744553,2.285673928471387,False,False,False,True,False,False,False,False,False,True,False,False,False,False,False,False,False,False,False,False,False,False,False,False,False,False,False,False,False,False,False,False,False,False,False,False,False,1.0
Misty May-Treanor,7,0.017835595776772246,0.068,1,0.7300160581039441,16,-0.5663154403787071,0.3207131780113289,False,False,False,False,False,False,False,False,False,True,False,False,False,False,False,False,False,False,False,False,False,False,False,False,False,False,False,False,False,False,False,False,False,False,False,False,False,1.0
Maurice Greene,7,0.12631173067660212,0.12,1,0.7950987059554508,24,-0.34811641621814976,0.12118503924056809,False,False,False,False,False,False,False,False,False,True,False,False,False,False,False,False,False,False,False,False,False,False,False,False,False,False,False,False,False,False,False,False,False,False,False,False,False,1.0
Warren Sapp,7,0.16343047535619976,0.172,1,0.6467611586970256,13,-0.27538340816463064,0.07583602149236755,False,False,False,False,False,False,False,False,False,True,False,False,False,False,False,False,False,False,False,False,False,False,False,False,False,False,False,False,False,False,False,False,False,False,False,False,False,1.0
Jeffrey Ross,7,0.047619047619047616,0.063,1,0.6315679358909763,10,0.3064806562635221,0.09393039266371919,False,False,False,True,False,False,False,False,False,True,False,False,False,False,False,False,False,False,False,False,False,False,False,False,False,False,False,False,False,False,False,False,False,False,False,False,False,1.0
Toni Braxton,7,0.10502115467036421,0.099,1,0.5763506002223342,4,0.0882816321029648,0.007793646566763225,False,False,False,True,False,False,False,False,False,True,False,False,False,False,False,False,False,False,False,False,False,False,False,False,False,False,False,False,False,False,False,False,False,False,False,False,False,1.0
Lance Bass,7,0.16641470470197928,0.172,1,0.6432609947455552,5,-0.7117814564857452,0.5066328417969688,False,False,False,True,False,False,False,False,False,True,False,False,False,False,False,False,False,False,False,False,False,False,False,False,False,False,False,False,False,False,False,False,False,False,False,False,False,1.0
Kim Kardashian,7,0.07516788766788768,0.074,1,0.7747589433527677,20,-0.8572474725927834,0.7348732292667151,True,False,False,False,False,False,False,False,False,True,False,False,False,False,False,False,False,False,False,False,False,False,False,False,False,False,False,False,False,False,False,False,False,False,False,False,False,1.0
Rocco DiSpirito,7,0.08275377444785592,0.095,1,0.6593335100083102,17,0.1610146401564839,0.025925714344721996,True,False,False,False,False,False,False,False,False,True,False,False,False,False,False,False,False,False,False,False,False,False,False,False,False,False,False,False,False,False,False,False,False,False,False,False,False,1.0
Brooke Burke,7,0.18023099694907907,0.172,1,0.8725485256364116,16,-0.12991739205759248,0.016878528759046194,True,False,False,False,False,False,False,False,False,True,False,False,False,False,False,False,False,False,False,False,False,False,False,False,False,False,False,False,False,False,False,False,False,False,False,False,False,1.0
Gilles Marini,8,0.16805193319526648,0.161,0,0.788202154231313,24,-0.4208494242716688,0.1771142379097951,False,False,False,True,False,False,False,False,False,False,True,False,False,False,False,False,False,False,False,False,False,False,False,False,False,False,False,False,False,False,False,False,False,False,False,False,False,1.0
Denise Richards,8,0.07210382769239798,0.069,1,0.7646480927359787,16,-0.05718438400407338,0.0032700537739253233,False,False,False,True,False,False,False,False,False,False,True,False,False,False,False,False,False,False,False,False,False,False,False,False,False,False,False,False,False,False,False,False,False,False,False,False,False,1.0
David Alan Grier,8,0.08649988569102454,0.082,1,0.6770641890000559,13,0.9610777287451939,0.9236704006900206,False,False,False,True,False,False,False,False,False,False,True,False,False,False,False,False,False,False,False,False,False,False,False,False,False,False,False,False,False,False,False,False,False,False,False,False,False,1.0
Lawrence Taylor,8,0.08963859345744259,0.097,1,0.5958103601334004,10,0.8156117126381557,0.6652224657925454,False,False,False,False,False,False,False,False,False,False,True,False,False,False,False,False,False,False,False,False,False,False,False,False,False,False,False,False,False,False,False,False,False,False,False,False,False,1.0
Ty Murray,8,0.12137135515335395,0.123,1,0.6079232183637279,6,0.015548624049445712,0.00024175970983100157,False,False,False,False,False,False,False,False,False,False,True,False,False,False,False,False,False,False,False,False,False,False,False,False,False,False,False,False,False,False,False,False,False,False,False,False,False,1.0
Shawn Johnson,8,0.16247556953709436,0.161,1,0.7427589433527677,20,-1.5845775531279744,2.5108860218770386,False,False,False,False,False,False,False,False,False,False,True,False,False,False,False,False,False,False,False,False,False,False,False,False,False,False,False,False,False,False,False,False,False,False,False,False,False,1.0
Steve Wozniak,8,0.05165143534567983,0.083,1,0.6609864025702937,17,1.3974757770663084,1.9529385474870826,False,False,True,False,False,False,False,False,False,False,True,False,False,False,False,False,False,False,False,False,False,False,False,False,False,False,False,False,False,False,False,False,False,False,False,False,False,1.0
Belinda Carlisle,8,0.06894168801925615,0.069,1,0.5753474607879703,6,0.8156117126381557,0.6652224657925454,False,False,False,True,False,False,False,False,False,False,True,False,False,False,False,False,False,False,False,False,False,False,False,False,False,False,False,False,False,False,False,False,False,False,False,False,False,1.0
Chuck Wicks,8,0.11052867589864035,0.104,1,0.7430172668890008,4,-0.7117814564857452,0.5066328417969688,False,False,False,True,False,False,False,False,False,False,True,False,False,False,False,False,False,False,False,False,False,False,False,False,False,False,False,False,False,False,False,False,False,False,False,False,False,1.0
Lil' Kim,8,0.13051729839671677,0.111,1,0.8812065342944203,16,-0.34811641621814976,0.12118503924056809,False,False,False,True,False,False,False,False,False,False,True,False,False,False,False,False,False,False,False,False,False,False,False,False,False,False,False,False,False,False,False,False,False,False,False,False,False,1.0
Steve-O,8,0.0692605694485195,0.095,0,0.6887155402001007,5,-0.34811641621814976,0.12118503924056809,True,False,False,False,False,False,False,False,False,False,True,False,False,False,False,False,False,False,False,False,False,False,False,False,False,False,False,False,False,False,False,False,False,False,False,False,False,1.0
Holly Madison,8,0.06876085967839185,0.076,1,0.6981650574287154,2,-0.6390484484322261,0.40838291944363553,True,False,False,False,False,False,False,False,False,False,True,False,False,False,False,False,False,False,False,False,False,False,False,False,False,False,False,False,False,False,False,False,False,False,False,False,False,1.0
Melissa Rycroft,8,0.16183834428096244,0.161,1,0.6183953069891313,20,-0.9299804806463025,0.8648636943831277,True,False,False,False,False,False,False,False,False,False,True,False,False,False,False,False,False,False,False,False,False,False,False,False,False,False,False,False,False,False,False,False,False,False,False,False,False,1.0
Ashley Hamiliton,9,0.046797967676719905,0.054,1,0.6315679358909763,10,-0.34811641621814976,0.12118503924056809,False,False,False,True,False,False,False,False,False,False,False,True,False,False,False,False,False,False,False,False,False,False,False,False,False,False,False,False,False,False,False,False,False,False,False,False,False,1.0
Debi Mazar,9,0.06383581665381378,0.065,1,0.7633493914372773,16,0.4519466723705603,0.20425579466682256,False,False,False,True,False,False,False,False,False,False,False,True,False,False,False,False,False,False,False,False,False,False,False,False,False,False,False,False,False,False,False,False,False,False,False,False,False,1.0
Melissa Joan Hart,9,0.08340570391946667,0.08,1,0.7587589433527677,20,-0.4208494242716688,0.1771142379097951,False,False,False,True,False,False,False,False,False,False,False,True,False,False,False,False,False,False,False,False,False,False,False,False,False,False,False,False,False,False,False,False,False,False,False,False,False,1.0
Mark Dacascos,9,0.09379370752241221,0.086,1,0.6732609947455552,5,0.4519466723705603,0.20425579466682256,False,False,False,True,False,False,False,False,False,False,False,True,False,False,False,False,False,False,False,False,False,False,False,False,False,False,False,False,False,False,False,False,False,False,False,False,False,1.0
Chuck Liddell,9,0.06373816568932587,0.073,1,0.5700527843758247,10,0.015548624049445712,0.00024175970983100157,False,False,False,False,False,False,False,False,False,False,False,True,False,False,False,False,False,False,False,False,False,False,False,False,False,False,False,False,False,False,False,False,False,False,False,False,False,1.0
Natalie Coughlin,9,0.08575772847524672,0.078,1,0.5763506002223342,4,-0.8572474725927834,0.7348732292667151,False,False,False,False,False,False,False,False,False,False,False,True,False,False,False,False,False,False,False,False,False,False,False,False,False,False,False,False,False,False,False,False,False,False,False,False,False,1.0
Louie Vito,9,0.076330044655011,0.08,1,0.6360223919174468,6,-1.293645520913898,1.6735187337805904,False,False,False,False,False,False,False,False,False,False,False,True,False,False,False,False,False,False,False,False,False,False,False,False,False,False,False,False,False,False,False,False,False,False,False,False,False,1.0
Michael Irvin,9,0.07721422784684509,0.087,1,0.6774310804002015,0,0.3064806562635221,0.09393039266371919,False,False,False,False,False,False,False,False,False,False,False,True,False,False,False,False,False,False,False,False,False,False,False,False,False,False,False,False,False,False,False,False,False,False,False,False,False,1.0
Joanna Krupa,9,0.13269843738143738,0.113,0,0.8773104303983164,16,-0.6390484484322261,0.40838291944363553,False,True,False,False,False,False,False,False,False,False,False,True,False,False,False,False,False,False,False,False,False,False,False,False,False,False,False,False,False,False,False,False,False,False,False,False,False,1.0
Kathy Ireland,9,0.05524276068324306,0.064,1,0.6503953069891313,20,0.5246796804240793,0.275288767049914,False,True,False,False,False,False,False,False,False,False,False,True,False,False,False,False,False,False,False,False,False,False,False,False,False,False,False,False,False,False,False,False,False,False,False,False,False,1.0
Tom DeLay,9,0.01686250562502071,0.066,1,0.788202154231313,24,1.688407809280385,2.8507209304389884,False,False,True,False,False,False,False,False,False,False,False,True,False,False,False,False,False,False,False,False,False,False,False,False,False,False,False,False,False,False,False,False,False,False,False,False,False,1.0
Macy Gray,9,0.046797967676719905,0.054,1,0.5827854773168959,6,0.233747648210003,0.05463796304370731,False,False,False,True,False,False,False,False,False,False,False,True,False,False,False,False,False,False,False,False,False,False,False,False,False,False,False,False,False,False,False,False,False,False,False,False,False,1.0
Aaron Carter,9,0.1117953991912514,0.101,1,0.6411516918264919,17,-1.293645520913898,1.6735187337805904,False,False,False,True,False,False,False,False,False,False,False,True,False,False,False,False,False,False,False,False,False,False,False,False,False,False,False,False,False,False,False,False,False,False,False,False,False,1.0
Mya,9,0.16069089450030988,0.156,1,0.6072559665196244,2,-0.7117814564857452,0.5066328417969688,False,False,False,True,False,False,False,False,False,False,False,True,False,False,False,False,False,False,False,False,False,False,False,False,False,False,False,False,False,False,False,False,False,False,False,False,False,1.0
Donny Osmond,9,0.15000757980423837,0.156,1,0.6467611586970256,13,0.8883447206916748,0.7891563427807697,False,False,False,True,False,False,False,False,False,False,False,True,False,False,False,False,False,False,False,False,False,False,False,False,False,False,False,False,False,False,False,False,False,False,False,False,False,1.0
Kelly Osbourne,9,0.14009408198947915,0.156,0,0.6093962187192591,10,-1.0754464967533406,1.156585167379033,True,False,False,False,False,False,False,False,False,False,False,True,False,False,False,False,False,False,False,False,False,False,False,False,False,False,False,False,False,False,False,False,False,False,False,False,False,1.0
Aiden Turner,10,0.08640123146038634,0.093,0,0.6115679358909762,10,-0.49358243232518795,0.24362361750004874,False,False,False,True,False,False,False,False,False,False,False,False,True,False,False,False,False,False,False,False,False,False,False,False,False,False,False,False,False,False,False,False,False,False,False,False,False,1.0
Shannen Doherty,10,0.08851674641148326,0.07,1,0.7747589433527677,20,-0.05718438400407338,0.0032700537739253233,False,False,False,True,False,False,False,False,False,False,False,False,True,False,False,False,False,False,False,False,False,False,False,False,False,False,False,False,False,False,False,False,False,False,False,False,False,1.0
Niecy Nash,10,0.1172533280542755,0.12,1,0.6227295520525924,10,0.0882816321029648,0.007793646566763225,False,False,False,True,False,False,False,False,False,False,False,False,True,False,False,False,False,False,False,False,False,False,False,False,False,False,False,False,False,False,False,False,False,False,False,False,False,1.0
Buzz Aldrin,10,0.061856836448487995,0.1,1,0.6483944252501259,3,2.9976019542437284,8.98561747608582,False,False,True,False,False,False,False,False,False,False,False,False,True,False,False,False,False,False,False,False,False,False,False,False,False,False,False,False,False,False,False,False,False,False,False,False,False,1.0
Chad Ochocinco,10,0.13372228059886335,0.13,1,0.791650430093382,24,-0.49358243232518795,0.24362361750004874,False,False,False,False,False,False,False,False,False,False,False,False,True,False,False,False,False,False,False,False,False,False,False,False,False,False,False,False,False,False,False,False,False,False,False,False,False,1.0
Evan Lysacek,10,0.17420856203742477,0.172,1,0.5300527843758247,10,-1.0754464967533406,1.156585167379033,False,False,False,False,False,False,False,False,False,False,False,False,True,False,False,False,False,False,False,False,False,False,False,False,False,False,False,False,False,False,False,False,False,False,False,False,False,1.0
Pamela Anderson,10,0.12278942800801977,0.112,0,0.6774310804002015,0,0.233747648210003,0.05463796304370731,False,True,False,False,False,False,False,False,False,False,False,False,True,False,False,False,False,False,False,False,False,False,False,False,False,False,False,False,False,False,False,False,False,False,False,False,False,1.0
Nicole Scherzinger,10,0.18508565666684257,0.172,1,0.8725485256364116,16,-0.5663154403787071,0.3207131780113289,False,False,False,True,False,False,False,False,False,False,False,False,True,False,False,False,False,False,False,False,False,False,False,False,False,False,False,False,False,False,False,False,False,False,False,False,False,1.0
Erin Andrews,10,0.1661166553153899,0.172,1,0.7300160581039441,16,-0.49358243232518795,0.24362361750004874,False,False,False,False,False,False,False,False,False,False,False,False,True,False,False,False,False,False,False,False,False,False,False,False,False,False,False,False,False,False,False,False,False,False,False,False,False,1.0
Kate Gosselin,10,0.07831740786108052,0.099,1,0.6383953069891313,20,-0.27538340816463064,0.07583602149236755,True,False,False,False,False,False,False,False,False,False,False,False,True,False,False,False,False,False,False,False,False,False,False,False,False,False,False,False,False,False,False,False,False,False,False,False,False,1.0
Jake Pavelka,10,0.10750702443465611,0.104,1,0.6360223919174468,6,-0.49358243232518795,0.24362361750004874,True,False,False,False,False,False,False,False,False,False,False,False,True,False,False,False,False,False,False,False,False,False,False,False,False,False,False,False,False,False,False,False,False,False,False,False,False,1.0
David Hasselhoff,11,0.06607929515418502,0.074,1,0.6967611586970257,13,1.3974757770663084,1.9529385474870826,False,False,False,True,False,False,False,False,False,False,False,False,False,True,False,False,False,False,False,False,False,False,False,False,False,False,False,False,False,False,False,False,False,False,False,False,False,1.0
Florence Henderson,11,0.09378314418668462,0.098,1,0.6645259003335012,1,2.706669922029652,7.326062066820002,False,False,False,True,False,False,False,False,False,False,False,False,False,True,False,False,False,False,False,False,False,False,False,False,False,False,False,False,False,False,False,False,False,False,False,False,False,1.0
Kyle Massey,11,0.16271856307473428,0.171,1,0.6432609947455552,5,-1.4391115370209362,2.0710420159867615,False,False,False,True,False,False,False,False,False,False,False,False,False,True,False,False,False,False,False,False,False,False,False,False,False,False,False,False,False,False,False,False,False,False,False,False,False,1.0
Jennifer Grey,11,0.1771564593352613,0.171,1,0.8725485256364116,16,0.8156117126381557,0.6652224657925454,False,False,False,True,False,False,False,False,False,False,False,False,False,True,False,False,False,False,False,False,False,False,False,False,False,False,False,False,False,False,False,False,False,False,False,False,False,1.0
Rick Fox,11,0.12167693437740555,0.11,0,0.7985469818175199,24,0.1610146401564839,0.025925714344721996,False,False,False,False,False,False,False,False,False,False,False,False,False,True,False,False,False,False,False,False,False,False,False,False,False,False,False,False,False,False,False,False,False,False,False,False,False,1.0
Kurt Warner,11,0.12061418931402332,0.125,1,0.5433861177091581,10,0.015548624049445712,0.00024175970983100157,False,False,False,False,False,False,False,False,False,False,False,False,False,True,False,False,False,False,False,False,False,False,False,False,False,False,False,False,False,False,False,False,False,False,False,False,False,1.0
Margaret Cho,11,0.07632507425199832,0.087,1,0.6560628853859257,10,0.1610146401564839,0.025925714344721996,False,False,False,True,False,False,False,False,False,False,False,False,False,True,False,False,False,False,False,False,False,False,False,False,False,False,False,False,False,False,False,False,False,False,False,False,False,1.0
Michael Bolton,11,0.06239161201586701,0.081,1,0.6723860282810832,6,1.3247427690127893,1.7549434040516725,False,False,False,True,False,False,False,False,False,False,False,False,False,True,False,False,False,False,False,False,False,False,False,False,False,False,False,False,False,False,False,False,False,False,False,False,False,1.0
Brandy,11,0.15571542180078643,0.129,1,0.7347779628658488,16,-0.5663154403787071,0.3207131780113289,False,False,False,True,False,False,False,False,False,False,False,False,False,True,False,False,False,False,False,False,False,False,False,False,False,False,False,False,False,False,False,False,False,False,False,False,False,1.0
The Situation,11,0.07905932175361109,0.092,1,0.6593335100083102,17,-0.7845144645392643,0.6154629450713286,True,False,False,False,False,False,False,False,False,False,False,False,False,True,False,False,False,False,False,False,False,False,False,False,False,False,False,False,False,False,False,False,False,False,False,False,False,1.0
Audrina Patridge,11,0.11914567876486022,0.097,1,0.6343953069891313,20,-1.0027134886998217,1.0054343404205675,True,False,False,False,False,False,False,False,False,False,False,False,False,True,False,False,False,False,False,False,False,False,False,False,False,False,False,False,False,False,False,False,False,False,False,False,False,1.0
Bristol Palin,11,0.1463294102059998,0.171,1,0.7427589433527677,20,-1.4391115370209362,2.0710420159867615,True,False,False,False,False,False,False,False,False,False,False,False,False,True,False,False,False,False,False,False,False,False,False,False,False,False,False,False,False,False,False,False,False,False,False,False,False,1.0
Ralph Macchio,12,0.13729271332095105,0.131,1,0.6366062372810375,17,0.7428787045846367,0.5518687697253479,False,False,False,True,False,False,False,False,False,False,False,False,False,False,True,False,False,False,False,False,False,False,False,False,False,False,False,False,False,False,False,False,False,False,False,False,False,1.0
Chelsea Kane,12,0.17396818438865877,0.172,1,0.7427589433527677,20,-1.2209125128603788,1.4906273640590446,False,False,False,True,False,False,False,False,False,False,False,False,False,False,True,False,False,False,False,False,False,False,False,False,False,False,False,False,False,False,False,False,False,False,False,False,False,1.0
Kirstie Alley,12,0.15850267869054857,0.172,1,0.7300160581039441,16,1.5429417931733467,2.3806693771209826,False,False,False,True,False,False,False,False,False,False,False,False,False,False,True,False,False,False,False,False,False,False,False,False,False,False,False,False,False,False,False,False,False,False,False,False,False,1.0
Hines Ward,12,0.1713060238120397,0.172,0,0.6467611586970256,13,-0.27538340816463064,0.07583602149236755,False,False,False,False,False,False,False,False,False,False,False,False,False,False,True,False,False,False,False,False,False,False,False,False,False,False,False,False,False,False,False,False,False,False,False,False,False,1.0
Sugar Ray Leonard,12,0.0890572497666218,0.092,1,0.5700527843758247,10,1.1065437448522322,1.224439059271602,False,False,False,False,False,False,False,False,False,False,False,False,False,False,True,False,False,False,False,False,False,False,False,False,False,False,False,False,False,False,False,False,False,False,False,False,False,1.0
Chris Jericho,12,0.11071551473871998,0.104,1,0.8019952576795888,24,0.0882816321029648,0.007793646566763225,False,False,False,False,False,False,False,False,False,False,False,False,False,False,True,False,False,False,False,False,False,False,False,False,False,False,False,False,False,False,False,False,False,False,False,False,False,1.0
Petra Nemcova,12,0.10243296645431384,0.099,0,0.6786845379481958,2,-0.5663154403787071,0.3207131780113289,False,True,False,False,False,False,False,False,False,False,False,False,False,False,True,False,False,False,False,False,False,False,False,False,False,False,False,False,False,False,False,False,False,False,False,False,False,1.0
Mike Catherwood,12,0.07075281803542674,0.084,1,0.7232609947455553,5,-0.49358243232518795,0.24362361750004874,True,False,False,False,False,False,False,False,False,False,False,False,False,False,True,False,False,False,False,False,False,False,False,False,False,False,False,False,False,False,False,False,False,False,False,False,False,1.0
Romeo,12,0.13151308977541798,0.118,1,0.6178405737356287,6,-1.293645520913898,1.6735187337805904,False,False,False,True,False,False,False,False,False,False,False,False,False,False,True,False,False,False,False,False,False,False,False,False,False,False,False,False,False,False,False,False,False,False,False,False,False,1.0
Wendy Williams,12,0.07214333729639161,0.089,1,0.6463953069891312,20,0.5246796804240793,0.275288767049914,True,False,False,False,False,False,False,False,False,False,False,False,False,False,True,False,False,False,False,False,False,False,False,False,False,False,False,False,False,False,False,False,False,False,False,False,False,1.0
Kendra Wilkinson,12,0.11198134646646023,0.113,1,0.629396218719259,10,-1.0027134886998217,1.0054343404205675,True,False,False,False,False,False,False,False,False,False,False,False,False,False,True,False,False,False,False,False,False,False,False,False,False,False,False,False,False,False,False,False,False,False,False,False,False,1.0
Elisabetta Canalis,13,0.0816474137752888,0.078,0,0.8095864667536671,18,-0.4208494242716688,0.1771142379097951,False,False,False,True,False,False,False,False,False,False,False,False,False,False,False,True,False,False,False,False,False,False,False,False,False,False,False,False,False,False,False,False,False,False,False,False,False,1.0
David Arquette,13,0.11527470911506839,0.111,1,0.6634278253636924,13,0.0882816321029648,0.007793646566763225,False,False,False,True,False,False,False,False,False,False,False,False,False,False,False,True,False,False,False,False,False,False,False,False,False,False,False,False,False,False,False,False,False,False,False,False,False,1.0
Ricki Lake,13,0.17460649887765328,0.171,1,0.8725485256364116,16,0.233747648210003,0.05463796304370731,False,False,False,True,False,False,False,False,False,False,False,False,False,False,False,True,False,False,False,False,False,False,False,False,False,False,False,False,False,False,False,False,False,False,False,False,False,1.0
J.R. Martinez,13,0.1722882330557043,0.171,1,0.6320607827355829,17,-0.7845144645392643,0.6154629450713286,False,False,False,True,False,False,False,False,False,False,False,False,False,False,False,True,False,False,False,False,False,False,False,False,False,False,False,False,False,False,False,False,False,False,False,False,False,1.0
Metta World Peace (Ron),13,0.06451612903225806,0.074,1,0.6873622460383306,14,-0.5663154403787071,0.3207131780113289,False,False,False,False,False,False,False,False,False,False,False,False,False,False,False,True,False,False,False,False,False,False,False,False,False,False,False,False,False,False,False,False,False,False,False,False,False,1.0
Hope Solo,13,0.13604297250086408,0.129,1,0.7347779628658488,16,-0.6390484484322261,0.40838291944363553,False,False,False,False,False,False,False,False,False,False,False,False,False,False,False,True,False,False,False,False,False,False,False,False,False,False,False,False,False,False,False,False,False,False,False,False,False,1.0
Chynna Phillips,13,0.10143400057910978,0.092,1,0.6423953069891312,20,0.3064806562635221,0.09393039266371919,False,False,False,True,False,False,False,False,False,False,False,False,False,False,False,True,False,False,False,False,False,False,False,False,False,False,False,False,False,False,False,False,False,False,False,False,False,1.0
Kristin Cavallari,13,0.09582604499720848,0.081,1,0.7707589433527677,20,-1.0754464967533406,1.156585167379033,True,False,False,False,False,False,False,False,False,False,False,False,False,False,False,True,False,False,False,False,False,False,False,False,False,False,False,False,False,False,False,False,False,False,False,False,False,1.0
Carson Kressley,13,0.09057250516155449,0.098,1,0.563386117709158,10,0.1610146401564839,0.025925714344721996,True,False,False,False,False,False,False,False,False,False,False,False,False,False,False,True,False,False,False,False,False,False,False,False,False,False,False,False,False,False,False,False,False,False,False,False,False,1.0
Chaz Bono,13,0.0928603321090653,0.108,1,0.6832609947455552,5,0.233747648210003,0.05463796304370731,True,False,False,False,False,False,False,False,False,False,False,False,False,False,False,True,False,False,False,False,False,False,False,False,False,False,False,False,False,False,False,False,False,False,False,False,False,1.0
Nancy Grace,13,0.11733044931434675,0.119,1,0.6056435295152635,4,0.8883447206916748,0.7891563427807697,True,False,False,False,False,False,False,False,False,False,False,False,False,False,False,True,False,False,False,False,False,False,False,False,False,False,False,False,False,False,False,False,False,False,False,False,False,1.0
Rob Kardashian,13,0.16300497574853307,0.171,1,0.788202154231313,24,-1.0754464967533406,1.156585167379033,True,False,False,False,False,False,False,False,False,False,False,False,False,False,False,True,False,False,False,False,False,False,False,False,False,False,False,False,False,False,False,False,False,False,False,False,False,1.0
William Levy,14,0.15482351509526326,0.161,0,0.788202154231313,24,-0.5663154403787071,0.3207131780113289,False,False,False,True,False,False,False,False,False,False,False,False,False,False,False,False,True,False,False,False,False,False,False,False,False,False,False,False,False,False,False,False,False,False,False,False,False,1.0
Jack Wagner,14,0.08298879513253739,0.082,1,0.5767194510424913,10,0.9610777287451939,0.9236704006900206,False,False,False,True,False,False,False,False,False,False,False,False,False,False,False,False,True,False,False,False,False,False,False,False,False,False,False,False,False,False,False,False,False,False,False,False,False,1.0
Sherri Sheperd,14,0.0866325212500843,0.086,1,0.800890814579754,18,0.3792136643170412,0.14380300320475758,False,False,False,True,False,False,False,False,False,False,False,False,False,False,False,False,True,False,False,False,False,False,False,False,False,False,False,False,False,False,False,False,False,False,False,False,False,1.0
Jaleel White,14,0.1073292713535083,0.098,1,0.6634278253636924,13,-0.27538340816463064,0.07583602149236755,False,False,False,True,False,False,False,False,False,False,False,False,False,False,False,False,True,False,False,False,False,False,False,False,False,False,False,False,False,False,False,False,False,False,False,False,False,1.0
Roshon Fegan,14,0.11503180411701953,0.102,1,0.6178405737356287,6,-1.366378528967417,1.8669902844231625,False,False,False,True,False,False,False,False,False,False,False,False,False,False,False,False,True,False,False,False,False,False,False,False,False,False,False,False,False,False,False,False,False,False,False,False,False,1.0
Melissa Gilbert,14,0.10282706076596482,0.104,1,0.7395398676277536,16,0.5974126884775984,0.35690192035403207,False,False,False,True,False,False,False,False,False,False,False,False,False,False,False,False,True,False,False,False,False,False,False,False,False,False,False,False,False,False,False,False,False,False,False,False,False,1.0
Martina Navratilova,14,0.06863555004818944,0.078,0,0.6503953069891313,20,1.1792767529057513,1.3906936599439323,False,False,False,False,False,False,False,False,False,False,False,False,False,False,False,False,True,False,False,False,False,False,False,False,False,False,False,False,False,False,False,False,False,False,False,False,False,1.0
Donald Driver,14,0.15205779859660243,0.161,1,0.6399938249856989,14,-0.12991739205759248,0.016878528759046194,False,False,False,False,False,False,False,False,False,False,False,False,False,False,False,False,True,False,False,False,False,False,False,False,False,False,False,False,False,False,False,False,False,False,False,False,False,1.0
Gavin DeGraw,14,0.08427782984197218,0.09,1,0.6547880554628557,17,-0.27538340816463064,0.07583602149236755,False,False,False,True,False,False,False,False,False,False,False,False,False,False,False,False,True,False,False,False,False,False,False,False,False,False,False,False,False,False,False,False,False,False,False,False,False,1.0
Gladys Knight,14,0.08643435749142352,0.095,1,0.6278657517374857,4,2.0520728495479803,4.211002979851968,False,False,False,True,False,False,False,False,False,False,False,False,False,False,False,False,True,False,False,False,False,False,False,False,False,False,False,False,False,False,False,False,False,False,False,False,False,1.0
Katherine Jenkins,14,0.15747877316028897,0.161,0,0.7427589433527677,20,-0.5663154403787071,0.3207131780113289,False,False,False,True,False,False,False,False,False,False,False,False,False,False,False,False,True,False,False,False,False,False,False,False,False,False,False,False,False,False,False,False,False,False,False,False,False,1.0
Maria Menounos,14,0.1321622720319212,0.119,1,0.8773104303983164,16,-0.4208494242716688,0.1771142379097951,True,False,False,False,False,False,False,False,False,False,False,False,False,False,False,False,True,False,False,False,False,False,False,False,False,False,False,False,False,False,False,False,False,False,False,False,False,1.0
Gilles Marini,15,0.1159897448583239,0.104,0,0.6505201407751726,14,-0.20265040011111157,0.04106718466519361,False,False,False,True,False,False,False,False,False,False,False,False,False,False,False,False,False,True,False,False,False,False,False,False,False,False,False,False,False,False,False,False,False,False,False,False,False,1.0
Sabrina Bryan,15,0.10701260959784274,0.097,1,0.6360628853859258,10,-0.7845144645392643,0.6154629450713286,False,False,False,True,False,False,False,False,False,False,False,False,False,False,False,False,False,True,False,False,False,False,False,False,False,False,False,False,False,False,False,False,False,False,False,False,False,1.0
Kirstie Alley,15,0.10098787047989036,0.104,1,0.7395398676277536,16,1.6156748012268658,2.6104050633194724,False,False,False,True,False,False,False,False,False,False,False,False,False,False,False,False,False,True,False,False,False,False,False,False,False,False,False,False,False,False,False,False,False,False,False,False,False,1.0
Kelly Monaco,15,0.14228996387720003,0.158,1,0.7748038580580148,18,-0.20265040011111157,0.04106718466519361,False,False,False,True,False,False,False,False,False,False,False,False,False,False,False,False,False,True,False,False,False,False,False,False,False,False,False,False,False,False,False,False,False,False,False,False,False,1.0
Apolo Anton Ohno,15,0.12371348609950195,0.109,1,0.6366062372810375,17,-0.6390484484322261,0.40838291944363553,False,False,False,False,False,False,False,False,False,False,False,False,False,False,False,False,False,True,False,False,False,False,False,False,False,False,False,False,False,False,False,False,False,False,False,False,False,1.0
Emmitt Smith,15,0.12168099313699424,0.11,1,0.791650430093382,24,0.3064806562635221,0.09393039266371919,False,False,False,False,False,False,False,False,False,False,False,False,False,False,False,False,False,True,False,False,False,False,False,False,False,False,False,False,False,False,False,False,False,False,False,False,False,1.0
Shawn Johnson,15,0.1476464633378679,0.158,1,0.8725485256364116,16,-1.366378528967417,1.8669902844231625,False,False,False,False,False,False,False,False,False,False,False,False,False,False,False,False,False,True,False,False,False,False,False,False,False,False,False,False,False,False,False,False,False,False,False,False,False,1.0
Pamela Anderson,15,0.06148282097649186,0.069,0,0.6834213072930413,4,0.4519466723705603,0.20425579466682256,False,True,False,False,False,False,False,False,False,False,False,False,False,False,False,False,False,True,False,False,False,False,False,False,False,False,False,False,False,False,False,False,False,False,False,False,False,1.0
Helio Castroneves,15,0.08427254579699713,0.077,0,0.6632951191901741,6,-0.12991739205759248,0.016878528759046194,False,False,True,False,False,False,False,False,False,False,False,False,False,False,False,False,False,True,False,False,False,False,False,False,False,False,False,False,False,False,False,False,False,False,False,False,False,1.0
Joey Fatone,15,0.07783139397751396,0.07,1,0.6912056031414702,13,-0.27538340816463064,0.07583602149236755,False,False,False,True,False,False,False,False,False,False,False,False,False,False,False,False,False,True,False,False,False,False,False,False,False,False,False,False,False,False,False,False,False,False,False,False,False,1.0
Drew Lachey,15,0.08187011991161847,0.077,1,0.5767194510424913,10,-0.20265040011111157,0.04106718466519361,False,False,False,True,False,False,False,False,False,False,False,False,False,False,False,False,False,True,False,False,False,False,False,False,False,False,False,False,False,False,False,False,False,False,False,False,False,1.0
Bristol Palin,15,0.07905262310336751,0.09,1,0.7667589433527677,20,-1.293645520913898,1.6735187337805904,True,False,False,False,False,False,False,False,False,False,False,False,False,False,False,False,False,True,False,False,False,False,False,False,False,False,False,False,False,False,False,False,False,False,False,False,False,1.0
Melissa Rycroft,15,0.14824047359572481,0.158,1,0.6183953069891313,20,-0.7117814564857452,0.5066328417969688,True,False,False,False,False,False,False,False,False,False,False,False,False,False,False,False,False,True,False,False,False,False,False,False,False,False,False,False,False,False,False,False,False,False,False,False,False,1.0
Ingo Rademacher,16,0.11721108137740877,0.115,0,0.6523167142525811,13,0.1610146401564839,0.025925714344721996,False,False,False,True,False,False,False,False,False,False,False,False,False,False,False,False,False,False,True,False,False,False,False,False,False,False,False,False,False,False,False,False,False,False,False,False,False,1.0
Zendaya,16,0.15130890213155446,0.141,1,0.7748038580580148,18,-1.6573105611814933,2.7466782962037164,False,False,False,True,False,False,False,False,False,False,False,False,False,False,False,False,False,False,True,False,False,False,False,False,False,False,False,False,False,False,False,False,False,False,False,False,False,1.0
Dorothy Hamill,16,0.015317846660462453,0.078,1,0.5834213072930412,4,1.2520097609592702,1.567528441537289,False,False,False,False,False,False,False,False,False,False,False,False,False,False,False,False,False,False,True,False,False,False,False,False,False,False,False,False,False,False,False,False,False,False,False,False,False,1.0
Victor Ortiz,16,0.08953033773671344,0.095,1,0.7702224998543289,9,-0.9299804806463025,0.8648636943831277,False,False,False,False,False,False,False,False,False,False,False,False,False,False,False,False,False,False,True,False,False,False,False,False,False,False,False,False,False,False,False,False,False,False,False,False,False,1.0
Alexandra Raisman,16,0.14770808632004728,0.14,1,0.7427589433527677,20,-1.5118445450744553,2.285673928471387,False,False,False,False,False,False,False,False,False,False,False,False,False,False,False,False,False,False,True,False,False,False,False,False,False,False,False,False,False,False,False,False,False,False,False,False,False,1.0
Jacoby Jones,16,0.1405621491091962,0.142,1,0.6320607827355829,17,-0.7845144645392643,0.6154629450713286,False,False,False,False,False,False,False,False,False,False,False,False,False,False,False,False,False,False,True,False,False,False,False,False,False,False,False,False,False,False,False,False,False,False,False,False,False,1.0
D. L. Hughley,16,0.07318702828065769,0.09,1,0.8054435335416579,24,0.8156117126381557,0.6652224657925454,False,False,False,True,False,False,False,False,False,False,False,False,False,False,False,False,False,False,True,False,False,False,False,False,False,False,False,False,False,False,False,False,False,False,False,False,False,1.0
Andy Dick,16,0.08844613681874174,0.101,1,0.7002965122323792,13,0.5974126884775984,0.35690192035403207,False,False,False,True,False,False,False,False,False,False,False,False,False,False,False,False,False,False,True,False,False,False,False,False,False,False,False,False,False,False,False,False,False,False,False,False,False,1.0
Wynonna Judd,16,0.07206766925709625,0.082,1,0.6463953069891312,20,0.6701456965311176,0.4490952545791767,False,False,False,True,False,False,False,False,False,False,False,False,False,False,False,False,False,False,True,False,False,False,False,False,False,False,False,False,False,False,False,False,False,False,False,False,False,1.0
Kellie Pickler,16,0.14896795040116634,0.141,1,0.8725485256364116,16,-0.9299804806463025,0.8648636943831277,False,False,False,True,False,False,False,False,False,False,False,False,False,False,False,False,False,False,True,False,False,False,False,False,False,False,False,False,False,False,False,False,False,False,False,False,False,1.0
Lisa Vanderpump,16,0.0805230272451753,0.086,0,0.6169509119418299,12,0.9610777287451939,0.9236704006900206,True,False,False,False,False,False,False,False,False,False,False,False,False,False,False,False,False,False,True,False,False,False,False,False,False,False,False,False,False,False,False,False,False,False,False,False,False,1.0
Sean Lowe,16,0.10573945988403785,0.107,1,0.6505201407751726,14,-0.7117814564857452,0.5066328417969688,True,False,False,False,False,False,False,False,False,False,False,False,False,False,False,False,False,False,True,False,False,False,False,False,False,False,False,False,False,False,False,False,False,False,False,False,False,1.0
Valerie Harper,17,0.07303857163909867,0.086,1,0.6541283780001119,4,2.561203905922614,6.5597654477132545,False,False,False,True,False,False,False,False,False,False,False,False,False,False,False,False,False,False,False,True,False,False,False,False,False,False,False,False,False,False,False,False,False,False,False,False,False,1.0
Brant Daugherty,17,0.11066000010373848,0.103,1,0.6543478919713449,14,-0.7845144645392643,0.6154629450713286,False,False,False,True,False,False,False,False,False,False,False,False,False,False,False,False,False,False,False,True,False,False,False,False,False,False,False,False,False,False,False,False,False,False,False,False,False,1.0
Elizabeth Berkley Lauren,17,0.11986072807932599,0.109,1,0.7827089963979358,18,0.015548624049445712,0.00024175970983100157,False,False,False,True,False,False,False,False,False,False,False,False,False,False,False,False,False,False,False,True,False,False,False,False,False,False,False,False,False,False,False,False,False,False,False,False,False,1.0
Leah Remini,17,0.12050844297851766,0.118,1,0.6220316706254949,20,0.3064806562635221,0.09393039266371919,False,False,False,True,False,False,False,False,False,False,False,False,False,False,False,False,False,False,False,True,False,False,False,False,False,False,False,False,False,False,False,False,False,False,False,False,False,1.0
Corbin Bleu,17,0.1445775743332681,0.139,1,0.6320607827355829,17,-1.0754464967533406,1.156585167379033,False,False,False,True,False,False,False,False,False,False,False,False,False,False,False,False,False,False,False,True,False,False,False,False,False,False,False,False,False,False,False,False,False,False,False,False,False,1.0
Amber Riley,17,0.14483559598087672,0.139,1,0.8725485256364116,16,-0.8572474725927834,0.7348732292667151,False,False,False,True,False,False,False,False,False,False,False,False,False,False,False,False,False,False,False,True,False,False,False,False,False,False,False,False,False,False,False,False,False,False,False,False,False,1.0
Keyshawn Johnson,17,0.06703771146616541,0.078,1,0.729084391020258,13,0.1610146401564839,0.025925714344721996,False,False,False,False,False,False,False,False,False,False,False,False,False,False,False,False,False,False,False,True,False,False,False,False,False,False,False,False,False,False,False,False,False,False,False,False,False,1.0
Bill Engvall,17,0.1184859309057417,0.14,1,0.6460496892919696,15,1.2520097609592702,1.567528441537289,False,False,False,True,False,False,False,False,False,False,False,False,False,False,False,False,False,False,False,True,False,False,False,False,False,False,False,False,False,False,False,False,False,False,False,False,False,1.0
Christina Milian,17,0.1004596011349527,0.088,1,0.7645771251709494,20,-0.5663154403787071,0.3207131780113289,False,False,False,True,False,False,False,False,False,False,False,False,False,False,False,False,False,False,False,True,False,False,False,False,False,False,False,False,False,False,False,False,False,False,False,False,False,1.0
"Nicole ""Snooki"" Polizzi",17,0.104428159654823,0.099,0,0.820598727776578,11,-1.0027134886998217,1.0054343404205675,True,False,False,False,False,False,False,False,False,False,False,False,False,False,False,False,False,False,False,True,False,False,False,False,False,False,False,False,False,False,False,False,False,False,False,False,False,1.0
Jack Osbourne,17,0.13664833618451577,0.139,0,0.788202154231313,24,-0.8572474725927834,0.7348732292667151,True,False,False,False,False,False,False,False,False,False,False,False,False,False,False,False,False,False,False,True,False,False,False,False,False,False,False,False,False,False,False,False,False,False,False,False,False,1.0
Bill Nye,17,0.060447457491768636,0.082,1,0.6774310804002015,0,1.3247427690127893,1.7549434040516725,True,False,False,False,False,False,False,False,False,False,False,False,False,False,False,False,False,False,False,True,False,False,False,False,False,False,False,False,False,False,False,False,False,False,False,False,False,1.0
Billy Dee Williams,18,0.011872731823301213,0.08,1,0.6460496892919696,15,2.706669922029652,7.326062066820002,False,False,False,True,False,False,False,False,False,False,False,False,False,False,False,False,False,False,False,False,True,False,False,False,False,False,False,False,False,False,False,False,False,False,False,False,False,1.0
Danica McKellar,18,0.12158438923199373,0.112,1,0.7834995102319278,18,0.015548624049445712,0.00024175970983100157,False,False,False,True,False,False,False,False,False,False,False,False,False,False,False,False,False,False,False,False,True,False,False,False,False,False,False,False,False,False,False,False,False,False,False,False,False,1.0
James Maslow,18,0.14140419114950215,0.142,1,0.6399938249856989,14,-1.1481795048068597,1.3183161752585255,False,False,False,True,False,False,False,False,False,False,False,False,False,False,False,False,False,False,False,False,True,False,False,False,False,False,False,False,False,False,False,False,False,False,False,False,False,1.0
Candace Cameron Bure,18,0.13215879747780826,0.148,1,0.7427589433527677,20,-0.12991739205759248,0.016878528759046194,False,False,False,True,False,False,False,False,False,False,False,False,False,False,False,False,False,False,False,False,True,False,False,False,False,False,False,False,False,False,False,False,False,False,False,False,False,1.0
Sean Avery,18,0.08120072581654361,0.076,0,0.6684244190992193,17,-0.4208494242716688,0.1771142379097951,False,False,False,False,False,False,False,False,False,False,False,False,False,False,False,False,False,False,False,False,True,False,False,False,False,False,False,False,False,False,False,False,False,False,False,False,False,1.0
Diana Nyad,18,0.03435114503816794,0.068,1,0.6774310804002015,0,1.833873825387423,3.3630932074411004,False,False,False,False,False,False,False,False,False,False,False,False,False,False,False,False,False,False,False,False,True,False,False,False,False,False,False,False,False,False,False,False,False,False,False,False,False,1.0
Charlie White,18,0.13235620355023914,0.12,1,0.6891854011212681,13,-0.9299804806463025,0.8648636943831277,False,False,False,False,False,False,False,False,False,False,False,False,False,False,False,False,False,False,False,False,True,False,False,False,False,False,False,False,False,False,False,False,False,False,False,False,False,1.0
Amy Purdy,18,0.1457977982513589,0.145,1,0.8725485256364116,16,-0.34811641621814976,0.12118503924056809,False,False,False,False,False,False,False,False,False,False,False,False,False,False,False,False,False,False,False,False,True,False,False,False,False,False,False,False,False,False,False,False,False,False,False,False,False,1.0
Meryl Davis,18,0.14889171764808434,0.145,1,0.7300160581039441,16,-0.8572474725927834,0.7348732292667151,False,False,False,False,False,False,False,False,False,False,False,False,False,False,False,False,False,False,False,False,True,False,False,False,False,False,False,False,False,False,False,False,False,False,False,False,False,1.0
Drew Carey,18,0.09570401303157694,0.104,1,0.8019952576795888,24,1.1792767529057513,1.3906936599439323,False,False,False,True,False,False,False,False,False,False,False,False,False,False,False,False,False,False,False,False,True,False,False,False,False,False,False,False,False,False,False,False,False,False,False,False,False,1.0
Cody Simpson,18,0.09932815189800702,0.095,0,0.7722662092020762,13,-1.5845775531279744,2.5108860218770386,False,False,False,True,False,False,False,False,False,False,False,False,False,False,False,False,False,False,False,False,True,False,False,False,False,False,False,False,False,False,False,False,False,False,False,False,False,1.0
NeNe Leakes,18,0.1046997301860614,0.106,1,0.6303953069891313,20,0.5246796804240793,0.275288767049914,True,False,False,False,False,False,False,False,False,False,False,False,False,False,False,False,False,False,False,False,True,False,False,False,False,False,False,False,False,False,False,False,False,False,False,False,False,1.0
Antonio Sabato Jr.,19,0.09162304333120683,0.098,0,0.800741339184291,24,0.233747648210003,0.05463796304370731,False,False,False,True,False,False,False,False,False,False,False,False,False,False,False,False,False,False,False,False,False,True,False,False,False,False,False,False,False,False,False,False,False,False,False,False,False,1.0
Jonathan Bennett,19,0.08821562591911832,0.093,1,0.6847580616137623,3,-0.4208494242716688,0.1771142379097951,False,False,False,True,False,False,False,False,False,False,False,False,False,False,False,False,False,False,False,False,False,True,False,False,False,False,False,False,False,False,False,False,False,False,False,False,False,1.0
Lea Thompson,19,0.11759815103275188,0.104,1,0.655983828786679,11,1.033810736798713,1.0687646395202979,False,False,False,True,False,False,False,False,False,False,False,False,False,False,False,False,False,False,False,False,False,True,False,False,False,False,False,False,False,False,False,False,False,False,False,False,False,1.0
Janel Parrish,19,0.143761305280546,0.138,1,0.7748038580580148,18,-1.0027134886998217,1.0054343404205675,False,False,False,True,False,False,False,False,False,False,False,False,False,False,False,False,False,False,False,False,False,True,False,False,False,False,False,False,False,False,False,False,False,False,False,False,False,1.0
Alfonso Ribeiro,19,0.14552890260806303,0.138,1,0.7444884314242984,13,0.233747648210003,0.05463796304370731,False,False,False,True,False,False,False,False,False,False,False,False,False,False,False,False,False,False,False,False,False,True,False,False,False,False,False,False,False,False,False,False,False,False,False,False,False,1.0
Lolo Jones,19,0.05913978494623656,0.069,1,0.5602007651888887,8,-0.49358243232518795,0.24362361750004874,False,False,False,False,False,False,False,False,False,False,False,False,False,False,False,False,False,False,False,False,False,True,False,False,False,False,False,False,False,False,False,False,False,False,False,False,False,1.0
Randy Couture,19,0.07811193018884001,0.08,1,0.6651186339752523,17,0.8883447206916748,0.7891563427807697,False,False,False,False,False,False,False,False,False,False,False,False,False,False,False,False,False,False,False,False,False,True,False,False,False,False,False,False,False,False,False,False,False,False,False,False,False,1.0
Tommy Chong,19,0.10524605702362493,0.117,0,0.6447785139809143,14,2.706669922029652,7.326062066820002,False,False,False,True,False,False,False,False,False,False,False,False,False,False,False,False,False,False,False,False,False,True,False,False,False,False,False,False,False,False,False,False,False,False,False,False,False,1.0
Betsey Johnson,19,0.07597237041570172,0.082,1,0.6438498524436768,20,2.415737889815576,5.835789552290612,False,False,True,False,False,False,False,False,False,False,False,False,False,False,False,False,False,False,False,False,False,True,False,False,False,False,False,False,False,False,False,False,False,False,False,False,False,1.0
Michael Waltrip,19,0.08477725968751484,0.102,1,0.6596860529283333,15,0.8883447206916748,0.7891563427807697,False,False,True,False,False,False,False,False,False,False,False,False,False,False,False,False,False,False,False,False,False,True,False,False,False,False,False,False,False,False,False,False,False,False,False,False,False,1.0
Tavis Smiley,19,0.07765252777282719,0.074,1,0.729084391020258,13,0.8156117126381557,0.6652224657925454,True,False,False,False,False,False,False,False,False,False,False,False,False,False,False,False,False,False,False,False,False,True,False,False,False,False,False,False,False,False,False,False,False,False,False,False,False,1.0
Bethany Mota,19,0.1425677695731649,0.138,1,0.8725485256364116,16,-1.5118445450744553,2.285673928471387,True,False,False,False,False,False,False,False,False,False,False,False,False,False,False,False,False,False,False,False,False,True,False,False,False,False,False,False,False,False,False,False,False,False,False,False,False,1.0
Sadie Robertson,19,0.13974318812136144,0.138,1,0.7427589433527677,20,-1.5845775531279744,2.5108860218770386,True,False,False,False,False,False,False,False,False,False,False,False,False,False,False,False,False,False,False,False,False,True,False,False,False,False,False,False,False,False,False,False,False,False,False,False,False,1.0
Suzanne Somers,20,0.08485479496157325,0.09,1,0.6383953069891313,20,2.1248058576014994,4.5147999324976436,False,False,False,True,False,False,False,False,False,False,False,False,False,False,False,False,False,False,False,False,False,False,True,False,False,False,False,False,False,False,False,False,False,False,False,False,False,1.0
Willow Shields,20,0.11367595842283913,0.094,1,0.7547589433527677,20,-1.8027765772885316,3.250003387620153,False,False,False,True,False,False,False,False,False,False,False,False,False,False,False,False,False,False,False,False,False,False,True,False,False,False,False,False,False,False,False,False,False,False,False,False,False,1.0
Riker Lynch,20,0.16011672270797797,0.161,1,0.6279398797955804,3,-1.1481795048068597,1.3183161752585255,False,False,False,True,False,False,False,False,False,False,False,False,False,False,False,False,False,False,False,False,False,False,True,False,False,False,False,False,False,False,False,False,False,False,False,False,False,1.0
Rumer Willis,20,0.15972522683450632,0.161,1,0.7748038580580148,18,-0.9299804806463025,0.8648636943831277,False,False,False,True,False,False,False,False,False,False,False,False,False,False,False,False,False,False,False,False,False,False,True,False,False,False,False,False,False,False,False,False,False,False,False,False,False,1.0
Nastia Liukin,20,0.14120356305010573,0.118,0,0.8773104303983164,16,-1.0027134886998217,1.0054343404205675,False,False,False,False,False,False,False,False,False,False,False,False,False,False,False,False,False,False,False,False,False,False,True,False,False,False,False,False,False,False,False,False,False,False,False,False,False,1.0
Michael Sam,20,0.08285941438555676,0.085,1,0.6715727723541199,14,-1.0027134886998217,1.0054343404205675,False,False,False,False,False,False,False,False,False,False,False,False,False,False,False,False,False,False,False,False,False,False,True,False,False,False,False,False,False,False,False,False,False,False,False,False,False,1.0
Robert Herjavec,20,0.10472608238101545,0.106,0,0.6578722698081366,13,0.9610777287451939,0.9236704006900206,False,False,True,False,False,False,False,False,False,False,False,False,False,False,False,False,False,False,False,False,False,False,True,False,False,False,False,False,False,False,False,False,False,False,False,False,False,1.0
Charlotte McKinney,20,0.07146596125456635,0.081,1,0.5441168491049726,8,-1.293645520913898,1.6735187337805904,False,True,False,False,False,False,False,False,False,False,False,False,False,False,False,False,False,False,False,False,False,False,True,False,False,False,False,False,False,False,False,False,False,False,False,False,False,1.0
Noah Galloway,20,0.14238857740460387,0.161,1,0.6836298455657125,13,-0.4208494242716688,0.1771142379097951,False,False,True,False,False,False,False,False,False,False,False,False,False,False,False,False,False,False,False,False,False,False,True,False,False,False,False,False,False,False,False,False,False,False,False,False,False,1.0
Redfoo,20,0.07925978286480706,0.07,1,0.6860496892919696,15,0.015548624049445712,0.00024175970983100157,False,False,False,True,False,False,False,False,False,False,False,False,False,False,False,False,False,False,False,False,False,False,True,False,False,False,False,False,False,False,False,False,False,False,False,False,False,1.0
Patti LaBelle,20,0.08957515504609354,0.095,1,0.6696201924230428,11,2.2702718737085377,5.154134380552074,False,False,False,True,False,False,False,False,False,False,False,False,False,False,False,False,False,False,False,False,False,False,True,False,False,False,False,False,False,False,False,False,False,False,False,False,False,1.0
Chris Soules,20,0.10090528536877522,0.108,1,0.7555995425354095,13,-0.4208494242716688,0.1771142379097951,True,False,False,False,False,False,False,False,False,False,False,False,False,False,False,False,False,False,False,False,False,False,True,False,False,False,False,False,False,False,False,False,False,False,False,False,False,1.0
Gary Busey,21,0.06769049371385254,0.086,1,0.5724770268000672,10,2.343004881762057,5.48967187596083,False,False,False,True,False,False,False,False,False,False,False,False,False,False,False,False,False,False,False,False,False,False,False,True,False,False,False,False,False,False,False,False,False,False,False,False,False,1.0
Alexa PenaVega,21,0.11719560467014728,0.103,1,0.750031670625495,20,-0.8572474725927834,0.7348732292667151,False,False,False,True,False,False,False,False,False,False,False,False,False,False,False,False,False,False,False,False,False,False,False,True,False,False,False,False,False,False,False,False,False,False,False,False,False,1.0
Carlos PenaVega,21,0.14491813903805556,0.142,1,0.7444884314242984,13,-0.9299804806463025,0.8648636943831277,False,False,False,True,False,False,False,False,False,False,False,False,False,False,False,False,False,False,False,False,False,False,False,True,False,False,False,False,False,False,False,False,False,False,False,False,False,1.0
Victor Espinoza,21,0.06419593345656192,0.066,0,0.6692508653802111,17,0.3064806562635221,0.09393039266371919,False,False,False,False,False,False,False,False,False,False,False,False,False,False,False,False,False,False,False,False,False,False,False,True,False,False,False,False,False,False,False,False,False,False,False,False,False,1.0
Alek Skarlatos,21,0.1322589082353661,0.146,1,0.7416510712829003,9,-1.2209125128603788,1.4906273640590446,False,False,True,False,False,False,False,False,False,False,False,False,False,False,False,False,False,False,False,False,False,False,False,True,False,False,False,False,False,False,False,False,False,False,False,False,False,1.0
Chaka Khan,21,0.053726432532347504,0.066,1,0.5532077581958816,8,1.688407809280385,2.8507209304389884,False,False,False,True,False,False,False,False,False,False,False,False,False,False,False,False,False,False,False,False,False,False,False,True,False,False,False,False,False,False,False,False,False,False,False,False,False,1.0
Andy Grammer,21,0.10695935545267986,0.102,1,0.6620307888864896,3,-0.5663154403787071,0.3207131780113289,False,False,False,True,False,False,False,False,False,False,False,False,False,False,False,False,False,False,False,False,False,False,False,True,False,False,False,False,False,False,False,False,False,False,False,False,False,1.0
Tamar Braxton,21,0.09497781956564134,0.103,1,0.7748038580580148,18,-0.05718438400407338,0.0032700537739253233,False,False,False,True,False,False,False,False,False,False,False,False,False,False,False,False,False,False,False,False,False,False,False,True,False,False,False,False,False,False,False,False,False,False,False,False,False,1.0
Nick Carter,21,0.14491209041849773,0.144,1,0.6836298455657125,13,-0.27538340816463064,0.07583602149236755,False,False,False,True,False,False,False,False,False,False,False,False,False,False,False,False,False,False,False,False,False,False,False,True,False,False,False,False,False,False,False,False,False,False,False,False,False,1.0
Hayes Grier,21,0.10122110876950975,0.097,1,0.6642315074737878,15,-1.7300435692350125,2.9930507514514213,True,False,False,False,False,False,False,False,False,False,False,False,False,False,False,False,False,False,False,False,False,False,False,True,False,False,False,False,False,False,False,False,False,False,False,False,False,1.0
Bindi Irwin,21,0.14881717924546212,0.144,0,0.8725485256364116,16,-1.5845775531279744,2.5108860218770386,True,False,False,False,False,False,False,False,False,False,False,False,False,False,False,False,False,False,False,False,False,False,False,True,False,False,False,False,False,False,False,False,False,False,False,False,False,1.0
Kim Zolciak-Biermann,21,0.010581078810283986,0.066,1,0.6183953069891313,20,-0.12991739205759248,0.016878528759046194,True,False,False,False,False,False,False,False,False,False,False,False,False,False,False,False,False,False,False,False,False,False,False,True,False,False,False,False,False,False,False,False,False,False,False,False,False,1.0
Paula Deen,21,0.0722154796135105,0.094,1,0.6396992490222894,10,2.1248058576014994,4.5147999324976436,True,False,False,False,False,False,False,False,False,False,False,False,False,False,False,False,False,False,False,False,False,False,False,True,False,False,False,False,False,False,False,False,False,False,False,False,False,1.0
Mischa Barton,22,0.06900641254857089,0.082,0,0.6883701924230428,11,-0.6390484484322261,0.40838291944363553,False,False,False,True,False,False,False,False,False,False,False,False,False,False,False,False,False,False,False,False,False,False,False,False,True,False,False,False,False,False,False,False,False,False,False,False,False,1.0
Kim Fields,22,0.09810123125504742,0.094,1,0.8166214550493054,11,0.5246796804240793,0.275288767049914,False,False,False,True,False,False,False,False,False,False,False,False,False,False,False,False,False,False,False,False,False,False,False,False,True,False,False,False,False,False,False,False,False,False,False,False,False,1.0
Jodie Sweetin,22,0.11108432157918322,0.099,1,0.5056553106434342,8,-0.34811641621814976,0.12118503924056809,False,False,False,True,False,False,False,False,False,False,False,False,False,False,False,False,False,False,False,False,False,False,False,False,True,False,False,False,False,False,False,False,False,False,False,False,False,1.0
Doug Flutie,22,0.0836034143170709,0.095,1,0.6502426009174012,17,1.033810736798713,1.0687646395202979,False,False,False,False,False,False,False,False,False,False,False,False,False,False,False,False,False,False,False,False,False,False,False,False,True,False,False,False,False,False,False,False,False,False,False,False,False,1.0
Von Miller,22,0.09862138372057457,0.094,1,0.7611550980909652,13,-0.8572474725927834,0.7348732292667151,False,False,False,False,False,False,False,False,False,False,False,False,False,False,False,False,False,False,False,False,False,False,False,False,True,False,False,False,False,False,False,False,False,False,False,False,False,1.0
Antonio Brown,22,0.11658489163423291,0.106,1,0.6891854011212681,13,-0.8572474725927834,0.7348732292667151,False,False,False,False,False,False,False,False,False,False,False,False,False,False,False,False,False,False,False,False,False,False,False,False,True,False,False,False,False,False,False,False,False,False,False,False,False,1.0
Paige VanZant,22,0.1476625475733689,0.155,1,0.7427589433527677,20,-1.2209125128603788,1.4906273640590446,False,False,False,False,False,False,False,False,False,False,False,False,False,False,False,False,False,False,False,False,False,False,False,False,True,False,False,False,False,False,False,False,False,False,False,False,False,1.0
Geraldo Rivera,22,0.054968533218908676,0.078,1,0.6249012692243096,10,2.415737889815576,5.835789552290612,True,False,False,False,False,False,False,False,False,False,False,False,False,False,False,False,False,False,False,False,False,False,False,False,True,False,False,False,False,False,False,False,False,False,False,False,False,1.0
Nyle DiMarco,22,0.147242820344131,0.155,1,0.6399938249856989,14,-0.9299804806463025,0.8648636943831277,False,True,False,False,False,False,False,False,False,False,False,False,False,False,False,False,False,False,False,False,False,False,False,False,True,False,False,False,False,False,False,False,False,False,False,False,False,1.0
Ginger Zee,22,0.14359705049641014,0.155,1,0.7748038580580148,18,-0.27538340816463064,0.07583602149236755,True,False,False,False,False,False,False,False,False,False,False,False,False,False,False,False,False,False,False,False,False,False,False,False,True,False,False,False,False,False,False,False,False,False,False,False,False,1.0
Wanya Morris,22,0.12574076404976664,0.11,1,0.7487939284257574,9,0.233747648210003,0.05463796304370731,False,False,False,True,False,False,False,False,False,False,False,False,False,False,False,False,False,False,False,False,False,False,False,False,True,False,False,False,False,False,False,False,False,False,False,False,False,1.0
Marla Maples,22,0.08743381181403213,0.084,1,0.6423953069891312,20,0.9610777287451939,0.9236704006900206,True,False,False,False,False,False,False,False,False,False,False,False,False,False,False,False,False,False,False,False,False,False,False,False,True,False,False,False,False,False,False,False,False,False,False,False,False,1.0
Jake T. Austin,23,0.06742424242424241,0.072,1,0.720534875522999,8,-1.293645520913898,1.6735187337805904,False,False,False,True,False,False,False,False,False,False,False,False,False,False,False,False,False,False,False,False,False,False,False,False,False,True,False,False,False,False,False,False,False,False,False,False,False,1.0
Maureen McCormick,23,0.09205822238256947,0.094,1,0.6673474651503155,11,1.5429417931733467,2.3806693771209826,False,False,False,True,False,False,False,False,False,False,False,False,False,False,False,False,False,False,False,False,False,False,False,False,False,True,False,False,False,False,False,False,False,False,False,False,False,1.0
Marilu Henner,23,0.10479708786015493,0.106,1,0.8812065342944203,16,1.833873825387423,3.3630932074411004,False,False,False,True,False,False,False,False,False,False,False,False,False,False,False,False,False,False,False,False,False,False,False,False,False,True,False,False,False,False,False,False,False,False,False,False,False,1.0
Ryan Lochte,23,0.09424592676162899,0.098,1,0.7976065429460466,24,-0.49358243232518795,0.24362361750004874,False,False,False,False,False,False,False,False,False,False,False,False,False,False,False,False,False,False,False,False,False,False,False,False,False,True,False,False,False,False,False,False,False,False,False,False,False,1.0
Calvin Johnson Jr.,23,0.13274272419743607,0.136,1,0.7416510712829003,9,-0.6390484484322261,0.40838291944363553,False,False,False,False,False,False,False,False,False,False,False,False,False,False,False,False,False,False,False,False,False,False,False,False,False,True,False,False,False,False,False,False,False,False,False,False,False,1.0
Laurie Hernandez,23,0.1412788255650875,0.136,1,0.7748038580580148,18,-1.6573105611814933,2.7466782962037164,False,False,False,False,False,False,False,False,False,False,False,False,False,False,False,False,False,False,False,False,False,False,False,False,False,True,False,False,False,False,False,False,False,False,False,False,False,1.0
Amber Rose,23,0.0843228825993591,0.089,1,0.7516610797489657,16,-0.49358243232518795,0.24362361750004874,False,True,False,False,False,False,False,False,False,False,False,False,False,False,False,False,False,False,False,False,False,False,False,False,False,True,False,False,False,False,False,False,False,False,False,False,False,1.0
Rick Perry,23,0.06462509712509712,0.077,1,0.682413325655606,15,1.9793398414944612,3.917786208127319,False,False,True,False,False,False,False,False,False,False,False,False,False,False,False,False,False,False,False,False,False,False,False,False,False,True,False,False,False,False,False,False,False,False,False,False,False,1.0
James Hinchcliffe,23,0.1407451088881996,0.136,0,0.6836298455657125,13,-0.7117814564857452,0.5066328417969688,False,False,True,False,False,False,False,False,False,False,False,False,False,False,False,False,False,False,False,False,False,False,False,False,False,True,False,False,False,False,False,False,False,False,False,False,False,1.0
Babyface,23,0.07747593641990194,0.077,1,0.707485334341035,3,1.3247427690127893,1.7549434040516725,False,False,False,True,False,False,False,False,False,False,False,False,False,False,False,False,False,False,False,False,False,False,False,False,False,True,False,False,False,False,False,False,False,False,False,False,False,1.0
Vanilla Ice,23,0.07712826206360689,0.077,1,0.7798419667778338,13,0.6701456965311176,0.4490952545791767,False,False,False,True,False,False,False,False,False,False,False,False,False,False,False,False,False,False,False,False,False,False,False,False,False,True,False,False,False,False,False,False,False,False,False,False,False,1.0
Jana Kramer,23,0.1325872977092758,0.136,1,0.5816567942947711,12,-0.49358243232518795,0.24362361750004874,False,False,False,True,False,False,False,False,False,False,False,False,False,False,False,False,False,False,False,False,False,False,False,False,False,True,False,False,False,False,False,False,False,False,False,False,False,1.0
Terra Jole,23,0.11844798527736325,0.112,1,0.8035532732311237,11,-0.20265040011111157,0.04106718466519361,True,False,False,False,False,False,False,False,False,False,False,False,False,False,False,False,False,False,False,False,False,False,False,False,False,True,False,False,False,False,False,False,False,False,False,False,False,1.0
Charo,24,0.07398213740888591,0.082,0,0.5441168491049726,8,1.9793398414944612,3.917786208127319,False,False,False,True,False,False,False,False,False,False,False,False,False,False,False,False,False,False,False,False,False,False,False,False,False,False,True,False,False,False,False,False,False,False,False,False,False,1.0
Mr. T,24,0.07384459575931117,0.086,1,0.6774310804002015,0,1.833873825387423,3.3630932074411004,False,False,False,True,False,False,False,False,False,False,False,False,False,False,False,False,False,False,False,False,False,False,False,False,False,False,True,False,False,False,False,False,False,False,False,False,False,1.0
Heather Morris,24,0.10761518133982657,0.09,1,0.7490636771515631,16,-0.6390484484322261,0.40838291944363553,False,False,False,True,False,False,False,False,False,False,False,False,False,False,False,False,False,False,False,False,False,False,False,False,False,False,True,False,False,False,False,False,False,False,False,False,False,1.0
Nancy Kerrigan,24,0.10990269182983395,0.096,1,0.6633701924230428,11,0.5974126884775984,0.35690192035403207,False,False,False,False,False,False,False,False,False,False,False,False,False,False,False,False,False,False,False,False,False,False,False,False,False,False,True,False,False,False,False,False,False,False,False,False,False,1.0
Bonner Bolton,24,0.10463335743260319,0.11,1,0.6947409566768237,13,-0.7117814564857452,0.5066328417969688,False,False,False,False,False,False,False,False,False,False,False,False,False,False,False,False,False,False,False,False,False,False,False,False,False,False,True,False,False,False,False,False,False,False,False,False,False,1.0
Simone Biles,24,0.14268052908758272,0.121,1,0.8041214550493054,11,-1.366378528967417,1.8669902844231625,False,False,False,False,False,False,False,False,False,False,False,False,False,False,False,False,False,False,False,False,False,False,False,False,False,False,True,False,False,False,False,False,False,False,False,False,False,1.0
David Ross,24,0.1437954384587476,0.164,1,0.7416510712829003,9,0.0882816321029648,0.007793646566763225,False,False,False,False,False,False,False,False,False,False,False,False,False,False,False,False,False,False,False,False,False,False,False,False,False,False,True,False,False,False,False,False,False,False,False,False,False,1.0
Rashad Jennings,24,0.1611211532273851,0.164,1,0.6460496892919696,15,-0.49358243232518795,0.24362361750004874,False,False,False,False,False,False,False,False,False,False,False,False,False,False,False,False,False,False,False,False,False,False,False,False,False,False,True,False,False,False,False,False,False,False,False,False,False,1.0
Chris Kattan,24,0.061682280730092076,0.078,1,0.7889328758687429,13,0.5246796804240793,0.275288767049914,False,False,False,True,False,False,False,False,False,False,False,False,False,False,False,False,False,False,False,False,False,False,False,False,False,False,True,False,False,False,False,False,False,False,False,False,False,1.0
Erika Jayne,24,0.08893268652915065,0.09,1,0.6110685590006535,12,0.4519466723705603,0.20425579466682256,False,False,False,True,False,False,False,False,False,False,False,False,False,False,False,False,False,False,False,False,False,False,False,False,False,False,True,False,False,False,False,False,False,False,False,False,False,1.0
Normani,24,0.16394134517142975,0.164,1,0.7748038580580148,18,-1.366378528967417,1.8669902844231625,False,False,False,True,False,False,False,False,False,False,False,False,False,False,False,False,False,False,False,False,False,False,False,False,False,False,True,False,False,False,False,False,False,False,False,False,False,1.0
Nick Viall,24,0.09855232713680981,0.1,1,0.6557832986699095,14,-0.20265040011111157,0.04106718466519361,True,False,False,False,False,False,False,False,False,False,False,False,False,False,False,False,False,False,False,False,False,False,False,False,False,False,True,False,False,False,False,False,False,False,False,False,False,1.0
Sasha Pieterse,25,0.08319289580164686,0.084,0,0.6110685590006535,12,-1.293645520913898,1.6735187337805904,False,False,False,True,False,False,False,False,False,False,False,False,False,False,False,False,False,False,False,False,False,False,False,False,False,False,False,True,False,False,False,False,False,False,False,False,False,1.0
Frankie Muniz,25,0.13007138285179012,0.135,1,0.7444884314242984,13,-0.5663154403787071,0.3207131780113289,False,False,False,True,False,False,False,False,False,False,False,False,False,False,False,False,False,False,False,False,False,False,False,False,False,False,False,True,False,False,False,False,False,False,False,False,False,1.0
Jordan Fisher,25,0.14195276323134984,0.135,1,0.7416510712829003,9,-1.1481795048068597,1.3183161752585255,False,False,False,True,False,False,False,False,False,False,False,False,False,False,False,False,False,False,False,False,False,False,False,False,False,False,False,True,False,False,False,False,False,False,False,False,False,1.0
Derek Fisher,25,0.0789300163691347,0.082,1,0.7169631788990458,13,0.3064806562635221,0.09393039266371919,False,False,False,False,False,False,False,False,False,False,False,False,False,False,False,False,False,False,False,False,False,False,False,False,False,False,False,True,False,False,False,False,False,False,False,False,False,1.0
Nikki Bella,25,0.09461852834870998,0.09,1,0.6633701924230428,11,-0.4208494242716688,0.1771142379097951,False,False,False,False,False,False,False,False,False,False,False,False,False,False,False,False,False,False,False,False,False,False,False,False,False,False,False,True,False,False,False,False,False,False,False,False,False,1.0
Terrell Owens,25,0.10028490168450452,0.101,1,0.7950987059554508,24,0.3064806562635221,0.09393039266371919,False,False,False,False,False,False,False,False,False,False,False,False,False,False,False,False,False,False,False,False,False,False,False,False,False,False,False,True,False,False,False,False,False,False,False,False,False,1.0
Victoria Arlen,25,0.11642302671958471,0.109,1,0.7791516841449713,18,-1.2209125128603788,1.4906273640590446,False,False,False,False,False,False,False,False,False,False,False,False,False,False,False,False,False,False,False,False,False,False,False,False,False,False,False,True,False,False,False,False,False,False,False,False,False,1.0
Barbara Corcoran,25,0.060367313532160974,0.069,1,0.5518091567972803,8,2.1248058576014994,4.5147999324976436,False,False,True,False,False,False,False,False,False,False,False,False,False,False,False,False,False,False,False,False,False,False,False,False,False,False,False,True,False,False,False,False,False,False,False,False,False,1.0
Lindsey Stirling,25,0.13769251438731028,0.135,1,0.7427589433527677,20,-0.5663154403787071,0.3207131780113289,False,False,False,True,False,False,False,False,False,False,False,False,False,False,False,False,False,False,False,False,False,False,False,False,False,False,False,True,False,False,False,False,False,False,False,False,False,1.0
Debbie Gibson,25,0.07304200163692412,0.069,1,0.7560049609930845,8,0.5974126884775984,0.35690192035403207,False,False,False,True,False,False,False,False,False,False,False,False,False,False,False,False,False,False,False,False,False,False,False,False,False,False,False,True,False,False,False,False,False,False,False,False,False,1.0
Nick Lachey,25,0.08021475609617855,0.089,1,0.6610464565646463,14,0.3064806562635221,0.09393039266371919,False,False,False,True,False,False,False,False,False,False,False,False,False,False,False,False,False,False,False,False,False,False,False,False,False,False,False,True,False,False,False,False,False,False,False,False,False,1.0
Drew Scott,25,0.12188305473136338,0.135,0,0.6460496892919696,15,0.015548624049445712,0.00024175970983100157,True,False,False,False,False,False,False,False,False,False,False,False,False,False,False,False,False,False,False,False,False,False,False,False,False,False,False,True,False,False,False,False,False,False,False,False,False,1.0
Vanessa Lachey,25,0.09882785488408297,0.09,0,0.7443017723896583,16,-0.20265040011111157,0.04106718466519361,True,False,False,False,False,False,False,False,False,False,False,False,False,False,False,False,False,False,False,False,False,False,False,False,False,False,False,True,False,False,False,False,False,False,False,False,False,1.0
Jamie Anderson,26,0.09047619047619047,0.072,1,0.6914951924230428,11,-0.8572474725927834,0.7348732292667151,False,False,False,False,False,False,False,False,False,False,False,False,False,False,False,False,False,False,False,False,False,False,False,False,False,False,False,False,True,False,False,False,False,False,False,False,False,1.0
Johnny Damon,26,0.08571428571428572,0.072,1,0.6835496892919696,15,0.3792136643170412,0.14380300320475758,False,False,False,False,False,False,False,False,False,False,False,False,False,False,False,False,False,False,False,False,False,False,False,False,False,False,False,False,True,False,False,False,False,False,False,False,False,1.0
Kareem Abdul-Jabbar,26,0.09561637739207833,0.089,1,0.777365356997186,9,2.343004881762057,5.48967187596083,False,False,False,False,False,False,False,False,False,False,False,False,False,False,False,False,False,False,False,False,False,False,False,False,False,False,False,False,True,False,False,False,False,False,False,False,False,1.0
Arike Ogunbowale,26,0.11303960836671116,0.084,1,0.6110685590006535,12,-1.293645520913898,1.6735187337805904,False,False,False,False,False,False,False,False,False,False,False,False,False,False,False,False,False,False,False,False,False,False,False,False,False,False,False,False,True,False,False,False,False,False,False,False,False,1.0
Jennie Finch Daigle,26,0.11839925587987776,0.097,1,0.509501464489588,8,-0.12991739205759248,0.016878528759046194,False,False,False,False,False,False,False,False,False,False,False,False,False,False,False,False,False,False,False,False,False,False,False,False,False,False,False,False,True,False,False,False,False,False,False,False,False,1.0
Chris Mazdzer,26,0.12658753008223708,0.094,1,0.7583773203131873,13,-0.7117814564857452,0.5066328417969688,False,False,False,False,False,False,False,False,False,False,False,False,False,False,False,False,False,False,False,False,False,False,False,False,False,False,False,False,True,False,False,False,False,False,False,False,False,1.0
Mirai Nagasu,26,0.13790611459478005,0.094,1,0.7136972686853922,8,-1.0027134886998217,1.0054343404205675,False,False,False,False,False,False,False,False,False,False,False,False,False,False,False,False,False,False,False,False,False,False,False,False,False,False,False,False,True,False,False,False,False,False,False,False,False,1.0
Tonya Harding,26,0.18156261321831546,0.221,1,0.7978714550493053,11,0.5974126884775984,0.35690192035403207,False,False,False,False,False,False,False,False,False,False,False,False,False,False,False,False,False,False,False,False,False,False,False,False,False,False,False,False,True,False,False,False,False,False,False,False,False,1.0
Josh Norman,26,0.18636771092367493,0.221,1,0.6836298455657125,13,-0.6390484484322261,0.40838291944363553,False,False,False,False,False,False,False,False,False,False,False,False,False,False,False,False,False,False,False,False,False,False,False,False,False,False,False,False,True,False,False,False,False,False,False,False,False,1.0
Adam Rippon,26,0.1965243885133246,0.221,1,0.6575978125859361,8,-0.7845144645392643,0.6154629450713286,False,False,False,False,False,False,False,False,False,False,False,False,False,False,False,False,False,False,False,False,False,False,False,False,False,False,False,False,True,False,False,False,False,False,False,False,False,1.0
Juan Pablo Di Pace,27,0.12165602818450072,0.098,0,0.7920335718558341,24,0.015548624049445712,0.00024175970983100157,False,False,False,True,False,False,False,False,False,False,False,False,False,False,False,False,False,False,False,False,False,False,False,False,False,False,False,False,False,True,False,False,False,False,False,False,False,1.0
Evanna Lynch,27,0.13029271350152363,0.132,0,0.4902706952588187,8,-0.8572474725927834,0.7348732292667151,False,False,False,True,False,False,False,False,False,False,False,False,False,False,False,False,False,False,False,False,False,False,False,False,False,False,False,False,False,True,False,False,False,False,False,False,False,1.0
Nancy McKeon,27,0.0778123274328318,0.08,1,0.8037893653043917,18,0.9610777287451939,0.9236704006900206,False,False,False,True,False,False,False,False,False,False,False,False,False,False,False,False,False,False,False,False,False,False,False,False,False,False,False,False,False,True,False,False,False,False,False,False,False,1.0
John Schneider,27,0.09047059470917732,0.095,1,0.6571608004030807,15,1.3974757770663084,1.9529385474870826,False,False,False,True,False,False,False,False,False,False,False,False,False,False,False,False,False,False,False,False,False,False,False,False,False,False,False,False,False,True,False,False,False,False,False,False,False,1.0
Milo Manheim,27,0.13507641146978278,0.132,1,0.7444884314242984,13,-1.5845775531279744,2.5108860218770386,False,False,False,True,False,False,False,False,False,False,False,False,False,False,False,False,False,False,False,False,False,False,False,False,False,False,False,False,False,True,False,False,False,False,False,False,False,1.0
Danelle Umstead,27,0.06949005110362075,0.076,1,0.6932313035341539,11,0.5246796804240793,0.275288767049914,False,False,False,False,False,False,False,False,False,False,False,False,False,False,False,False,False,False,False,False,False,False,False,False,False,False,False,False,False,True,False,False,False,False,False,False,False,1.0
Mary Lou Retton,27,0.09691750936167394,0.088,1,0.8187047883826388,11,0.8156117126381557,0.6652224657925454,False,False,False,False,False,False,False,False,False,False,False,False,False,False,False,False,False,False,False,False,False,False,False,False,False,False,False,False,False,True,False,False,False,False,False,False,False,1.0
DeMarcus Ware,27,0.10290487068524325,0.093,1,0.7575240871559162,9,-0.20265040011111157,0.04106718466519361,False,False,False,False,False,False,False,False,False,False,False,False,False,False,False,False,False,False,False,False,False,False,False,False,False,False,False,False,False,True,False,False,False,False,False,False,False,1.0
Nikki Glaser,27,0.06862745098039216,0.068,1,0.6339443759941176,12,-0.34811641621814976,0.12118503924056809,False,False,False,True,False,False,False,False,False,False,False,False,False,False,False,False,False,False,False,False,False,False,False,False,False,False,False,False,False,True,False,False,False,False,False,False,False,1.0
Bobby Bones,27,0.11195768588939968,0.132,1,0.6836298455657125,13,-0.05718438400407338,0.0032700537739253233,True,False,False,False,False,False,False,False,False,False,False,False,False,False,False,False,False,False,False,False,False,False,False,False,False,False,False,False,False,True,False,False,False,False,False,False,False,1.0
Tinashe,27,0.09950358492601209,0.075,1,0.6481720410758416,7,-1.0027134886998217,1.0054343404205675,False,False,False,True,False,False,False,False,False,False,False,False,False,False,False,False,False,False,False,False,False,False,False,False,False,False,False,False,False,True,False,False,False,False,False,False,False,1.0
Alexis Ren,27,0.13137732395208157,0.132,1,0.694466499454623,8,-1.293645520913898,1.6735187337805904,True,False,False,False,False,False,False,False,False,False,False,False,False,False,False,False,False,False,False,False,False,False,False,False,False,False,False,False,False,True,False,False,False,False,False,False,False,1.0
Joe Amabile,27,0.08427779651096749,0.107,1,0.6661448211329447,8,-0.49358243232518795,0.24362361750004874,True,False,False,False,False,False,False,False,False,False,False,False,False,False,False,False,False,False,False,False,False,False,False,False,False,False,False,False,False,True,False,False,False,False,False,False,False,1.0
Kate Flannery,28,0.10862732931837796,0.088,1,0.5553979658384753,6,1.1792767529057513,1.3906936599439323,False,False,False,True,False,False,False,False,False,False,False,False,False,False,False,False,False,False,False,False,False,False,False,False,False,False,False,False,False,False,True,False,False,False,False,False,False,1.0
James Van Der Beek,28,0.13103094092769563,0.096,1,0.6505951438374241,15,0.233747648210003,0.05463796304370731,False,False,False,True,False,False,False,False,False,False,False,False,False,False,False,False,False,False,False,False,False,False,False,False,False,False,False,False,False,False,True,False,False,False,False,False,False,1.0
Kel Mitchell,28,0.14004893026470308,0.129,1,0.7444884314242984,13,0.1610146401564839,0.025925714344721996,False,False,False,True,False,False,False,False,False,False,False,False,False,False,False,False,False,False,False,False,False,False,False,False,False,False,False,False,False,False,True,False,False,False,False,False,False,1.0
Ray Lewis,28,0.01314866206042063,0.071,1,0.788202154231313,24,0.3792136643170412,0.14380300320475758,False,False,False,False,False,False,False,False,False,False,False,False,False,False,False,False,False,False,False,False,False,False,False,False,False,False,False,False,False,False,True,False,False,False,False,False,False,1.0
Lamar Odom,28,0.06054003260534632,0.092,1,0.6734866479522061,14,0.015548624049445712,0.00024175970983100157,False,False,False,False,False,False,False,False,False,False,False,False,False,False,False,False,False,False,False,False,False,False,False,False,False,False,False,False,False,False,True,False,False,False,False,False,False,1.0
Sailor Brinkley-Cook,28,0.10495033216361267,0.063,1,0.7945667039078173,18,-1.293645520913898,1.6735187337805904,False,True,False,False,False,False,False,False,False,False,False,False,False,False,False,False,False,False,False,False,False,False,False,False,False,False,False,False,False,False,True,False,False,False,False,False,False,1.0
Sean Spicer,28,0.08801865874292963,0.153,1,0.7546380842699133,9,0.6701456965311176,0.4490952545791767,False,False,True,False,False,False,False,False,False,False,False,False,False,False,False,False,False,False,False,False,False,False,False,False,False,False,False,False,False,False,True,False,False,False,False,False,False,1.0
Mary Wilson,28,0.07739378346429315,0.071,1,0.6700575629613634,7,2.6339369139761333,6.937623666806116,False,False,False,True,False,False,False,False,False,False,False,False,False,False,False,False,False,False,False,False,False,False,False,False,False,False,False,False,False,False,True,False,False,False,False,False,False,1.0
Lauren Alaina,28,0.13495791839800947,0.13,1,0.5816567942947711,12,-1.0754464967533406,1.156585167379033,False,False,False,True,False,False,False,False,False,False,False,False,False,False,False,False,False,False,False,False,False,False,False,False,False,False,False,False,False,False,True,False,False,False,False,False,False,1.0
Ally Brooke,28,0.1449424500540926,0.143,1,0.7978714550493053,11,-0.9299804806463025,0.8648636943831277,False,False,False,True,False,False,False,False,False,False,False,False,False,False,False,False,False,False,False,False,False,False,False,False,False,False,False,False,False,False,True,False,False,False,False,False,False,1.0
Karamo Brown,28,0.09739456259795708,0.104,1,0.685569840557964,8,-0.05718438400407338,0.0032700537739253233,True,False,False,False,False,False,False,False,False,False,False,False,False,False,False,False,False,False,False,False,False,False,False,False,False,False,False,False,False,False,True,False,False,False,False,False,False,1.0
Hannah Brown,28,0.14145589367480205,0.162,1,0.694466499454623,8,-1.0754464967533406,1.156585167379033,True,False,False,False,False,False,False,False,False,False,False,False,False,False,False,False,False,False,False,False,False,False,False,False,False,False,False,False,False,False,True,False,False,False,False,False,False,1.0
Anne Heche,29,0.06457826498586244,0.068,1,0.5392217442098677,8,0.8883447206916748,0.7891563427807697,False,False,False,True,False,False,False,False,False,False,False,False,False,False,False,False,False,False,False,False,False,False,False,False,False,False,False,False,False,False,False,True,False,False,False,False,False,1.0
Jesse Metcalfe,29,0.06992695043356828,0.072,1,0.7139328758687428,13,0.1610146401564839,0.025925714344721996,False,False,False,True,False,False,False,False,False,False,False,False,False,False,False,False,False,False,False,False,False,False,False,False,False,False,False,False,False,False,False,True,False,False,False,False,False,1.0
Chrishell Stause,29,0.08058646900446763,0.075,1,0.5976995750434342,12,0.015548624049445712,0.00024175970983100157,False,False,False,True,False,False,False,False,False,False,False,False,False,False,False,False,False,False,False,False,False,False,False,False,False,False,False,False,False,False,False,True,False,False,False,False,False,1.0
Skai Jackson,29,0.09831012045881476,0.096,1,0.7014595064476299,8,-1.5118445450744553,2.285673928471387,False,False,False,True,False,False,False,False,False,False,False,False,False,False,False,False,False,False,False,False,False,False,False,False,False,False,False,False,False,False,False,True,False,False,False,False,False,1.0
Justina Machado,29,0.11587162582983755,0.119,1,0.7978714550493053,11,0.6701456965311176,0.4490952545791767,False,False,False,True,False,False,False,False,False,False,False,False,False,False,False,False,False,False,False,False,False,False,False,False,False,False,False,False,False,False,False,True,False,False,False,False,False,1.0
Charles Oakley,29,0.05054945054945055,0.064,1,0.6869587802010605,15,1.2520097609592702,1.567528441537289,False,False,False,False,False,False,False,False,False,False,False,False,False,False,False,False,False,False,False,False,False,False,False,False,False,False,False,False,False,False,False,True,False,False,False,False,False,1.0
Veron Davis,29,0.07237152298741988,0.073,1,0.6639172699617756,14,-0.20265040011111157,0.04106718466519361,False,False,False,False,False,False,False,False,False,False,False,False,False,False,False,False,False,False,False,False,False,False,False,False,False,False,False,False,False,False,False,True,False,False,False,False,False,1.0
Johnny Weir,29,0.1041658850248806,0.09,1,0.5365943280788886,5,-0.20265040011111157,0.04106718466519361,False,False,False,False,False,False,False,False,False,False,False,False,False,False,False,False,False,False,False,False,False,False,False,False,False,False,False,False,False,False,False,True,False,False,False,False,False,1.0
Nev Schulman,29,0.12117762578604348,0.119,1,0.6575978125859361,8,-0.27538340816463064,0.07583602149236755,False,False,True,False,False,False,False,False,False,False,False,False,False,False,False,False,False,False,False,False,False,False,False,False,False,False,False,False,False,False,False,True,False,False,False,False,False,1.0
AJ McLean,29,0.09209112626567495,0.088,1,0.7944717467078021,24,0.233747648210003,0.05463796304370731,False,False,False,True,False,False,False,False,False,False,False,False,False,False,False,False,False,False,False,False,False,False,False,False,False,False,False,False,False,False,False,True,False,False,False,False,False,1.0
Nelly,29,0.10656418310607023,0.126,1,0.7405481310865316,4,0.4519466723705603,0.20425579466682256,False,False,False,True,False,False,False,False,False,False,False,False,False,False,False,False,False,False,False,False,False,False,False,False,False,False,False,False,False,False,False,True,False,False,False,False,False,1.0
Kaitlyn Bristowe,29,0.11969932254620984,0.119,0,0.6446201924230428,11,-0.27538340816463064,0.07583602149236755,True,False,False,False,False,False,False,False,False,False,False,False,False,False,False,False,False,False,False,False,False,False,False,False,False,False,False,False,False,False,False,True,False,False,False,False,False,1.0
Carole Baskin,29,0.0478734590834235,0.066,1,0.5967202798880622,6,1.4702087851198276,2.1615138718435194,True,False,False,False,False,False,False,False,False,False,False,False,False,False,False,False,False,False,False,False,False,False,False,False,False,False,False,False,False,False,False,True,False,False,False,False,False,1.0
Monica Aldama,29,0.08030089782948122,0.076,1,0.7906141347378567,18,0.6701456965311176,0.4490952545791767,True,False,False,False,False,False,False,False,False,False,False,False,False,False,False,False,False,False,False,False,False,False,False,False,False,False,False,False,False,False,False,True,False,False,False,False,False,1.0
Jeannie Mai,29,0.050571383054100805,0.076,1,0.6018757447795453,7,0.1610146401564839,0.025925714344721996,True,False,False,False,False,False,False,False,False,False,False,False,False,False,False,False,False,False,False,False,False,False,False,False,False,False,False,False,False,False,False,True,False,False,False,False,False,1.0
Martin Kove,30,0.037240082322049534,0.106,1,0.6075034189879795,5,2.6339369139761333,6.937623666806116,False,False,False,True,False,False,False,False,False,False,False,False,False,False,False,False,False,False,False,False,False,False,False,False,False,False,False,False,False,False,False,False,True,False,False,False,False,1.0
Brian Austin Green,30,0.06285563484947118,0.105,1,0.7169631788990458,13,0.6701456965311176,0.4490952545791767,False,False,False,True,False,False,False,False,False,False,False,False,False,False,False,False,False,False,False,False,False,False,False,False,False,False,False,False,False,False,False,False,True,False,False,False,False,1.0
Melora Hardin,30,0.10051733503490623,0.103,1,0.6508701924230428,11,1.1065437448522322,1.224439059271602,False,False,False,True,False,False,False,False,False,False,False,False,False,False,False,False,False,False,False,False,False,False,False,False,False,False,False,False,False,False,False,False,True,False,False,False,False,1.0
Matt James,30,0.0645440113338498,0.028,1,0.7845082141400431,9,-0.7117814564857452,0.5066328417969688,False,False,False,False,False,False,False,False,False,False,False,False,False,False,False,False,False,False,False,False,False,False,False,False,False,False,False,False,False,False,False,False,True,False,False,False,False,1.0
"Mike ""The Miz"" Mizanin",30,0.07989317071438191,0.08,1,0.7611550980909652,13,0.0882816321029648,0.007793646566763225,False,False,False,False,False,False,False,False,False,False,False,False,False,False,False,False,False,False,False,False,False,False,False,False,False,False,False,False,False,False,False,False,True,False,False,False,False,1.0
Suni Lee,30,0.0999900603652144,0.055,1,0.8041214550493054,11,-1.5118445450744553,2.285673928471387,False,False,False,False,False,False,False,False,False,False,False,False,False,False,False,False,False,False,False,False,False,False,False,False,False,False,False,False,False,False,False,False,True,False,False,False,False,1.0
Iman Shumpert,30,0.10825456267479208,0.163,1,0.7405481310865316,4,-0.5663154403787071,0.3207131780113289,False,False,False,False,False,False,False,False,False,False,False,False,False,False,False,False,False,False,False,False,False,False,False,False,False,False,False,False,False,False,False,False,True,False,False,False,False,1.0
Cody Rigsby,30,0.10724626929936973,0.119,1,0.788202154231313,24,-0.34811641621814976,0.12118503924056809,False,False,True,False,False,False,False,False,False,False,False,False,False,False,False,False,False,False,False,False,False,False,False,False,False,False,False,False,False,False,False,False,True,False,False,False,False,1.0
Melanie C,30,0.07963225144700736,0.016,0,0.6110685590006535,12,0.5974126884775984,0.35690192035403207,False,False,False,True,False,False,False,False,False,False,False,False,False,False,False,False,False,False,False,False,False,False,False,False,False,False,False,False,False,False,False,False,True,False,False,False,False,1.0
Jimmie Allen,30,0.08601278140761462,0.086,1,0.6560496892919696,15,-0.20265040011111157,0.04106718466519361,False,False,False,True,False,False,False,False,False,False,False,False,False,False,False,False,False,False,False,False,False,False,False,False,False,False,False,False,False,False,False,False,True,False,False,False,False,1.0
Olivia Jade,30,0.0925795904738403,0.024,1,0.7834995102319278,18,-1.293645520913898,1.6735187337805904,True,False,False,False,False,False,False,False,False,False,False,False,False,False,False,False,False,False,False,False,False,False,False,False,False,False,False,False,False,False,False,False,True,False,False,False,False,1.0
JoJo Siwa,30,0.1222161592120921,0.159,1,0.6575978125859361,8,-1.5118445450744553,2.285673928471387,True,False,False,False,False,False,False,False,False,False,False,False,False,False,False,False,False,False,False,False,False,False,False,False,False,False,False,False,False,False,False,False,True,False,False,False,False,1.0
Christine Chiu,30,0.06703782397478074,0.035,0,0.594240941045087,6,-0.05718438400407338,0.0032700537739253233,True,False,False,False,False,False,False,False,False,False,False,False,False,False,False,False,False,False,False,False,False,False,False,False,False,False,False,False,False,False,False,False,True,False,False,False,False,1.0
Kenya Moore,30,0.07600128317597692,0.041,1,0.6352090781128785,7,0.8156117126381557,0.6652224657925454,True,False,False,False,False,False,False,False,False,False,False,False,False,False,False,False,False,False,False,False,False,False,False,False,False,False,False,False,False,False,False,False,True,False,False,False,False,1.0
Amanda Kloots,30,0.11909111818914389,0.155,1,0.694466499454623,8,0.015548624049445712,0.00024175970983100157,True,False,False,False,False,False,False,False,False,False,False,False,False,False,False,False,False,False,False,False,False,False,False,False,False,False,False,False,False,False,False,False,True,False,False,False,False,1.0
Jason Lewis,31,0.04712041884816754,0.057,1,0.6873622460383306,14,0.8883447206916748,0.7891563427807697,False,False,False,True,False,False,False,False,False,False,False,False,False,False,False,False,False,False,False,False,False,False,False,False,False,False,False,False,False,False,False,False,False,True,False,False,False,1.0
Cheryl Ladd,31,0.05516601521728903,0.068,1,0.6560628853859257,10,2.343004881762057,5.48967187596083,False,False,False,True,False,False,False,False,False,False,False,False,False,False,False,False,False,False,False,False,False,False,False,False,False,False,False,False,False,False,False,False,False,True,False,False,False,1.0
Selma Blair,31,0.037797345918700376,0.044,1,0.7978714550493053,11,0.8156117126381557,0.6652224657925454,False,False,False,True,False,False,False,False,False,False,False,False,False,False,False,False,False,False,False,False,False,False,False,False,False,False,False,False,False,False,False,False,False,True,False,False,False,1.0
Joseph Baena,31,0.067350547217335,0.065,1,0.7961036866420872,4,-1.0754464967533406,1.156585167379033,False,False,False,True,False,False,False,False,False,False,False,False,False,False,False,False,False,False,False,False,False,False,False,False,False,False,False,False,False,False,False,False,False,True,False,False,False,1.0
Trevor Donovan,31,0.09262717813995115,0.082,1,0.6510496892919696,15,0.015548624049445712,0.00024175970983100157,False,False,False,True,False,False,False,False,False,False,False,False,False,False,False,False,False,False,False,False,False,False,False,False,False,False,False,False,False,False,False,False,False,True,False,False,False,1.0
Daniel Durant,31,0.09501389881218818,0.109,1,0.5375034189879795,5,-0.49358243232518795,0.24362361750004874,False,False,False,True,False,False,False,False,False,False,False,False,False,False,False,False,False,False,False,False,False,False,False,False,False,False,False,False,False,False,False,False,False,True,False,False,False,1.0
Wayne Brady,31,0.11827978305830888,0.113,1,0.7444884314242984,13,0.8156117126381557,0.6652224657925454,False,False,False,True,False,False,False,False,False,False,False,False,False,False,False,False,False,False,False,False,False,False,False,False,False,False,False,False,False,False,False,False,False,True,False,False,False,1.0
Sam Champion,31,0.05961829156727627,0.067,1,0.8088918094037268,24,1.6156748012268658,2.6104050633194724,True,False,False,False,False,False,False,False,False,False,False,False,False,False,False,False,False,False,False,False,False,False,False,False,False,False,False,False,False,False,False,False,False,True,False,False,False,1.0
Jessie James Decker,31,0.07103044990659112,0.068,0,0.7252357302238537,8,-0.34811641621814976,0.12118503924056809,False,False,False,True,False,False,False,False,False,False,False,False,False,False,False,False,False,False,False,False,False,False,False,False,False,False,False,False,False,False,False,False,False,True,False,False,False,1.0
Jordin Sparks,31,0.08173973917388014,0.087,1,0.6268757447795452,7,-0.49358243232518795,0.24362361750004874,False,False,False,True,False,False,False,False,False,False,False,False,False,False,False,False,False,False,False,False,False,False,False,False,False,False,False,False,False,False,False,False,False,True,False,False,False,1.0
Heidi D'Amelio,31,0.0879269854560438,0.075,1,0.6571201924230428,11,0.8156117126381557,0.6652224657925454,True,False,False,False,False,False,False,False,False,False,False,False,False,False,False,False,False,False,False,False,False,False,False,False,False,False,False,False,False,False,False,False,False,True,False,False,False,1.0
Charli D'Amelio,31,0.12420739928260309,0.113,1,0.7427589433527677,20,-1.5118445450744553,2.285673928471387,True,False,False,False,False,False,False,False,False,False,False,False,False,False,False,False,False,False,False,False,False,False,False,False,False,False,False,False,False,False,False,False,False,True,False,False,False,1.0
Teresa Giudice,31,0.05409063183042749,0.057,1,0.603331850135996,6,0.8156117126381557,0.6652224657925454,True,False,False,False,False,False,False,False,False,False,False,False,False,False,False,False,False,False,False,False,False,False,False,False,False,False,False,False,False,False,False,False,False,True,False,False,False,1.0
Vinny Guadagnino,31,0.07215623178066669,0.118,1,0.5796774154850164,1,-0.34811641621814976,0.12118503924056809,True,False,False,False,False,False,False,False,False,False,False,False,False,False,False,False,False,False,False,False,False,False,False,False,False,False,False,False,False,False,False,False,False,True,False,False,False,1.0
Shangela,31,0.11393315557585164,0.113,1,0.5816567942947711,12,0.0882816321029648,0.007793646566763225,True,False,False,False,False,False,False,False,False,False,False,False,False,False,False,False,False,False,False,False,False,False,False,False,False,False,False,False,False,False,False,False,False,True,False,False,False,1.0
Gabby Windey,31,0.1194001227009045,0.113,1,0.7748038580580148,18,-0.5663154403787071,0.3207131780113289,True,False,False,False,False,False,False,False,False,False,False,False,False,False,False,False,False,False,False,False,False,False,False,False,False,False,False,False,False,False,False,False,False,True,False,False,False,1.0
Jamie Lynn Spears,32,0.06608097784568373,0.048,1,0.7574035623916859,8,-0.49358243232518795,0.24362361750004874,False,False,False,True,False,False,False,False,False,False,False,False,False,False,False,False,False,False,False,False,False,False,False,False,False,False,False,False,False,False,False,False,False,False,True,False,False,1.0
Mira Sorvino,32,0.08177706967954645,0.078,1,0.6137423557920973,12,1.1792767529057513,1.3906936599439323,False,False,False,True,False,False,False,False,False,False,False,False,False,False,False,False,False,False,False,False,False,False,False,False,False,False,False,False,False,False,False,False,False,False,True,False,False,1.0
Barry Williams,32,0.09220696125495066,0.114,1,0.6543478919713449,14,2.1248058576014994,4.5147999324976436,False,False,False,True,False,False,False,False,False,False,False,False,False,False,False,False,False,False,False,False,False,False,False,False,False,False,False,False,False,False,False,False,False,False,True,False,False,1.0
Alyson Hannigan,32,0.11286054404984175,0.133,1,0.7978714550493053,11,0.7428787045846367,0.5518687697253479,False,False,False,True,False,False,False,False,False,False,False,False,False,False,False,False,False,False,False,False,False,False,False,False,False,False,False,False,False,False,False,False,False,False,True,False,False,1.0
Xochitl Gomez,32,0.1389977960100229,0.122,1,0.7748038580580148,18,-1.5845775531279744,2.5108860218770386,False,False,False,True,False,False,False,False,False,False,False,False,False,False,False,False,False,False,False,False,False,False,False,False,False,False,False,False,False,False,False,False,False,False,True,False,False,1.0
Adrian Peterson,32,0.07413968577861767,0.057,1,0.5911397826243432,5,-0.05718438400407338,0.0032700537739253233,False,False,False,False,False,False,False,False,False,False,False,False,False,False,False,False,False,False,False,False,False,False,False,False,False,False,False,False,False,False,False,False,False,False,True,False,False,1.0
Matt Walsh,32,0.05194805194805195,0.065,1,0.6978592336668346,1,1.3974757770663084,1.9529385474870826,False,False,False,True,False,False,False,False,False,False,False,False,False,False,False,False,False,False,False,False,False,False,False,False,False,False,False,False,False,False,False,False,False,False,True,False,False,1.0
Tyson Beckford,32,0.06316593623095171,0.073,1,0.7135418685299921,8,0.9610777287451939,0.9236704006900206,False,True,False,False,False,False,False,False,False,False,False,False,False,False,False,False,False,False,False,False,False,False,False,False,False,False,False,False,False,False,False,False,False,False,True,False,False,1.0
Jason Mraz,32,0.13540733247221257,0.126,1,0.7405481310865316,4,0.5246796804240793,0.275288767049914,False,False,False,True,False,False,False,False,False,False,False,False,False,False,False,False,False,False,False,False,False,False,False,False,False,False,False,False,False,False,False,False,False,False,True,False,False,1.0
Lele Pons,32,0.0985834043880511,0.068,0,0.6321787750825756,7,-0.8572474725927834,0.7348732292667151,True,False,False,False,False,False,False,False,False,False,False,False,False,False,False,False,False,False,False,False,False,False,False,False,False,False,False,False,False,False,False,False,False,False,True,False,False,1.0
Harry Jowsey,32,0.08908138886719807,0.13,0,0.7046585639222218,2,-0.9299804806463025,0.8648636943831277,True,False,False,False,False,False,False,False,False,False,False,False,False,False,False,False,False,False,False,False,False,False,False,False,False,False,False,False,False,False,False,False,False,False,True,False,False,1.0
Mauricio Umansky,32,0.0780356336765342,0.094,0,0.6687769620192423,15,1.033810736798713,1.0687646395202979,True,False,False,False,False,False,False,False,False,False,False,False,False,False,False,False,False,False,False,False,False,False,False,False,False,False,False,False,False,False,False,False,False,False,True,False,False,1.0
Charity Lawson,32,0.13461325854728431,0.122,1,0.6446201924230428,11,-0.8572474725927834,0.7348732292667151,True,False,False,False,False,False,False,False,False,False,False,False,False,False,False,False,False,False,False,False,False,False,False,False,False,False,False,False,False,False,False,False,False,False,True,False,False,1.0
Ariana Madix,32,0.1347812752420541,0.122,1,0.5306045774087234,6,-0.05718438400407338,0.0032700537739253233,True,False,False,False,False,False,False,False,False,False,False,False,False,False,False,False,False,False,False,False,False,False,False,False,False,False,False,False,False,False,False,False,False,False,True,False,False,1.0
Tori Spelling,33,0.07123466089194364,0.047,1,0.6013116481157941,6,0.8883447206916748,0.7891563427807697,False,False,False,True,False,False,False,False,False,False,False,False,False,False,False,False,False,False,False,False,False,False,False,False,False,False,False,False,False,False,False,False,False,False,False,True,False,1.0
Eric Roberts,33,0.0637317746160498,0.085,1,0.5941700856546461,5,2.1248058576014994,4.5147999324976436,False,False,False,True,False,False,False,False,False,False,False,False,False,False,False,False,False,False,False,False,False,False,False,False,False,False,False,False,False,False,False,False,False,False,False,True,False,1.0
Reginald VelJohnson,33,0.06298486622266673,0.085,1,0.6793830226253028,15,2.561203905922614,6.5597654477132545,False,False,False,True,False,False,False,False,False,False,False,False,False,False,False,False,False,False,False,False,False,False,False,False,False,False,False,False,False,False,False,False,False,False,False,True,False,1.0
Chandler Kinney,33,0.14370070716539785,0.132,1,0.6018757447795453,7,-1.0754464967533406,1.156585167379033,False,False,False,True,False,False,False,False,False,False,False,False,False,False,False,False,False,False,False,False,False,False,False,False,False,False,False,False,False,False,False,False,False,False,False,True,False,1.0
Dwight Howard ,33,0.11057684627047604,0.133,1,0.7652394891112231,4,-0.05718438400407338,0.0032700537739253233,False,False,False,False,False,False,False,False,False,False,False,False,False,False,False,False,False,False,False,False,False,False,False,False,False,False,False,False,False,False,False,False,False,False,False,True,False,1.0
Danny Amendola,33,0.1317763966943495,0.132,1,0.7444884314242984,13,0.015548624049445712,0.00024175970983100157,False,False,False,False,False,False,False,False,False,False,False,False,False,False,False,False,False,False,False,False,False,False,False,False,False,False,False,False,False,False,False,False,False,False,False,True,False,1.0
Stephen Nedoroscik,33,0.13283775576639686,0.132,1,0.6786845379481958,2,-0.9299804806463025,0.8648636943831277,False,False,False,False,False,False,False,False,False,False,False,False,False,False,False,False,False,False,False,False,False,False,False,False,False,False,False,False,False,False,False,False,False,False,False,True,False,1.0
Ilona Maher,33,0.12870323750355472,0.157,1,0.694466499454623,8,-0.7845144645392643,0.6154629450713286,False,False,False,False,False,False,False,False,False,False,False,False,False,False,False,False,False,False,False,False,False,False,False,False,False,False,False,False,False,False,False,False,False,False,False,True,False,1.0
Anna Delvey,33,0.06938298339767128,0.07,0,0.6774310804002015,0,-0.4208494242716688,0.1771142379097951,False,False,True,False,False,False,False,False,False,False,False,False,False,False,False,False,False,False,False,False,False,False,False,False,False,False,False,False,False,False,False,False,False,False,False,True,False,1.0
Brooks Nader,33,0.08878734021814683,0.058,1,0.6143365328568626,12,-0.8572474725927834,0.7348732292667151,False,True,False,False,False,False,False,False,False,False,False,False,False,False,False,False,False,False,False,False,False,False,False,False,False,False,False,False,False,False,False,False,False,False,False,True,False,1.0
Phaedra Parks,33,0.09480483176575596,0.09,1,0.6774310804002015,0,0.8883447206916748,0.7891563427807697,True,False,False,False,False,False,False,False,False,False,False,False,False,False,False,False,False,False,False,False,False,False,False,False,False,False,False,False,False,False,False,False,False,False,False,True,False,1.0
Jenn Tran,33,0.10560289376264932,0.081,1,0.8187047883826388,11,-0.9299804806463025,0.8648636943831277,True,False,False,False,False,False,False,False,False,False,False,False,False,False,False,False,False,False,False,False,False,False,False,False,False,False,False,False,False,False,False,False,False,False,False,True,False,1.0
Joey Graziadei,33,0.1409581231740816,0.132,1,0.6575978125859361,8,-0.7117814564857452,0.5066328417969688,True,False,False,False,False,False,False,False,False,False,False,False,False,False,False,False,False,False,False,False,False,False,False,False,False,False,False,False,False,False,False,False,False,False,False,True,False,1.0
Corey Feldman,34,0.05441744165643095,0.066,1,0.720534875522999,8,1.1065437448522322,1.224439059271602,False,False,False,True,False,False,False,False,False,False,False,False,False,False,False,False,False,False,False,False,False,False,False,False,False,False,False,False,False,False,False,False,False,False,False,False,True,1.0
Danielle Fishel,34,0.09182263357458353,0.095,1,0.5553979658384753,6,0.3792136643170412,0.14380300320475758,False,False,False,True,False,False,False,False,False,False,False,False,False,False,False,False,False,False,False,False,False,False,False,False,False,False,False,False,False,False,False,False,False,False,False,False,True,1.0
Elaine Hendrix,34,0.11319161287516101,0.113,1,0.6774310804002015,0,1.1792767529057513,1.3906936599439323,False,False,False,True,False,False,False,False,False,False,False,False,False,False,False,False,False,False,False,False,False,False,False,False,False,False,False,False,False,False,False,False,False,False,False,False,True,1.0
Baron Davis,34,0.06286190559747323,0.063,1,0.6093216008061614,5,0.5246796804240793,0.275288767049914,False,False,False,False,False,False,False,False,False,False,False,False,False,False,False,False,False,False,False,False,False,False,False,False,False,False,False,False,False,False,False,False,False,False,False,False,True,1.0
Jordan Chiles,34,0.11837002854867058,0.113,1,0.6774310804002015,0,-1.0754464967533406,1.156585167379033,False,False,False,False,False,False,False,False,False,False,False,False,False,False,False,False,False,False,False,False,False,False,False,False,False,False,False,False,False,False,False,False,False,False,False,False,True,1.0
Andy Richter,34,0.07985188146483803,0.119,1,0.6774310804002015,0,1.4702087851198276,2.1615138718435194,False,False,False,True,False,False,False,False,False,False,False,False,False,False,False,False,False,False,False,False,False,False,False,False,False,False,False,False,False,False,False,False,False,False,False,False,True,1.0
Robert Irwin,34,0.12182882693949497,0.113,0,0.6774310804002015,0,-1.2209125128603788,1.4906273640590446,False,False,True,False,False,False,False,False,False,False,False,False,False,False,False,False,False,False,False,False,False,False,False,False,False,False,False,False,False,False,False,False,False,False,False,False,True,1.0
Hilaria Baldwin,34,0.08481261758204955,0.048,1,0.619089949374985,12,0.1610146401564839,0.025925714344721996,False,False,True,False,False,False,False,False,False,False,False,False,False,False,False,False,False,False,False,False,False,False,False,False,False,False,False,False,False,False,False,False,False,False,False,False,True,1.0
Lauren Jauregui,34,0.07494892384469572,0.072,1,0.6624818053856059,7,-0.7117814564857452,0.5066328417969688,False,False,False,True,False,False,False,False,False,False,False,False,False,False,False,False,False,False,False,False,False,False,False,False,False,False,False,False,False,False,False,False,False,False,False,False,True,1.0
Scott Hoying,34,0.07903398832235581,0.09,1,0.7436196028832609,2,-0.34811641621814976,0.12118503924056809,False,False,False,True,False,False,False,False,False,False,False,False,False,False,False,False,False,False,False,False,False,False,False,False,False,False,False,False,False,False,False,False,False,False,False,False,True,1.0
Alix Earle,34,0.12117864766322252,0.113,1,0.6774310804002015,0,-1.0754464967533406,1.156585167379033,True,False,False,False,False,False,False,False,False,False,False,False,False,False,False,False,False,False,False,False,False,False,False,False,False,False,False,False,False,False,False,False,False,False,False,False,True,1.0
Jen Affleck,34,0.08687976596138615,0.082,1,0.6774310804002015,0,-0.9299804806463025,0.8648636943831277,True,False,False,False,False,False,False,False,False,False,False,False,False,False,False,False,False,False,False,False,False,False,False,False,False,False,False,False,False,False,False,False,False,False,False,False,True,1.0
Whitney Leavitt,34,0.1166606802597689,0.086,1,0.7463953069891314,20,-0.49358243232518795,0.24362361750004874,True,False,False,False,False,False,False,False,False,False,False,False,False,False,False,False,False,False,False,False,False,False,False,False,False,False,False,False,False,False,False,False,False,False,False,False,True,1.0
Dylan Efron,34,0.1162606082996481,0.14,1,0.6774310804002015,0,-0.4208494242716688,0.1771142379097951,True,False,False,False,False,False,False,False,False,False,False,False,False,False,False,False,False,False,False,False,False,False,False,False,False,False,False,False,False,False,False,False,False,False,False,False,True,1.0
