season,week,celebrity_name,judge_percent,judge_rank,eliminated_this_week,rule_type,p_min,p_max,min_ok,max_ok
1,1,Joey McIntyre,0.183,1,0,S1-2_rank,0.0,1.0,1,1
1,1,John O'Hurley,0.183,1,0,S1-2_rank,0.0,1.0,1,1
1,1,Rachel Hunter,0.183,1,0,S1-2_rank,0.0,1.0,1,1
1,1,Evander Holyfield,0.165,4,0,S1-2_rank,0.0,1.0,1,1
1,1,Trista Sutter,0.165,4,0,S1-2_rank,0.0,1.0,1,1
1,1,Kelly Monaco,0.119,6,0,S1-2_rank,0.0,1.0,1,1
1,2,John O'Hurley,0.215,1,0,S1-2_rank,0.0,0.8523642898048964,1,1
1,2,Rachel Hunter,0.198,2,0,S1-2_rank,1.3877787807814457e-16,0.8523642898079067,1,1
1,2,Joey McIntyre,0.174,3,0,S1-2_rank,0.0,0.8523642898111424,1,1
1,2,Trista Sutter,0.157,4,1,S1-2_rank,0.0,0.19223608366490957,1,1
1,2,Kelly Monaco,0.14,5,0,S1-2_rank,0.0447010430125472,0.8901387876759711,1,1
1,2,Evander Holyfield,0.116,6,0,S1-2_rank,0.09105070479271987,0.9576351072860078,1,1
1,3,Rachel Hunter,0.245,1,0,S1-2_rank,0.0,1.0,1,1
1,3,John O'Hurley,0.226,2,0,S1-2_rank,8.326672684688674e-17,1.0,1,1
1,3,Joey McIntyre,0.208,3,0,S1-2_rank,8.326672684688674e-17,1.0,1,1
1,3,Kelly Monaco,0.198,4,0,S1-2_rank,0.0,1.0,1,1
1,3,Evander Holyfield,0.123,5,1,S1-2_rank,8.326672684688674e-17,0.44789455398371464,1,1
1,4,Kelly Monaco,0.283,1,0,S1-2_rank,0.0,0.4713225341024476,1,1
1,4,Rachel Hunter,0.272,2,1,S1-2_rank,0.0,0.19506874095625126,1,1
1,4,John O'Hurley,0.228,3,0,S1-2_rank,0.18730852325633346,0.4999818441473228,1,1
1,4,Joey McIntyre,0.217,4,0,S1-2_rank,0.299702974187399,0.9195281093336212,1,1
1,5,John O'Hurley,0.37,1,0,S1-2_rank,5.551115123125783e-16,0.9999999999999946,1,1
1,5,Kelly Monaco,0.322,2,0,S1-2_rank,7.216449660063518e-16,0.9999999999999958,1,1
1,5,Joey McIntyre,0.308,3,1,S1-2_rank,0.0,0.6782458706662927,1,1
1,6,Kelly Monaco,0.505,1,0,S1-2_rank,0.0,1.0,1,1
1,6,John O'Hurley,0.495,2,0,S1-2_rank,0.0,1.0,1,1
2,1,Drew Lachey,0.123,1,0,S1-2_rank,0.0,0.9774007438725764,1,1
2,1,Giselle Fernandez,0.118,2,0,S1-2_rank,0.0,0.9774007438561285,1,1
2,1,Tatum O'Neal,0.118,2,0,S1-2_rank,0.0,0.9774007438561183,1,1
2,1,Stacy Keibler,0.113,4,0,S1-2_rank,0.0,0.9774007438725859,1,1
2,1,Jerry Rice,0.108,5,0,S1-2_rank,4.718447854656915e-16,0.9774007438725619,1,1
2,1,Tia Carrere,0.103,6,0,S1-2_rank,0.0,0.977400743856113,1,1
2,1,Lisa Rinna,0.097,7,0,S1-2_rank,0.0,0.9774007438604068,1,1
2,1,George Hamilton,0.092,8,0,S1-2_rank,0.0,0.9774007438742823,1,1
2,1,Kenny Mayne,0.067,9,1,S1-2_rank,0.0,0.2232515725699621,1,1
2,1,Master P,0.062,10,0,S1-2_rank,0.02876255836063983,1.0,1,1
2,2,Stacy Keibler,0.145,1,0,S1-2_rank,0.0,0.9744587188763697,1,1
2,2,Drew Lachey,0.135,2,0,S1-2_rank,2.0816681711721685e-16,0.9744587188763765,1,1
2,2,Giselle Fernandez,0.12,3,0,S1-2_rank,1.942890293094024e-16,0.974458718872778,1,1
2,2,Jerry Rice,0.115,4,0,S1-2_rank,0.0,0.9744587188763698,1,1
2,2,George Hamilton,0.11,5,0,S1-2_rank,0.0,0.9744587188727681,1,1
2,2,Tia Carrere,0.11,5,0,S1-2_rank,5.551115123125783e-17,0.9744587188727726,1,1
2,2,Lisa Rinna,0.1,7,0,S1-2_rank,1.3877787807814457e-17,0.9744587188730148,1,1
2,2,Tatum O'Neal,0.085,8,1,S1-2_rank,1.3877787807814457e-16,0.25154881054343636,1,1
2,2,Master P,0.08,9,0,S1-2_rank,0.033707390805686716,0.9999999999999998,1,1
2,3,Drew Lachey,0.148,1,0,S1-2_rank,3.822722540141599e-15,0.8128021814687851,1,1
2,3,Stacy Keibler,0.148,1,0,S1-2_rank,0.0,0.8128021814687756,1,1
2,3,Tia Carrere,0.143,3,0,S1-2_rank,0.0,0.8128021814727175,1,1
2,3,Lisa Rinna,0.137,4,0,S1-2_rank,6.938893903907228e-17,0.8128021814691091,1,1
2,3,George Hamilton,0.121,5,0,S1-2_rank,0.0,0.812802181468792,1,1
2,3,Giselle Fernandez,0.121,5,1,S1-2_rank,3.191891195797325e-16,0.13033848073905452,1,1
2,3,Jerry Rice,0.104,7,0,S1-2_rank,0.06021305097672154,0.871752566758738,1,1
2,3,Master P,0.077,8,0,S1-2_rank,0.09736546532206515,0.9350358516485552,1,1
2,4,Drew Lachey,0.177,1,0,S1-2_rank,0.0,1.0,1,1
2,4,Lisa Rinna,0.165,2,0,S1-2_rank,0.0,1.0,1,1
2,4,Stacy Keibler,0.165,2,0,S1-2_rank,0.0,0.9999999992186079,1,1
2,4,Tia Carrere,0.158,4,0,S1-2_rank,2.220446049250313e-16,0.9999999999999979,1,1
2,4,Jerry Rice,0.152,5,0,S1-2_rank,8.326672684688674e-17,0.9999999999999999,1,1
2,4,George Hamilton,0.133,6,0,S1-2_rank,0.0,0.9999999999999928,1,1
2,4,Master P,0.051,7,1,S1-2_rank,7.771561172376096e-16,0.41113166368314985,1,1
2,5,Stacy Keibler,0.199,1,0,S1-2_rank,5.273559366969494e-16,0.9999999999999971,1,1
2,5,Drew Lachey,0.179,2,0,S1-2_rank,0.0,1.0,1,1
2,5,Lisa Rinna,0.166,3,0,S1-2_rank,0.0,1.0,1,1
2,5,George Hamilton,0.159,4,0,S1-2_rank,0.0,1.0,1,1
2,5,Jerry Rice,0.152,5,0,S1-2_rank,1.6653345369377348e-16,0.9999999999999927,1,1
2,5,Tia Carrere,0.146,6,1,S1-2_rank,0.0,0.4004128000512654,1,1
2,6,Drew Lachey,0.226,1,0,S1-2_rank,0.0,0.9999999999999982,1,1
2,6,Stacy Keibler,0.226,1,0,S1-2_rank,0.0,1.0,1,1
2,6,Lisa Rinna,0.203,3,0,S1-2_rank,1.942890293094024e-16,0.9999999999999989,1,1
2,6,George Hamilton,0.173,4,1,S1-2_rank,0.0,0.3599243066437163,1,1
2,6,Jerry Rice,0.173,4,0,S1-2_rank,0.0,1.0,1,1
2,7,Drew Lachey,0.27,1,0,S1-2_rank,0.0,0.9195281093348844,1,1
2,7,Stacy Keibler,0.27,1,0,S1-2_rank,0.0,0.9195281093348676,1,1
2,7,Lisa Rinna,0.26,3,1,S1-2_rank,8.326672684688674e-17,0.33331207331679225,1,1
2,7,Jerry Rice,0.201,4,0,S1-2_rank,0.20038047029026462,0.9999999999999983,1,1
2,8,Drew Lachey,0.344,1,0,S1-2_rank,0.0,1.0,1,1
2,8,Stacy Keibler,0.34,2,0,S1-2_rank,0.0,1.0,1,1
2,8,Jerry Rice,0.316,3,0,S1-2_rank,0.0,1.0,1,1
3,1,Mario Lopez,0.123,1,0,S3-27_percent,0.0,1.0,1,1
3,1,Emmitt Smith,0.113,2,0,S3-27_percent,0.0,1.0,1,1
3,1,Vivica A. Fox,0.104,3,0,S3-27_percent,0.0,1.0,1,1
3,1,Willa Ford,0.104,3,0,S3-27_percent,0.0,1.0,1,1
3,1,Joey Lawrence,0.099,5,0,S3-27_percent,0.0,1.0,1,1
3,1,Monique Coleman,0.09,6,0,S3-27_percent,0.0,1.0,1,1
3,1,Shanna Moakler,0.085,7,0,S3-27_percent,0.0,1.0,1,1
3,1,Harry Hamlin,0.08,8,0,S3-27_percent,0.0,1.0,1,1
3,1,Jerry Springer,0.075,9,0,S3-27_percent,0.0,1.0,1,1
3,1,Sara Evans,0.071,10,0,S3-27_percent,0.0,1.0,1,1
3,1,Tucker Carlson,0.057,11,1,S3-27_percent,0.0,0.1249090909090909,1,1
3,2,Joey Lawrence,0.126,1,0,S3-27_percent,0.0,0.972,1,1
3,2,Monique Coleman,0.113,2,0,S3-27_percent,0.0,0.972,1,1
3,2,Emmitt Smith,0.104,3,0,S3-27_percent,0.0,0.972,1,1
3,2,Vivica A. Fox,0.104,3,0,S3-27_percent,0.0,0.972,1,1
3,2,Willa Ford,0.1,5,0,S3-27_percent,0.0,0.972,1,1
3,2,Shanna Moakler,0.096,6,1,S3-27_percent,0.0,0.10389999999999999,1,1
3,2,Harry Hamlin,0.091,7,0,S3-27_percent,0.0050000000000000044,0.977,1,1
3,2,Mario Lopez,0.091,7,0,S3-27_percent,0.0050000000000000044,0.977,1,1
3,2,Sara Evans,0.091,7,0,S3-27_percent,0.0050000000000000044,0.977,1,1
3,2,Jerry Springer,0.083,10,0,S3-27_percent,0.012999999999999998,0.985,1,1
3,3,Monique Coleman,0.13,1,0,S3-27_percent,0.0,0.981,1,1
3,3,Vivica A. Fox,0.13,1,0,S3-27_percent,0.0,0.981,1,1
3,3,Sara Evans,0.121,3,0,S3-27_percent,0.0,0.981,1,1
3,3,Harry Hamlin,0.106,4,1,S3-27_percent,0.0,0.116,1,1
3,3,Joey Lawrence,0.106,4,0,S3-27_percent,-0.0,0.981,1,1
3,3,Mario Lopez,0.106,4,0,S3-27_percent,0.0,0.981,1,1
3,3,Willa Ford,0.106,4,0,S3-27_percent,0.0,0.981,1,1
3,3,Jerry Springer,0.101,8,0,S3-27_percent,0.0049999999999999906,0.986,1,1
3,3,Emmitt Smith,0.092,9,0,S3-27_percent,0.013999999999999999,0.995,1,1
3,4,Mario Lopez,0.146,1,0,S3-27_percent,0.0,0.97,1,1
3,4,Willa Ford,0.141,2,0,S3-27_percent,0.0,0.97,1,1
3,4,Joey Lawrence,0.136,3,0,S3-27_percent,0.0,0.97,1,1
3,4,Emmitt Smith,0.121,4,0,S3-27_percent,0.0,0.97,1,1
3,4,Monique Coleman,0.121,4,0,S3-27_percent,0.0,0.97,1,1
3,4,Vivica A. Fox,0.121,4,1,S3-27_percent,0.0,0.12874999999999998,1,1
3,4,Jerry Springer,0.111,7,0,S3-27_percent,0.009999999999999995,0.98,1,1
3,4,Sara Evans,0.101,8,0,S3-27_percent,0.01999999999999999,0.99,1,1
3,5,Emmitt Smith,0.149,1,0,S3-27_percent,-0.0,0.973,1,1
3,5,Mario Lopez,0.149,1,0,S3-27_percent,0.0,0.973,1,1
3,5,Monique Coleman,0.149,1,0,S3-27_percent,0.0,0.973,1,1
3,5,Willa Ford,0.149,1,1,S3-27_percent,0.0,0.16216666666666665,1,1
3,5,Joey Lawrence,0.138,5,0,S3-27_percent,0.010999999999999982,0.984,1,1
3,5,Jerry Springer,0.133,6,0,S3-27_percent,0.015999999999999986,0.989,1,1
3,5,Sara Evans,0.133,6,1,S3-27_percent,0.0,0.1755,1,1
3,6,Mario Lopez,0.237,1,0,S3-27_percent,0.0,1.0,1,1
3,6,Emmitt Smith,0.212,2,0,S3-27_percent,0.0,1.0,1,1
3,6,Joey Lawrence,0.203,3,0,S3-27_percent,0.0,1.0,1,1
3,6,Monique Coleman,0.195,4,0,S3-27_percent,0.0,1.0,1,1
3,6,Jerry Springer,0.153,5,0,S3-27_percent,0.0,1.0,1,1
3,7,Emmitt Smith,0.211,1,0,S3-27_percent,0.0,1.0,1,1
3,7,Joey Lawrence,0.211,1,0,S3-27_percent,0.0,1.0,1,1
3,7,Mario Lopez,0.207,3,0,S3-27_percent,0.0,1.0,1,1
3,7,Monique Coleman,0.2,4,0,S3-27_percent,0.0,1.0,1,1
3,7,Jerry Springer,0.17,5,1,S3-27_percent,0.0,0.22979999999999995,1,1
3,8,Mario Lopez,0.261,1,0,S3-27_percent,0.0,1.0,1,1
3,8,Emmitt Smith,0.248,2,0,S3-27_percent,0.0,1.0,1,1
3,8,Joey Lawrence,0.248,2,0,S3-27_percent,0.0,1.0,1,1
3,8,Monique Coleman,0.243,4,1,S3-27_percent,0.0,0.25699999999999995,1,1
3,9,Emmitt Smith,0.333,1,0,S3-27_percent,-0.0,1.0,1,1
3,9,Joey Lawrence,0.333,1,1,S3-27_percent,0.0,0.3333333333333333,1,1
3,9,Mario Lopez,0.333,1,0,S3-27_percent,0.0,1.0,1,1
3,10,Emmitt Smith,0.5,1,0,S3-27_percent,0.0,1.0,1,1
3,10,Mario Lopez,0.5,1,0,S3-27_percent,0.0,1.0,1,1
4,1,Joey Fatone,0.117,1,0,S3-27_percent,0.0,1.0,1,1
4,1,Laila Ali,0.112,2,0,S3-27_percent,0.0,1.0,1,1
4,1,Apolo Anton Ohno,0.102,3,0,S3-27_percent,0.0,1.0,1,1
4,1,Ian Ziering,0.102,3,0,S3-27_percent,0.0,1.0,1,1
4,1,Paulina Porizkova,0.092,5,0,S3-27_percent,0.0,1.0,1,1
4,1,Shandi Finnessey,0.092,5,0,S3-27_percent,0.0,1.0,1,1
4,1,Heather Mills,0.087,7,0,S3-27_percent,0.0,1.0,1,1
4,1,John Ratzenberger,0.083,8,0,S3-27_percent,0.0,1.0,1,1
4,1,Clyde Drexler,0.078,9,0,S3-27_percent,0.0,1.0,1,1
4,1,Leeza Gibbons,0.073,10,0,S3-27_percent,0.0,1.0,1,1
4,1,Billy Ray Cyrus,0.063,11,0,S3-27_percent,0.0,1.0,1,1
4,2,Laila Ali,0.11,1,0,S3-27_percent,0.0,0.983,1,1
4,2,Apolo Anton Ohno,0.106,2,0,S3-27_percent,0.0,0.983,1,1
4,2,Heather Mills,0.098,3,0,S3-27_percent,0.0,0.983,1,1
4,2,Joey Fatone,0.098,3,0,S3-27_percent,0.0,0.983,1,1
4,2,Ian Ziering,0.09,5,0,S3-27_percent,0.0,0.983,1,1
4,2,Billy Ray Cyrus,0.086,6,0,S3-27_percent,-0.0,0.983,1,1
4,2,John Ratzenberger,0.086,6,0,S3-27_percent,0.0,0.983,1,1
4,2,Leeza Gibbons,0.086,6,0,S3-27_percent,0.0,0.983,1,1
4,2,Paulina Porizkova,0.086,6,1,S3-27_percent,0.0,0.09590909090909092,1,1
4,2,Shandi Finnessey,0.082,10,0,S3-27_percent,0.00399999999999999,0.987,1,1
4,2,Clyde Drexler,0.073,11,0,S3-27_percent,0.012999999999999998,0.996,1,1
4,3,Heather Mills,0.11,1,0,S3-27_percent,0.0,0.973,1,1
4,3,Ian Ziering,0.11,1,0,S3-27_percent,0.0,0.973,1,1
4,3,Joey Fatone,0.11,1,0,S3-27_percent,0.0,0.973,1,1
4,3,Leeza Gibbons,0.11,1,0,S3-27_percent,0.0,0.973,1,1
4,3,Apolo Anton Ohno,0.106,5,0,S3-27_percent,0.0,0.973,1,1
4,3,Billy Ray Cyrus,0.096,6,0,S3-27_percent,-0.0,0.973,1,1
4,3,Laila Ali,0.096,6,0,S3-27_percent,0.0,0.973,1,1
4,3,Shandi Finnessey,0.096,6,1,S3-27_percent,0.0,0.10389999999999999,1,1
4,3,John Ratzenberger,0.092,9,0,S3-27_percent,0.0040000000000000036,0.977,1,1
4,3,Clyde Drexler,0.073,10,0,S3-27_percent,0.023000000000000007,0.996,1,1
4,4,Joey Fatone,0.147,1,0,S3-27_percent,0.0,0.995,1,1
4,4,Apolo Anton Ohno,0.137,2,0,S3-27_percent,0.0,0.995,1,1
4,4,Ian Ziering,0.126,3,0,S3-27_percent,0.0,0.995,1,1
4,4,Heather Mills,0.121,4,0,S3-27_percent,0.0,0.995,1,1
4,4,Billy Ray Cyrus,0.111,5,0,S3-27_percent,0.0,0.995,1,1
4,4,Laila Ali,0.111,5,0,S3-27_percent,0.0,0.995,1,1
4,4,John Ratzenberger,0.084,7,0,S3-27_percent,-0.0,0.995,1,1
4,4,Leeza Gibbons,0.084,7,1,S3-27_percent,0.0,0.1382222222222222,1,1
4,4,Clyde Drexler,0.079,9,0,S3-27_percent,0.0050000000000000044,1.0,1,1
4,5,Apolo Anton Ohno,0.17,1,0,S3-27_percent,0.0,1.0,1,1
4,5,Laila Ali,0.159,2,0,S3-27_percent,0.0,1.0,1,1
4,5,Joey Fatone,0.142,3,0,S3-27_percent,0.0,1.0,1,1
4,5,Ian Ziering,0.136,4,0,S3-27_percent,0.0,1.0,1,1
4,5,Heather Mills,0.119,5,0,S3-27_percent,0.0,1.0,1,1
4,5,John Ratzenberger,0.102,6,0,S3-27_percent,0.0,1.0,1,1
4,5,Billy Ray Cyrus,0.097,7,0,S3-27_percent,0.0,1.0,1,1
4,5,Clyde Drexler,0.074,8,1,S3-27_percent,0.0,0.175875,1,1
4,6,Apolo Anton Ohno,0.165,1,0,S3-27_percent,0.0,0.966,1,1
4,6,Laila Ali,0.165,1,0,S3-27_percent,0.0,0.966,1,1
4,6,Joey Fatone,0.159,3,0,S3-27_percent,0.0,0.966,1,1
4,6,Ian Ziering,0.141,4,0,S3-27_percent,0.0,0.966,1,1
4,6,Heather Mills,0.135,5,1,S3-27_percent,0.0,0.15085714285714286,1,1
4,6,Billy Ray Cyrus,0.124,6,0,S3-27_percent,0.01100000000000001,0.977,1,1
4,6,John Ratzenberger,0.112,7,0,S3-27_percent,0.023000000000000007,0.989,1,1
4,7,Joey Fatone,0.191,1,0,S3-27_percent,0.0,0.977,1,1
4,7,Laila Ali,0.191,1,0,S3-27_percent,0.0,0.977,1,1
4,7,Apolo Anton Ohno,0.175,3,0,S3-27_percent,0.0,0.977,1,1
4,7,Ian Ziering,0.175,3,0,S3-27_percent,0.0,0.977,1,1
4,7,John Ratzenberger,0.146,5,1,S3-27_percent,0.0,0.18749999999999997,1,1
4,7,Billy Ray Cyrus,0.123,6,0,S3-27_percent,0.022999999999999993,1.0,1,1
4,8,Apolo Anton Ohno,0.231,1,0,S3-27_percent,0.0,1.0,1,1
4,8,Joey Fatone,0.219,2,0,S3-27_percent,0.0,1.0,1,1
4,8,Laila Ali,0.211,3,0,S3-27_percent,0.0,1.0,1,1
4,8,Ian Ziering,0.187,4,0,S3-27_percent,0.0,1.0,1,1
4,8,Billy Ray Cyrus,0.151,5,1,S3-27_percent,0.0,0.24880000000000005,1,1
4,9,Joey Fatone,0.253,1,0,S3-27_percent,0.0,1.0,1,1
4,9,Laila Ali,0.253,1,0,S3-27_percent,0.0,1.0,1,1
4,9,Apolo Anton Ohno,0.249,3,0,S3-27_percent,0.0,1.0,1,1
4,9,Ian Ziering,0.245,4,1,S3-27_percent,0.0,0.255,1,1
4,10,Apolo Anton Ohno,0.34,1,0,S3-27_percent,0.0,1.0,1,1
4,10,Joey Fatone,0.332,2,0,S3-27_percent,0.0,1.0,1,1
4,10,Laila Ali,0.328,3,0,S3-27_percent,0.0,1.0,1,1
5,1,Sabrina Bryan,0.101,1,0,S3-27_percent,0.0,1.0,1,1
5,1,Helio Castroneves,0.097,2,0,S3-27_percent,0.0,1.0,1,1
5,1,Jane Seymour,0.093,3,0,S3-27_percent,0.0,1.0,1,1
5,1,Mel B,0.093,3,0,S3-27_percent,0.0,1.0,1,1
5,1,Albert Reed,0.082,5,0,S3-27_percent,0.0,1.0,1,1
5,1,Cameron Mathison,0.082,5,0,S3-27_percent,0.0,1.0,1,1
5,1,Jennie Garth,0.082,5,0,S3-27_percent,0.0,1.0,1,1
5,1,Marie Osmond,0.082,5,0,S3-27_percent,0.0,1.0,1,1
5,1,Mark Cuban,0.082,5,0,S3-27_percent,0.0,1.0,1,1
5,1,Wayne Newton,0.074,10,0,S3-27_percent,0.0,1.0,1,1
5,1,Floyd Mayweather Jr. ,0.07,11,0,S3-27_percent,0.0,1.0,1,1
5,1,Josie Maran,0.062,12,1,S3-27_percent,0.0,0.10466666666666664,1,1
5,2,Helio Castroneves,0.113,1,0,S3-27_percent,0.0,0.963,1,1
5,2,Sabrina Bryan,0.109,2,0,S3-27_percent,0.0,0.963,1,1
5,2,Marie Osmond,0.101,3,0,S3-27_percent,0.0,0.963,1,1
5,2,Mel B,0.097,4,0,S3-27_percent,0.0,0.963,1,1
5,2,Albert Reed,0.088,5,1,S3-27_percent,0.0,0.09372727272727273,1,1
5,2,Cameron Mathison,0.088,5,0,S3-27_percent,-0.0,0.963,1,1
5,2,Floyd Mayweather Jr. ,0.088,5,0,S3-27_percent,0.0,0.963,1,1
5,2,Jane Seymour,0.088,5,0,S3-27_percent,0.0,0.963,1,1
5,2,Jennie Garth,0.088,5,0,S3-27_percent,0.0,0.963,1,1
5,2,Mark Cuban,0.076,10,0,S3-27_percent,0.011999999999999997,0.975,1,1
5,2,Wayne Newton,0.063,11,0,S3-27_percent,0.024999999999999994,0.988,1,1
5,3,Jane Seymour,0.113,1,0,S3-27_percent,0.0,1.0,1,1
5,3,Mel B,0.113,1,0,S3-27_percent,0.0,1.0,1,1
5,3,Sabrina Bryan,0.113,1,0,S3-27_percent,0.0,1.0,1,1
5,3,Jennie Garth,0.109,4,0,S3-27_percent,0.0,1.0,1,1
5,3,Marie Osmond,0.109,4,0,S3-27_percent,0.0,1.0,1,1
5,3,Helio Castroneves,0.1,6,0,S3-27_percent,0.0,1.0,1,1
5,3,Cameron Mathison,0.096,7,0,S3-27_percent,0.0,1.0,1,1
5,3,Floyd Mayweather Jr. ,0.088,8,0,S3-27_percent,0.0,1.0,1,1
5,3,Mark Cuban,0.084,9,0,S3-27_percent,0.0,1.0,1,1
5,3,Wayne Newton,0.075,10,1,S3-27_percent,0.0,0.12499999999999997,1,1
5,4,Sabrina Bryan,0.128,1,0,S3-27_percent,0.0,0.996,1,1
5,4,Cameron Mathison,0.115,2,0,S3-27_percent,0.0,0.996,1,1
5,4,Helio Castroneves,0.115,2,0,S3-27_percent,0.0,0.996,1,1
5,4,Jennie Garth,0.115,2,0,S3-27_percent,0.0,0.996,1,1
5,4,Jane Seymour,0.111,5,0,S3-27_percent,0.0,0.996,1,1
5,4,Marie Osmond,0.111,5,0,S3-27_percent,0.0,0.996,1,1
5,4,Mel B,0.111,5,0,S3-27_percent,0.0,0.996,1,1
5,4,Floyd Mayweather Jr. ,0.098,8,1,S3-27_percent,0.0,0.12399999999999993,1,1
5,4,Mark Cuban,0.094,9,0,S3-27_percent,0.0040000000000000036,1.0,1,1
5,5,Mel B,0.146,1,0,S3-27_percent,0.0,1.0,1,1
5,5,Sabrina Bryan,0.141,2,0,S3-27_percent,0.0,1.0,1,1
5,5,Cameron Mathison,0.131,3,0,S3-27_percent,0.0,1.0,1,1
5,5,Jane Seymour,0.131,3,0,S3-27_percent,0.0,1.0,1,1
5,5,Jennie Garth,0.126,5,0,S3-27_percent,0.0,1.0,1,1
5,5,Helio Castroneves,0.116,6,0,S3-27_percent,0.0,1.0,1,1
5,5,Marie Osmond,0.106,7,0,S3-27_percent,-0.0,1.0,1,1
5,5,Mark Cuban,0.106,7,1,S3-27_percent,0.0,0.14437499999999998,1,1
5,6,Mel B,0.167,1,0,S3-27_percent,0.0,0.972,1,1
5,6,Helio Castroneves,0.156,2,0,S3-27_percent,0.0,0.972,1,1
5,6,Jennie Garth,0.15,3,0,S3-27_percent,0.0,0.972,1,1
5,6,Cameron Mathison,0.139,4,0,S3-27_percent,-0.0,0.972,1,1
5,6,Sabrina Bryan,0.139,4,1,S3-27_percent,0.0,0.14685714285714285,1,1
5,6,Marie Osmond,0.128,6,0,S3-27_percent,0.01100000000000001,0.983,1,1
5,6,Jane Seymour,0.122,7,0,S3-27_percent,0.017000000000000015,0.989,1,1
5,7,Mel B,0.173,1,0,S3-27_percent,0.0,1.0,1,1
5,7,Jennie Garth,0.17,2,0,S3-27_percent,0.0,1.0,1,1
5,7,Helio Castroneves,0.167,3,0,S3-27_percent,0.0,1.0,1,1
5,7,Marie Osmond,0.167,3,0,S3-27_percent,0.0,1.0,1,1
5,7,Cameron Mathison,0.163,5,0,S3-27_percent,0.0,1.0,1,1
5,7,Jane Seymour,0.16,6,1,S3-27_percent,0.0,0.17333333333333337,1,1
5,8,Helio Castroneves,0.217,1,0,S3-27_percent,0.0,0.988,1,1
5,8,Mel B,0.213,2,0,S3-27_percent,0.0,0.988,1,1
5,8,Cameron Mathison,0.194,3,1,S3-27_percent,0.0,0.206,1,1
5,8,Jennie Garth,0.19,4,0,S3-27_percent,0.0040000000000000036,0.992,1,1
5,8,Marie Osmond,0.186,5,0,S3-27_percent,0.008000000000000007,0.996,1,1
5,9,Helio Castroneves,0.256,1,0,S3-27_percent,0.0,0.991,1,1
5,9,Mel B,0.256,1,0,S3-27_percent,0.0,0.991,1,1
5,9,Jennie Garth,0.248,3,1,S3-27_percent,0.0,0.25175000000000003,1,1
5,9,Marie Osmond,0.239,4,0,S3-27_percent,0.009000000000000008,1.0,1,1
5,10,Mel B,0.357,1,0,S3-27_percent,0.0,1.0,1,1
5,10,Helio Castroneves,0.353,2,0,S3-27_percent,0.0,1.0,1,1
5,10,Marie Osmond,0.29,3,0,S3-27_percent,0.0,1.0,1,1
6,1,Kristi Yamaguchi,0.111,1,0,S3-27_percent,0.0,1.0,1,1
6,1,Mario,0.099,2,0,S3-27_percent,0.0,1.0,1,1
6,1,Priscilla Presley,0.099,2,0,S3-27_percent,0.0,1.0,1,1
6,1,Jason Taylor,0.091,4,0,S3-27_percent,0.0,1.0,1,1
6,1,Marlee Matlin,0.091,4,0,S3-27_percent,0.0,1.0,1,1
6,1,Cristian de la Fuente,0.086,6,0,S3-27_percent,0.0,1.0,1,1
6,1,Shannon Elizabeth,0.086,6,0,S3-27_percent,0.0,1.0,1,1
6,1,Marissa Jaret Winokur,0.074,8,0,S3-27_percent,0.0,1.0,1,1
6,1,Steve Guttenberg,0.074,8,0,S3-27_percent,0.0,1.0,1,1
6,1,Penn Jillette,0.066,10,0,S3-27_percent,0.0,1.0,1,1
6,1,Adam Carolla,0.062,11,0,S3-27_percent,0.0,1.0,1,1
6,1,Monica Seles,0.062,11,0,S3-27_percent,0.0,1.0,1,1
6,2,Jason Taylor,0.105,1,0,S3-27_percent,0.0,0.996,1,1
6,2,Kristi Yamaguchi,0.105,1,0,S3-27_percent,0.0,0.996,1,1
6,2,Mario,0.101,3,0,S3-27_percent,0.0,0.996,1,1
6,2,Marlee Matlin,0.093,4,0,S3-27_percent,0.0,0.996,1,1
6,2,Shannon Elizabeth,0.093,4,0,S3-27_percent,0.0,0.996,1,1
6,2,Marissa Jaret Winokur,0.082,6,0,S3-27_percent,0.0,0.996,1,1
6,2,Priscilla Presley,0.082,6,0,S3-27_percent,0.0,0.996,1,1
6,2,Cristian de la Fuente,0.078,8,0,S3-27_percent,0.0,0.996,1,1
6,2,Adam Carolla,0.074,9,0,S3-27_percent,0.0,0.996,1,1
6,2,Penn Jillette,0.066,10,1,S3-27_percent,0.0,0.11045454545454543,1,1
6,2,Steve Guttenberg,0.062,11,0,S3-27_percent,0.0040000000000000036,1.0,1,1
6,2,Monica Seles,0.058,12,1,S3-27_percent,0.0,0.11772727272727271,1,1
6,3,Kristi Yamaguchi,0.118,1,0,S3-27_percent,0.0,0.991,1,1
6,3,Priscilla Presley,0.114,2,0,S3-27_percent,0.0,0.991,1,1
6,3,Cristian de la Fuente,0.11,3,0,S3-27_percent,0.0,0.991,1,1
6,3,Shannon Elizabeth,0.105,4,0,S3-27_percent,0.0,0.991,1,1
6,3,Jason Taylor,0.101,5,0,S3-27_percent,0.0,0.991,1,1
6,3,Adam Carolla,0.092,6,0,S3-27_percent,-0.0,0.991,1,1
6,3,Mario,0.092,6,0,S3-27_percent,0.0,0.991,1,1
6,3,Marlee Matlin,0.092,6,0,S3-27_percent,0.0,0.991,1,1
6,3,Steve Guttenberg,0.092,6,1,S3-27_percent,0.0,0.1079,1,1
6,3,Marissa Jaret Winokur,0.083,10,0,S3-27_percent,0.008999999999999994,1.0,1,1
6,4,Jason Taylor,0.129,1,0,S3-27_percent,0.0,1.0,1,1
6,4,Kristi Yamaguchi,0.129,1,0,S3-27_percent,0.0,1.0,1,1
6,4,Shannon Elizabeth,0.124,3,0,S3-27_percent,0.0,1.0,1,1
6,4,Cristian de la Fuente,0.116,4,0,S3-27_percent,0.0,1.0,1,1
6,4,Mario,0.107,5,0,S3-27_percent,0.0,1.0,1,1
6,4,Marissa Jaret Winokur,0.107,5,0,S3-27_percent,0.0,1.0,1,1
6,4,Marlee Matlin,0.107,5,0,S3-27_percent,0.0,1.0,1,1
6,4,Priscilla Presley,0.098,8,0,S3-27_percent,0.0,1.0,1,1
6,4,Adam Carolla,0.084,9,1,S3-27_percent,0.0,0.1383333333333333,1,1
6,5,Kristi Yamaguchi,0.148,1,0,S3-27_percent,0.0,1.0,1,1
6,5,Jason Taylor,0.138,2,0,S3-27_percent,0.0,1.0,1,1
6,5,Mario,0.138,2,0,S3-27_percent,0.0,1.0,1,1
6,5,Marissa Jaret Winokur,0.122,4,0,S3-27_percent,0.0,1.0,1,1
6,5,Cristian de la Fuente,0.117,5,0,S3-27_percent,0.0,1.0,1,1
6,5,Shannon Elizabeth,0.117,5,0,S3-27_percent,0.0,1.0,1,1
6,5,Marlee Matlin,0.112,7,0,S3-27_percent,0.0,1.0,1,1
6,5,Priscilla Presley,0.107,8,1,S3-27_percent,0.0,0.14287499999999995,1,1
6,6,Kristi Yamaguchi,0.167,1,0,S3-27_percent,0.0,1.0,1,1
6,6,Mario,0.156,2,0,S3-27_percent,0.0,1.0,1,1
6,6,Cristian de la Fuente,0.15,3,0,S3-27_percent,0.0,1.0,1,1
6,6,Marissa Jaret Winokur,0.144,4,0,S3-27_percent,0.0,1.0,1,1
6,6,Jason Taylor,0.133,5,0,S3-27_percent,0.0,1.0,1,1
6,6,Shannon Elizabeth,0.133,5,0,S3-27_percent,0.0,1.0,1,1
6,6,Marlee Matlin,0.117,7,1,S3-27_percent,0.0,0.16871428571428568,1,1
6,7,Jason Taylor,0.178,1,0,S3-27_percent,0.0,0.984,1,1
6,7,Kristi Yamaguchi,0.175,2,0,S3-27_percent,0.0,0.984,1,1
6,7,Marissa Jaret Winokur,0.168,3,0,S3-27_percent,0.0,0.984,1,1
6,7,Mario,0.165,4,0,S3-27_percent,-0.0,0.984,1,1
6,7,Shannon Elizabeth,0.165,4,1,S3-27_percent,0.0,0.16833333333333333,1,1
6,7,Cristian de la Fuente,0.149,6,0,S3-27_percent,0.016000000000000014,1.0,1,1
6,8,Cristian de la Fuente,0.213,1,0,S3-27_percent,0.0,0.984,1,1
6,8,Kristi Yamaguchi,0.206,2,0,S3-27_percent,0.0,0.984,1,1
6,8,Mario,0.199,3,1,S3-27_percent,0.0,0.20099999999999998,1,1
6,8,Jason Taylor,0.195,4,0,S3-27_percent,0.0040000000000000036,0.988,1,1
6,8,Marissa Jaret Winokur,0.187,5,0,S3-27_percent,0.01200000000000001,0.996,1,1
6,9,Kristi Yamaguchi,0.259,1,0,S3-27_percent,0.0,1.0,1,1
6,9,Cristian de la Fuente,0.255,2,0,S3-27_percent,0.0,1.0,1,1
6,9,Jason Taylor,0.25,3,0,S3-27_percent,0.0,1.0,1,1
6,9,Marissa Jaret Winokur,0.236,4,1,S3-27_percent,0.0,0.264,1,1
6,10,Kristi Yamaguchi,0.355,1,0,S3-27_percent,0.0,1.0,1,1
6,10,Jason Taylor,0.337,2,0,S3-27_percent,0.0,1.0,1,1
6,10,Cristian de la Fuente,0.308,3,0,S3-27_percent,0.0,1.0,1,1
7,1,Brooke Burke,0.097,1,0,S3-27_percent,0.0,0.986,1,1
7,1,Toni Braxton,0.089,2,0,S3-27_percent,0.0,0.986,1,1
7,1,Lance Bass,0.085,3,0,S3-27_percent,0.0,0.986,1,1
7,1,Warren Sapp,0.085,3,0,S3-27_percent,0.0,0.986,1,1
7,1,Misty May-Treanor,0.083,5,0,S3-27_percent,0.0,0.986,1,1
7,1,Cody Linley,0.081,6,0,S3-27_percent,0.0,0.986,1,1
7,1,Maurice Greene,0.077,7,0,S3-27_percent,0.0,0.986,1,1
7,1,Kim Kardashian,0.073,8,0,S3-27_percent,-0.0,0.986,1,1
7,1,Susan Lucci,0.073,8,0,S3-27_percent,0.0,0.986,1,1
7,1,Ted McGinley,0.073,8,1,S3-27_percent,0.0,0.08933333333333333,1,1
7,1,Rocco DiSpirito,0.069,11,0,S3-27_percent,0.00399999999999999,0.99,1,1
7,1,Cloris Leachman,0.063,12,0,S3-27_percent,0.009999999999999995,0.996,1,1
7,1,Jeffrey Ross,0.048,13,1,S3-27_percent,0.0,0.11224999999999992,1,1
7,2,Brooke Burke,0.109,1,0,S3-27_percent,0.0,0.9359999999999999,1,1
7,2,Warren Sapp,0.109,1,0,S3-27_percent,0.0,0.9359999999999999,1,1
7,2,Toni Braxton,0.104,3,0,S3-27_percent,0.0,0.9359999999999999,1,1
7,2,Cody Linley,0.095,4,0,S3-27_percent,-0.0,0.9359999999999999,1,1
7,2,Misty May-Treanor,0.095,4,1,S3-27_percent,0.0,0.0973,1,1
7,2,Susan Lucci,0.095,4,0,S3-27_percent,0.0,0.9359999999999999,1,1
7,2,Lance Bass,0.09,7,0,S3-27_percent,0.0050000000000000044,0.941,1,1
7,2,Maurice Greene,0.086,8,0,S3-27_percent,0.009000000000000008,0.945,1,1
7,2,Kim Kardashian,0.077,9,1,S3-27_percent,0.0,0.11349999999999999,1,1
7,2,Rocco DiSpirito,0.072,10,0,S3-27_percent,0.023000000000000007,0.959,1,1
7,2,Cloris Leachman,0.068,11,0,S3-27_percent,0.026999999999999996,0.963,1,1
7,3,Brooke Burke,0.141,1,0,S3-27_percent,0.0,1.0,1,1
7,3,Warren Sapp,0.126,2,0,S3-27_percent,0.0,1.0,1,1
7,3,Maurice Greene,0.121,3,0,S3-27_percent,0.0,1.0,1,1
7,3,Lance Bass,0.111,4,0,S3-27_percent,0.0,1.0,1,1
7,3,Toni Braxton,0.111,4,0,S3-27_percent,0.0,1.0,1,1
7,3,Cody Linley,0.106,6,0,S3-27_percent,0.0,1.0,1,1
7,3,Susan Lucci,0.106,6,0,S3-27_percent,0.0,1.0,1,1
7,3,Rocco DiSpirito,0.101,8,0,S3-27_percent,0.0,1.0,1,1
7,3,Cloris Leachman,0.08,9,0,S3-27_percent,0.0,1.0,1,1
7,4,Brooke Burke,0.128,1,0,S3-27_percent,0.0,1.0,1,1
7,4,Lance Bass,0.128,1,0,S3-27_percent,0.0,1.0,1,1
7,4,Susan Lucci,0.118,3,0,S3-27_percent,0.0,1.0,1,1
7,4,Cody Linley,0.113,4,0,S3-27_percent,0.0,1.0,1,1
7,4,Cloris Leachman,0.108,5,0,S3-27_percent,0.0,1.0,1,1
7,4,Toni Braxton,0.108,5,0,S3-27_percent,0.0,1.0,1,1
7,4,Warren Sapp,0.108,5,0,S3-27_percent,0.0,1.0,1,1
7,4,Maurice Greene,0.099,8,0,S3-27_percent,0.0,1.0,1,1
7,4,Rocco DiSpirito,0.089,9,1,S3-27_percent,0.0,0.13311111111111107,1,1
7,5,Brooke Burke,0.149,1,0,S3-27_percent,0.0,0.99,1,1
7,5,Cody Linley,0.144,2,0,S3-27_percent,0.0,0.99,1,1
7,5,Maurice Greene,0.138,3,0,S3-27_percent,0.0,0.99,1,1
7,5,Warren Sapp,0.128,4,0,S3-27_percent,0.0,0.99,1,1
7,5,Susan Lucci,0.113,5,0,S3-27_percent,0.0,0.99,1,1
7,5,Toni Braxton,0.113,5,1,S3-27_percent,0.0,0.13712499999999994,1,1
7,5,Cloris Leachman,0.108,7,0,S3-27_percent,0.0050000000000000044,0.995,1,1
7,5,Lance Bass,0.108,7,0,S3-27_percent,0.0050000000000000044,0.995,1,1
7,6,Lance Bass,0.169,1,0,S3-27_percent,0.0,1.0,1,1
7,6,Brooke Burke,0.162,2,0,S3-27_percent,0.0,1.0,1,1
7,6,Warren Sapp,0.156,3,0,S3-27_percent,0.0,1.0,1,1
7,6,Cody Linley,0.144,4,0,S3-27_percent,0.0,1.0,1,1
7,6,Susan Lucci,0.144,4,0,S3-27_percent,0.0,1.0,1,1
7,6,Maurice Greene,0.131,6,0,S3-27_percent,0.0,1.0,1,1
7,6,Cloris Leachman,0.094,7,1,S3-27_percent,0.0,0.19171428571428573,1,1
7,7,Brooke Burke,0.204,1,0,S3-27_percent,0.0,0.967,1,1
7,7,Lance Bass,0.17,2,0,S3-27_percent,0.0,0.967,1,1
7,7,Maurice Greene,0.17,2,0,S3-27_percent,0.0,0.967,1,1
7,7,Susan Lucci,0.163,4,1,S3-27_percent,0.0,0.1703333333333333,1,1
7,7,Cody Linley,0.15,5,0,S3-27_percent,0.013000000000000012,0.98,1,1
7,7,Warren Sapp,0.143,6,0,S3-27_percent,0.020000000000000018,0.987,1,1
7,8,Brooke Burke,0.216,1,0,S3-27_percent,0.0,1.0,1,1
7,8,Warren Sapp,0.212,2,0,S3-27_percent,0.0,1.0,1,1
7,8,Lance Bass,0.196,3,0,S3-27_percent,0.0,1.0,1,1
7,8,Cody Linley,0.188,4,0,S3-27_percent,-0.0,1.0,1,1
7,8,Maurice Greene,0.188,4,1,S3-27_percent,0.0,0.212,1,1
7,9,Lance Bass,0.284,1,0,S3-27_percent,0.0,1.0,1,1
7,9,Brooke Burke,0.244,2,0,S3-27_percent,0.0,1.0,1,1
7,9,Warren Sapp,0.244,2,0,S3-27_percent,0.0,1.0,1,1
7,9,Cody Linley,0.229,4,1,S3-27_percent,0.0,0.27124999999999994,1,1
7,10,Brooke Burke,0.353,1,0,S3-27_percent,0.0,1.0,1,1
7,10,Lance Bass,0.324,2,0,S3-27_percent,0.0,1.0,1,1
7,10,Warren Sapp,0.324,2,0,S3-27_percent,0.0,1.0,1,1
8,1,Gilles Marini,0.099,1,0,S3-27_percent,0.0,1.0,1,1
8,1,Melissa Rycroft,0.095,2,0,S3-27_percent,0.0,1.0,1,1
8,1,Shawn Johnson,0.095,2,0,S3-27_percent,0.0,1.0,1,1
8,1,Lil' Kim,0.086,4,0,S3-27_percent,0.0,1.0,1,1
8,1,Chuck Wicks,0.082,5,0,S3-27_percent,0.0,1.0,1,1
8,1,David Alan Grier,0.078,6,0,S3-27_percent,0.0,1.0,1,1
8,1,Denise Richards,0.074,7,0,S3-27_percent,0.0,1.0,1,1
8,1,Holly Madison,0.074,7,0,S3-27_percent,0.0,1.0,1,1
8,1,Belinda Carlisle,0.07,9,0,S3-27_percent,0.0,1.0,1,1
8,1,Steve-O,0.07,9,0,S3-27_percent,0.0,1.0,1,1
8,1,Lawrence Taylor,0.066,11,0,S3-27_percent,0.0,1.0,1,1
8,1,Ty Murray,0.058,12,0,S3-27_percent,0.0,1.0,1,1
8,1,Steve Wozniak,0.053,13,0,S3-27_percent,0.0,1.0,1,1
8,2,Gilles Marini,0.102,1,0,S3-27_percent,0.0,0.977,1,1
8,2,Melissa Rycroft,0.098,2,0,S3-27_percent,0.0,0.977,1,1
8,2,Shawn Johnson,0.091,3,0,S3-27_percent,0.0,0.977,1,1
8,2,Lil' Kim,0.087,4,0,S3-27_percent,0.0,0.977,1,1
8,2,Denise Richards,0.079,5,0,S3-27_percent,0.0,0.977,1,1
8,2,Chuck Wicks,0.075,6,0,S3-27_percent,0.0,0.977,1,1
8,2,Lawrence Taylor,0.075,6,0,S3-27_percent,0.0,0.977,1,1
8,2,Ty Murray,0.075,6,0,S3-27_percent,0.0,0.977,1,1
8,2,Belinda Carlisle,0.068,9,1,S3-27_percent,0.0,0.08576923076923075,1,1
8,2,Holly Madison,0.068,9,0,S3-27_percent,-0.0,0.977,1,1
8,2,David Alan Grier,0.064,11,0,S3-27_percent,0.0040000000000000036,0.981,1,1
8,2,Steve Wozniak,0.064,11,0,S3-27_percent,0.0040000000000000036,0.981,1,1
8,2,Steve-O,0.053,13,0,S3-27_percent,0.015000000000000006,0.992,1,1
8,3,Gilles Marini,0.106,1,0,S3-27_percent,0.0,0.972,1,1
8,3,Melissa Rycroft,0.106,1,0,S3-27_percent,0.0,0.972,1,1
8,3,Shawn Johnson,0.106,1,0,S3-27_percent,0.0,0.972,1,1
8,3,Lil' Kim,0.098,4,0,S3-27_percent,0.0,0.972,1,1
8,3,David Alan Grier,0.094,5,0,S3-27_percent,0.0,0.972,1,1
8,3,Chuck Wicks,0.091,6,0,S3-27_percent,0.0,0.972,1,1
8,3,Ty Murray,0.091,6,0,S3-27_percent,0.0,0.972,1,1
8,3,Lawrence Taylor,0.079,8,0,S3-27_percent,0.0,0.972,1,1
8,3,Holly Madison,0.067,9,0,S3-27_percent,0.0,0.972,1,1
8,3,Denise Richards,0.063,10,1,S3-27_percent,0.0,0.10358333333333332,1,1
8,3,Steve-O,0.059,11,0,S3-27_percent,0.0040000000000000036,0.976,1,1
8,3,Steve Wozniak,0.039,12,0,S3-27_percent,0.024,0.996,1,1
8,4,Gilles Marini,0.124,1,0,S3-27_percent,0.0,0.996,1,1
8,4,Melissa Rycroft,0.12,2,0,S3-27_percent,0.0,0.996,1,1
8,4,Lil' Kim,0.112,3,0,S3-27_percent,0.0,0.996,1,1
8,4,Shawn Johnson,0.103,4,0,S3-27_percent,0.0,0.996,1,1
8,4,Ty Murray,0.103,4,0,S3-27_percent,0.0,0.996,1,1
8,4,Chuck Wicks,0.091,6,0,S3-27_percent,0.0,0.996,1,1
8,4,David Alan Grier,0.091,6,0,S3-27_percent,0.0,0.996,1,1
8,4,Lawrence Taylor,0.079,8,0,S3-27_percent,0.0,0.996,1,1
8,4,Holly Madison,0.066,9,1,S3-27_percent,0.0,0.12909999999999996,1,1
8,4,Steve-O,0.062,10,0,S3-27_percent,0.0040000000000000036,1.0,1,1
8,4,Steve Wozniak,0.05,11,1,S3-27_percent,0.0,0.14349999999999996,1,1
8,5,Gilles Marini,0.138,1,0,S3-27_percent,0.0,0.966,1,1
8,5,Lil' Kim,0.124,2,0,S3-27_percent,0.0,0.966,1,1
8,5,Shawn Johnson,0.124,2,0,S3-27_percent,0.0,0.966,1,1
8,5,Melissa Rycroft,0.119,4,0,S3-27_percent,0.0,0.966,1,1
8,5,Chuck Wicks,0.11,5,0,S3-27_percent,0.0,0.966,1,1
8,5,David Alan Grier,0.105,6,1,S3-27_percent,0.0,0.11733333333333333,1,1
8,5,Ty Murray,0.1,7,0,S3-27_percent,0.0049999999999999906,0.971,1,1
8,5,Lawrence Taylor,0.095,8,0,S3-27_percent,0.009999999999999995,0.976,1,1
8,5,Steve-O,0.086,9,0,S3-27_percent,0.019000000000000003,0.985,1,1
8,6,Lil' Kim,0.151,1,0,S3-27_percent,0.0,1.0,1,1
8,6,Melissa Rycroft,0.145,2,0,S3-27_percent,0.0,1.0,1,1
8,6,Gilles Marini,0.14,3,0,S3-27_percent,0.0,1.0,1,1
8,6,Shawn Johnson,0.14,3,0,S3-27_percent,0.0,1.0,1,1
8,6,Chuck Wicks,0.124,5,0,S3-27_percent,0.0,1.0,1,1
8,6,Lawrence Taylor,0.118,6,0,S3-27_percent,0.0,1.0,1,1
8,6,Ty Murray,0.097,7,0,S3-27_percent,0.0,1.0,1,1
8,6,Steve-O,0.086,8,1,S3-27_percent,0.0,0.16412500000000002,1,1
8,7,Melissa Rycroft,0.159,1,0,S3-27_percent,0.0,1.0,1,1
8,7,Shawn Johnson,0.154,2,0,S3-27_percent,0.0,1.0,1,1
8,7,Chuck Wicks,0.148,3,0,S3-27_percent,0.0,1.0,1,1
8,7,Gilles Marini,0.148,3,0,S3-27_percent,0.0,1.0,1,1
8,7,Lil' Kim,0.143,5,0,S3-27_percent,0.0,1.0,1,1
8,7,Ty Murray,0.132,6,0,S3-27_percent,0.0,1.0,1,1
8,7,Lawrence Taylor,0.115,7,1,S3-27_percent,0.0,0.17057142857142854,1,1
8,8,Lil' Kim,0.179,1,0,S3-27_percent,0.0,0.984,1,1
8,8,Gilles Marini,0.176,2,0,S3-27_percent,0.0,0.984,1,1
8,8,Shawn Johnson,0.167,3,0,S3-27_percent,0.0,0.984,1,1
8,8,Ty Murray,0.167,3,0,S3-27_percent,0.0,0.984,1,1
8,8,Chuck Wicks,0.163,5,1,S3-27_percent,0.0,0.17016666666666663,1,1
8,8,Melissa Rycroft,0.147,6,0,S3-27_percent,0.016000000000000014,1.0,1,1
8,9,Melissa Rycroft,0.213,1,0,S3-27_percent,0.0,0.977,1,1
8,9,Gilles Marini,0.21,2,0,S3-27_percent,0.0,0.977,1,1
8,9,Shawn Johnson,0.21,2,0,S3-27_percent,0.0,0.977,1,1
8,9,Lil' Kim,0.195,4,1,S3-27_percent,0.0,0.205,1,1
8,9,Ty Murray,0.172,5,0,S3-27_percent,0.02300000000000002,1.0,1,1
8,10,Gilles Marini,0.274,1,0,S3-27_percent,0.0,1.0,1,1
8,10,Shawn Johnson,0.256,2,0,S3-27_percent,0.0,1.0,1,1
8,10,Melissa Rycroft,0.251,3,0,S3-27_percent,0.0,1.0,1,1
8,10,Ty Murray,0.219,4,1,S3-27_percent,0.0,0.28099999999999997,1,1
8,11,Shawn Johnson,0.343,1,0,S3-27_percent,0.0,1.0,1,1
8,11,Gilles Marini,0.331,2,0,S3-27_percent,0.0,1.0,1,1
8,11,Melissa Rycroft,0.326,3,0,S3-27_percent,0.0,1.0,1,1
9,1,Joanna Krupa,0.084,1,0,S3-27_percent,0.0,1.0,1,1
9,1,Aaron Carter,0.079,2,0,S3-27_percent,0.0,1.0,1,1
9,1,Mya,0.076,3,0,S3-27_percent,0.0,1.0,1,1
9,1,Kelly Osbourne,0.076,4,0,S3-27_percent,0.0,1.0,1,1
9,1,Donny Osmond,0.074,5,0,S3-27_percent,0.0,1.0,1,1
9,1,Mark Dacascos,0.071,6,0,S3-27_percent,0.0,1.0,1,1
9,1,Louie Vito,0.067,7,0,S3-27_percent,0.0,1.0,1,1
9,1,Natalie Coughlin,0.067,7,0,S3-27_percent,0.0,1.0,1,1
9,1,Melissa Joan Hart,0.059,9,0,S3-27_percent,0.0,1.0,1,1
9,1,Chuck Liddell,0.054,10,0,S3-27_percent,0.0,1.0,1,1
9,1,Debi Mazar,0.054,10,0,S3-27_percent,0.0,1.0,1,1
9,1,Kathy Ireland,0.049,12,0,S3-27_percent,0.0,1.0,1,1
9,1,Tom DeLay,0.049,12,0,S3-27_percent,0.0,1.0,1,1
9,1,Michael Irvin,0.047,14,0,S3-27_percent,-0.0,1.0,1,1
9,1,Ashley Hamiliton,0.047,15,1,S3-27_percent,0.0,0.08319999999999997,1,1
9,1,Macy Gray,0.047,15,1,S3-27_percent,0.0,0.08319999999999997,1,1
9,2,Aaron Carter,0.092,1,0,S3-27_percent,0.0,1.0,1,1
9,2,Mya,0.092,1,0,S3-27_percent,0.0,1.0,1,1
9,2,Donny Osmond,0.085,3,0,S3-27_percent,0.0,1.0,1,1
9,2,Debi Mazar,0.071,4,0,S3-27_percent,0.0,1.0,1,1
9,2,Mark Dacascos,0.071,4,0,S3-27_percent,0.0,1.0,1,1
9,2,Natalie Coughlin,0.071,4,0,S3-27_percent,0.0,1.0,1,1
9,2,Joanna Krupa,0.068,7,0,S3-27_percent,0.0,1.0,1,1
9,2,Michael Irvin,0.068,7,0,S3-27_percent,0.0,1.0,1,1
9,2,Chuck Liddell,0.065,9,0,S3-27_percent,0.0,1.0,1,1
9,2,Kelly Osbourne,0.065,9,0,S3-27_percent,0.0,1.0,1,1
9,2,Louie Vito,0.065,9,0,S3-27_percent,0.0,1.0,1,1
9,2,Melissa Joan Hart,0.065,9,0,S3-27_percent,0.0,1.0,1,1
9,2,Kathy Ireland,0.061,13,1,S3-27_percent,0.0,0.08185714285714286,1,1
9,2,Tom DeLay,0.061,13,0,S3-27_percent,-0.0,1.0,1,1
9,3,Mya,0.105,1,0,S3-27_percent,0.0,0.988,1,1
9,3,Natalie Coughlin,0.101,2,0,S3-27_percent,0.0,0.988,1,1
9,3,Joanna Krupa,0.089,3,0,S3-27_percent,0.0,0.988,1,1
9,3,Aaron Carter,0.081,4,0,S3-27_percent,0.0,0.988,1,1
9,3,Donny Osmond,0.081,4,0,S3-27_percent,0.0,0.988,1,1
9,3,Kelly Osbourne,0.078,6,0,S3-27_percent,0.0,0.988,1,1
9,3,Louie Vito,0.078,6,0,S3-27_percent,0.0,0.988,1,1
9,3,Melissa Joan Hart,0.074,8,0,S3-27_percent,0.0,0.988,1,1
9,3,Mark Dacascos,0.07,9,0,S3-27_percent,0.0,0.988,1,1
9,3,Chuck Liddell,0.066,10,0,S3-27_percent,-0.0,0.988,1,1
9,3,Debi Mazar,0.066,10,1,S3-27_percent,0.0,0.09591666666666664,1,1
9,3,Tom DeLay,0.058,12,1,S3-27_percent,0.0,0.10324999999999998,1,1
9,3,Michael Irvin,0.054,13,0,S3-27_percent,0.012000000000000004,1.0,1,1
9,4,Melissa Joan Hart,0.116,1,0,S3-27_percent,0.0,0.992,1,1
9,4,Mya,0.116,1,0,S3-27_percent,0.0,0.992,1,1
9,4,Joanna Krupa,0.107,3,0,S3-27_percent,0.0,0.992,1,1
9,4,Donny Osmond,0.099,4,0,S3-27_percent,0.0,0.992,1,1
9,4,Natalie Coughlin,0.099,4,0,S3-27_percent,0.0,0.992,1,1
9,4,Kelly Osbourne,0.095,6,0,S3-27_percent,0.0,0.992,1,1
9,4,Mark Dacascos,0.091,7,0,S3-27_percent,0.0,0.992,1,1
9,4,Aaron Carter,0.074,8,0,S3-27_percent,0.0,0.992,1,1
9,4,Chuck Liddell,0.07,9,1,S3-27_percent,0.0,0.11172727272727269,1,1
9,4,Louie Vito,0.066,10,0,S3-27_percent,0.0040000000000000036,0.996,1,1
9,4,Michael Irvin,0.066,10,0,S3-27_percent,0.0040000000000000036,0.996,1,1
9,5,Donny Osmond,0.12,1,0,S3-27_percent,0.0,0.996,1,1
9,5,Mya,0.112,2,0,S3-27_percent,0.0,0.996,1,1
9,5,Mark Dacascos,0.107,3,0,S3-27_percent,0.0,0.996,1,1
9,5,Aaron Carter,0.099,4,0,S3-27_percent,0.0,0.996,1,1
9,5,Joanna Krupa,0.099,4,0,S3-27_percent,0.0,0.996,1,1
9,5,Kelly Osbourne,0.099,4,0,S3-27_percent,0.0,0.996,1,1
9,5,Melissa Joan Hart,0.095,7,0,S3-27_percent,0.0,0.996,1,1
9,5,Louie Vito,0.091,8,0,S3-27_percent,-0.0,0.996,1,1
9,5,Natalie Coughlin,0.091,8,1,S3-27_percent,0.0,0.10899999999999999,1,1
9,5,Michael Irvin,0.087,10,0,S3-27_percent,0.0040000000000000036,1.0,1,1
9,6,Joanna Krupa,0.138,1,0,S3-27_percent,0.0,0.993,1,1
9,6,Mya,0.127,2,0,S3-27_percent,0.0,0.993,1,1
9,6,Aaron Carter,0.127,3,0,S3-27_percent,0.0,0.993,1,1
9,6,Mark Dacascos,0.123,4,0,S3-27_percent,0.0,0.993,1,1
9,6,Donny Osmond,0.119,5,0,S3-27_percent,0.0,0.993,1,1
9,6,Kelly Osbourne,0.096,6,0,S3-27_percent,0.0,0.993,1,1
9,6,Louie Vito,0.092,7,1,S3-27_percent,0.0,0.14637499999999998,1,1
9,6,Melissa Joan Hart,0.092,8,1,S3-27_percent,0.0,0.14637499999999998,1,1
9,6,Michael Irvin,0.085,9,0,S3-27_percent,0.006999999999999992,1.0,1,1
9,7,Joanna Krupa,0.157,1,0,S3-27_percent,0.0,1.0,1,1
9,7,Aaron Carter,0.151,2,0,S3-27_percent,0.0,1.0,1,1
9,7,Donny Osmond,0.148,3,0,S3-27_percent,0.0,1.0,1,1
9,7,Kelly Osbourne,0.148,3,0,S3-27_percent,0.0,1.0,1,1
9,7,Mya,0.14,5,0,S3-27_percent,0.0,1.0,1,1
9,7,Michael Irvin,0.134,6,1,S3-27_percent,0.0,0.17899999999999996,1,1
9,7,Mark Dacascos,0.123,7,1,S3-27_percent,0.0,0.18816666666666662,1,1
9,8,Mya,0.225,1,0,S3-27_percent,0.0,1.0,1,1
9,8,Joanna Krupa,0.198,2,0,S3-27_percent,0.0,1.0,1,1
9,8,Kelly Osbourne,0.195,3,0,S3-27_percent,0.0,1.0,1,1
9,8,Aaron Carter,0.191,4,1,S3-27_percent,0.0,0.20900000000000002,1,1
9,8,Donny Osmond,0.191,4,0,S3-27_percent,-0.0,1.0,1,1
9,9,Mya,0.272,1,0,S3-27_percent,0.0,0.969,1,1
9,9,Joanna Krupa,0.253,2,1,S3-27_percent,0.0,0.247,1,1
9,9,Kelly Osbourne,0.244,3,0,S3-27_percent,0.009000000000000008,0.978,1,1
9,9,Donny Osmond,0.231,4,0,S3-27_percent,0.021999999999999992,0.991,1,1
9,10,Donny Osmond,0.351,1,0,S3-27_percent,0.0,1.0,1,1
9,10,Mya,0.343,2,0,S3-27_percent,0.0,1.0,1,1
9,10,Kelly Osbourne,0.306,3,0,S3-27_percent,0.0,1.0,1,1
10,1,Nicole Scherzinger,0.12,1,0,S3-27_percent,0.0,1.0,1,1
10,1,Evan Lysacek,0.11,2,0,S3-27_percent,0.0,1.0,1,1
10,1,Erin Andrews,0.1,3,0,S3-27_percent,0.0,1.0,1,1
10,1,Pamela Anderson,0.1,3,0,S3-27_percent,0.0,1.0,1,1
10,1,Jake Pavelka,0.096,5,0,S3-27_percent,0.0,1.0,1,1
10,1,Chad Ochocinco,0.086,6,0,S3-27_percent,0.0,1.0,1,1
10,1,Niecy Nash,0.086,6,0,S3-27_percent,0.0,1.0,1,1
10,1,Shannen Doherty,0.086,6,0,S3-27_percent,0.0,1.0,1,1
10,1,Kate Gosselin,0.077,9,0,S3-27_percent,0.0,1.0,1,1
10,1,Aiden Turner,0.072,10,0,S3-27_percent,0.0,1.0,1,1
10,1,Buzz Aldrin,0.067,11,0,S3-27_percent,0.0,1.0,1,1
10,2,Nicole Scherzinger,0.127,1,0,S3-27_percent,0.0,0.9179999999999999,1,1
10,2,Evan Lysacek,0.109,2,0,S3-27_percent,0.0,0.9179999999999999,1,1
10,2,Erin Andrews,0.105,3,0,S3-27_percent,0.0,0.9179999999999999,1,1
10,2,Pamela Anderson,0.1,4,0,S3-27_percent,0.0,0.9179999999999999,1,1
10,2,Niecy Nash,0.095,5,0,S3-27_percent,0.0,0.9179999999999999,1,1
10,2,Jake Pavelka,0.091,6,0,S3-27_percent,-0.0,0.9179999999999999,1,1
10,2,Shannen Doherty,0.091,6,1,S3-27_percent,0.0,0.09081818181818183,1,1
10,2,Aiden Turner,0.086,8,0,S3-27_percent,0.0050000000000000044,0.9229999999999999,1,1
10,2,Chad Ochocinco,0.073,9,0,S3-27_percent,0.018000000000000002,0.9359999999999999,1,1
10,2,Kate Gosselin,0.068,10,0,S3-27_percent,0.022999999999999993,0.941,1,1
10,2,Buzz Aldrin,0.055,11,0,S3-27_percent,0.036,0.954,1,1
10,3,Evan Lysacek,0.128,1,0,S3-27_percent,0.0,1.0,1,1
10,3,Erin Andrews,0.113,2,0,S3-27_percent,0.0,1.0,1,1
10,3,Nicole Scherzinger,0.113,2,0,S3-27_percent,0.0,1.0,1,1
10,3,Jake Pavelka,0.103,4,0,S3-27_percent,0.0,1.0,1,1
10,3,Niecy Nash,0.103,4,0,S3-27_percent,0.0,1.0,1,1
10,3,Pamela Anderson,0.103,4,0,S3-27_percent,0.0,1.0,1,1
10,3,Aiden Turner,0.099,7,0,S3-27_percent,0.0,1.0,1,1
10,3,Chad Ochocinco,0.099,7,0,S3-27_percent,0.0,1.0,1,1
10,3,Kate Gosselin,0.074,9,0,S3-27_percent,0.0,1.0,1,1
10,3,Buzz Aldrin,0.064,10,1,S3-27_percent,0.0,0.13589999999999997,1,1
10,4,Evan Lysacek,0.14,1,0,S3-27_percent,0.0,0.997,1,1
10,4,Nicole Scherzinger,0.135,2,0,S3-27_percent,0.0,0.997,1,1
10,4,Pamela Anderson,0.127,3,0,S3-27_percent,0.0,0.997,1,1
10,4,Chad Ochocinco,0.119,4,0,S3-27_percent,0.0,0.997,1,1
10,4,Erin Andrews,0.105,5,0,S3-27_percent,0.0,0.997,1,1
10,4,Jake Pavelka,0.102,6,0,S3-27_percent,0.0,0.997,1,1
10,4,Niecy Nash,0.097,7,0,S3-27_percent,0.0,0.997,1,1
10,4,Aiden Turner,0.089,8,1,S3-27_percent,0.0,0.13322222222222221,1,1
10,4,Kate Gosselin,0.086,9,0,S3-27_percent,0.0030000000000000027,1.0,1,1
10,5,Nicole Scherzinger,0.168,1,0,S3-27_percent,0.0,1.0,1,1
10,5,Evan Lysacek,0.156,2,0,S3-27_percent,0.0,1.0,1,1
10,5,Jake Pavelka,0.133,3,0,S3-27_percent,0.0,1.0,1,1
10,5,Erin Andrews,0.127,4,0,S3-27_percent,0.0,1.0,1,1
10,5,Pamela Anderson,0.121,5,0,S3-27_percent,0.0,1.0,1,1
10,5,Chad Ochocinco,0.104,6,0,S3-27_percent,0.0,1.0,1,1
10,5,Niecy Nash,0.104,6,0,S3-27_percent,0.0,1.0,1,1
10,5,Kate Gosselin,0.087,8,1,S3-27_percent,0.0,0.16299999999999998,1,1
10,6,Nicole Scherzinger,0.172,1,0,S3-27_percent,0.0,1.0,1,1
10,6,Erin Andrews,0.163,2,0,S3-27_percent,0.0,1.0,1,1
10,6,Chad Ochocinco,0.148,3,0,S3-27_percent,0.0,1.0,1,1
10,6,Pamela Anderson,0.144,4,0,S3-27_percent,0.0,1.0,1,1
10,6,Evan Lysacek,0.129,5,0,S3-27_percent,0.0,1.0,1,1
10,6,Niecy Nash,0.124,6,0,S3-27_percent,0.0,1.0,1,1
10,6,Jake Pavelka,0.12,7,1,S3-27_percent,0.0,0.1657142857142857,1,1
10,7,Evan Lysacek,0.174,1,0,S3-27_percent,0.0,0.994,1,1
10,7,Nicole Scherzinger,0.174,1,0,S3-27_percent,0.0,0.994,1,1
10,7,Chad Ochocinco,0.167,3,0,S3-27_percent,0.0,0.994,1,1
10,7,Erin Andrews,0.164,4,0,S3-27_percent,-0.0,0.994,1,1
10,7,Pamela Anderson,0.164,4,1,S3-27_percent,0.0,0.16949999999999998,1,1
10,7,Niecy Nash,0.158,6,0,S3-27_percent,0.006000000000000005,1.0,1,1
10,8,Nicole Scherzinger,0.233,1,0,S3-27_percent,0.0,1.0,1,1
10,8,Erin Andrews,0.209,2,0,S3-27_percent,0.0,1.0,1,1
10,8,Evan Lysacek,0.209,2,0,S3-27_percent,0.0,1.0,1,1
10,8,Chad Ochocinco,0.178,4,0,S3-27_percent,0.0,1.0,1,1
10,8,Niecy Nash,0.17,5,1,S3-27_percent,0.0,0.22979999999999995,1,1
10,9,Evan Lysacek,0.261,1,0,S3-27_percent,0.0,1.0,1,1
10,9,Nicole Scherzinger,0.261,1,0,S3-27_percent,0.0,1.0,1,1
10,9,Erin Andrews,0.248,3,0,S3-27_percent,0.0,1.0,1,1
10,9,Chad Ochocinco,0.23,4,1,S3-27_percent,0.0,0.26999999999999996,1,1
10,10,Nicole Scherzinger,0.348,1,0,S3-27_percent,0.0,1.0,1,1
10,10,Erin Andrews,0.327,2,0,S3-27_percent,0.0,1.0,1,1
10,10,Evan Lysacek,0.325,3,0,S3-27_percent,0.0,1.0,1,1
11,1,Jennifer Grey,0.106,1,0,S3-27_percent,0.0,1.0,1,1
11,1,Brandy,0.101,2,0,S3-27_percent,0.0,1.0,1,1
11,1,Kyle Massey,0.101,2,0,S3-27_percent,0.0,1.0,1,1
11,1,Rick Fox,0.097,4,0,S3-27_percent,0.0,1.0,1,1
11,1,Audrina Patridge,0.084,5,0,S3-27_percent,0.0,1.0,1,1
11,1,Kurt Warner,0.084,5,0,S3-27_percent,0.0,1.0,1,1
11,1,Bristol Palin,0.079,7,0,S3-27_percent,0.0,1.0,1,1
11,1,Florence Henderson,0.079,7,0,S3-27_percent,0.0,1.0,1,1
11,1,Michael Bolton,0.07,9,0,S3-27_percent,0.0,1.0,1,1
11,1,David Hasselhoff,0.066,10,1,S3-27_percent,0.0,0.1005833333333333,1,1
11,1,Margaret Cho,0.066,10,0,S3-27_percent,-0.0,1.0,1,1
11,1,The Situation,0.066,10,0,S3-27_percent,0.0,1.0,1,1
11,2,Jennifer Grey,0.109,1,0,S3-27_percent,0.0,1.0,1,1
11,2,Audrina Patridge,0.104,2,0,S3-27_percent,0.0,1.0,1,1
11,2,Bristol Palin,0.1,3,0,S3-27_percent,0.0,1.0,1,1
11,2,Kyle Massey,0.1,3,0,S3-27_percent,0.0,1.0,1,1
11,2,Brandy,0.095,5,0,S3-27_percent,0.0,1.0,1,1
11,2,Kurt Warner,0.095,5,0,S3-27_percent,0.0,1.0,1,1
11,2,Rick Fox,0.095,5,0,S3-27_percent,0.0,1.0,1,1
11,2,Florence Henderson,0.086,8,0,S3-27_percent,0.0,1.0,1,1
11,2,Margaret Cho,0.081,9,0,S3-27_percent,0.0,1.0,1,1
11,2,The Situation,0.081,9,0,S3-27_percent,0.0,1.0,1,1
11,2,Michael Bolton,0.054,11,1,S3-27_percent,0.0,0.1278181818181818,1,1
11,3,Audrina Patridge,0.118,1,0,S3-27_percent,0.0,1.0,1,1
11,3,Brandy,0.109,2,0,S3-27_percent,0.0,1.0,1,1
11,3,Jennifer Grey,0.109,2,0,S3-27_percent,0.0,1.0,1,1
11,3,Rick Fox,0.109,2,0,S3-27_percent,0.0,1.0,1,1
11,3,Kurt Warner,0.104,5,0,S3-27_percent,0.0,1.0,1,1
11,3,Kyle Massey,0.104,5,0,S3-27_percent,0.0,1.0,1,1
11,3,Florence Henderson,0.09,7,0,S3-27_percent,0.0,1.0,1,1
11,3,The Situation,0.09,7,0,S3-27_percent,0.0,1.0,1,1
11,3,Bristol Palin,0.086,9,0,S3-27_percent,0.0,1.0,1,1
11,3,Margaret Cho,0.081,10,1,S3-27_percent,0.0,0.11899999999999995,1,1
11,4,Jennifer Grey,0.156,1,0,S3-27_percent,0.0,1.0,1,1
11,4,Brandy,0.134,2,0,S3-27_percent,0.0,1.0,1,1
11,4,Audrina Patridge,0.128,3,0,S3-27_percent,0.0,1.0,1,1
11,4,Kyle Massey,0.112,4,0,S3-27_percent,0.0,1.0,1,1
11,4,Rick Fox,0.109,5,0,S3-27_percent,0.0,1.0,1,1
11,4,Florence Henderson,0.098,6,0,S3-27_percent,0.0,1.0,1,1
11,4,Kurt Warner,0.095,7,0,S3-27_percent,0.0,1.0,1,1
11,4,Bristol Palin,0.089,8,0,S3-27_percent,0.0,1.0,1,1
11,4,The Situation,0.078,9,1,S3-27_percent,0.0,0.1441111111111111,1,1
11,5,Brandy,0.148,1,0,S3-27_percent,0.0,0.979,1,1
11,5,Jennifer Grey,0.137,2,0,S3-27_percent,0.0,0.979,1,1
11,5,Kurt Warner,0.132,3,0,S3-27_percent,0.0,0.979,1,1
11,5,Rick Fox,0.132,3,0,S3-27_percent,0.0,0.979,1,1
11,5,Audrina Patridge,0.126,5,0,S3-27_percent,0.0,0.979,1,1
11,5,Florence Henderson,0.115,6,1,S3-27_percent,0.0,0.13487499999999997,1,1
11,5,Kyle Massey,0.11,7,0,S3-27_percent,0.0050000000000000044,0.984,1,1
11,5,Bristol Palin,0.099,8,0,S3-27_percent,0.016,0.995,1,1
11,6,Brandy,0.174,1,0,S3-27_percent,0.0,0.8959999999999999,1,1
11,6,Audrina Patridge,0.155,2,1,S3-27_percent,0.0,0.13071428571428573,1,1
11,6,Rick Fox,0.145,3,0,S3-27_percent,0.010000000000000009,0.9059999999999999,1,1
11,6,Kyle Massey,0.145,4,0,S3-27_percent,0.010000000000000009,0.9059999999999999,1,1
11,6,Jennifer Grey,0.14,5,0,S3-27_percent,0.014999999999999986,0.9109999999999999,1,1
11,6,Bristol Palin,0.135,6,0,S3-27_percent,0.01999999999999999,0.9159999999999999,1,1
11,6,Kurt Warner,0.106,7,0,S3-27_percent,0.049,0.945,1,1
11,7,Brandy,0.175,1,0,S3-27_percent,0.0,0.987,1,1
11,7,Jennifer Grey,0.175,1,0,S3-27_percent,0.0,0.987,1,1
11,7,Kurt Warner,0.168,3,0,S3-27_percent,0.0,0.987,1,1
11,7,Rick Fox,0.165,4,1,S3-27_percent,0.0,0.16833333333333333,1,1
11,7,Kyle Massey,0.161,5,0,S3-27_percent,0.0040000000000000036,0.991,1,1
11,7,Bristol Palin,0.156,6,0,S3-27_percent,0.009000000000000008,0.996,1,1
11,8,Brandy,0.215,1,0,S3-27_percent,0.0,0.996,1,1
11,8,Jennifer Grey,0.215,1,0,S3-27_percent,0.0,0.996,1,1
11,8,Kyle Massey,0.211,3,0,S3-27_percent,0.0,0.996,1,1
11,8,Kurt Warner,0.181,4,1,S3-27_percent,0.0,0.21880000000000002,1,1
11,8,Bristol Palin,0.177,5,0,S3-27_percent,0.0040000000000000036,1.0,1,1
11,9,Jennifer Grey,0.263,1,0,S3-27_percent,0.0,0.982,1,1
11,9,Kyle Massey,0.254,2,0,S3-27_percent,0.0,0.982,1,1
11,9,Brandy,0.25,3,1,S3-27_percent,0.0,0.24975,1,1
11,9,Bristol Palin,0.232,4,0,S3-27_percent,0.017999999999999988,1.0,1,1
11,10,Jennifer Grey,0.361,1,0,S3-27_percent,0.0,1.0,1,1
11,10,Kyle Massey,0.329,2,0,S3-27_percent,0.0,1.0,1,1
11,10,Bristol Palin,0.309,3,0,S3-27_percent,0.0,1.0,1,1
12,1,Ralph Macchio,0.116,1,0,S3-27_percent,0.0,1.0,1,1
12,1,Kirstie Alley,0.111,2,0,S3-27_percent,0.0,1.0,1,1
12,1,Chelsea Kane,0.101,3,0,S3-27_percent,0.0,1.0,1,1
12,1,Hines Ward,0.101,3,0,S3-27_percent,0.0,1.0,1,1
12,1,Chris Jericho,0.092,5,0,S3-27_percent,0.0,1.0,1,1
12,1,Romeo,0.092,5,0,S3-27_percent,0.0,1.0,1,1
12,1,Kendra Wilkinson,0.087,7,0,S3-27_percent,0.0,1.0,1,1
12,1,Petra Nemcova,0.087,7,0,S3-27_percent,0.0,1.0,1,1
12,1,Sugar Ray Leonard,0.082,9,0,S3-27_percent,0.0,1.0,1,1
12,1,Wendy Williams,0.068,10,0,S3-27_percent,0.0,1.0,1,1
12,1,Mike Catherwood,0.063,11,0,S3-27_percent,0.0,1.0,1,1
12,2,Chris Jericho,0.106,1,0,S3-27_percent,0.0,1.0,1,1
12,2,Hines Ward,0.106,1,0,S3-27_percent,0.0,1.0,1,1
12,2,Romeo,0.106,1,0,S3-27_percent,0.0,1.0,1,1
12,2,Ralph Macchio,0.097,4,0,S3-27_percent,0.0,1.0,1,1
12,2,Kirstie Alley,0.093,5,0,S3-27_percent,0.0,1.0,1,1
12,2,Kendra Wilkinson,0.088,6,0,S3-27_percent,0.0,1.0,1,1
12,2,Chelsea Kane,0.083,7,0,S3-27_percent,0.0,1.0,1,1
12,2,Petra Nemcova,0.083,7,0,S3-27_percent,0.0,1.0,1,1
12,2,Mike Catherwood,0.079,9,1,S3-27_percent,0.0,0.1027272727272727,1,1
12,2,Sugar Ray Leonard,0.079,9,0,S3-27_percent,-0.0,1.0,1,1
12,2,Wendy Williams,0.079,9,0,S3-27_percent,0.0,1.0,1,1
12,3,Hines Ward,0.117,1,0,S3-27_percent,0.0,1.0,1,1
12,3,Petra Nemcova,0.117,1,0,S3-27_percent,0.0,1.0,1,1
12,3,Chelsea Kane,0.107,3,0,S3-27_percent,0.0,1.0,1,1
12,3,Kendra Wilkinson,0.107,3,0,S3-27_percent,0.0,1.0,1,1
12,3,Chris Jericho,0.098,5,0,S3-27_percent,0.0,1.0,1,1
12,3,Kirstie Alley,0.098,5,0,S3-27_percent,0.0,1.0,1,1
12,3,Ralph Macchio,0.098,5,0,S3-27_percent,0.0,1.0,1,1
12,3,Romeo,0.093,8,0,S3-27_percent,0.0,1.0,1,1
12,3,Sugar Ray Leonard,0.093,8,0,S3-27_percent,0.0,1.0,1,1
12,3,Wendy Williams,0.07,10,1,S3-27_percent,0.0,0.12979999999999997,1,1
12,4,Chelsea Kane,0.126,1,0,S3-27_percent,0.0,0.985,1,1
12,4,Hines Ward,0.121,2,0,S3-27_percent,0.0,0.985,1,1
12,4,Ralph Macchio,0.121,2,0,S3-27_percent,0.0,0.985,1,1
12,4,Chris Jericho,0.112,4,0,S3-27_percent,0.0,0.985,1,1
12,4,Petra Nemcova,0.112,4,0,S3-27_percent,0.0,0.985,1,1
12,4,Romeo,0.112,4,0,S3-27_percent,0.0,0.985,1,1
12,4,Kirstie Alley,0.107,7,0,S3-27_percent,0.0,0.985,1,1
12,4,Sugar Ray Leonard,0.102,8,1,S3-27_percent,0.0,0.1202222222222222,1,1
12,4,Kendra Wilkinson,0.087,9,0,S3-27_percent,0.015,1.0,1,1
12,5,Hines Ward,0.139,1,0,S3-27_percent,0.0,1.0,1,1
12,5,Chelsea Kane,0.134,2,0,S3-27_percent,0.0,1.0,1,1
12,5,Chris Jericho,0.134,2,0,S3-27_percent,0.0,1.0,1,1
12,5,Romeo,0.134,2,0,S3-27_percent,0.0,1.0,1,1
12,5,Kirstie Alley,0.119,5,0,S3-27_percent,0.0,1.0,1,1
12,5,Kendra Wilkinson,0.113,6,0,S3-27_percent,0.0,1.0,1,1
12,5,Petra Nemcova,0.113,6,1,S3-27_percent,0.0,0.13687499999999997,1,1
12,5,Ralph Macchio,0.113,6,0,S3-27_percent,-0.0,1.0,1,1
12,6,Chelsea Kane,0.156,1,0,S3-27_percent,0.0,1.0,1,1
12,6,Romeo,0.156,1,0,S3-27_percent,0.0,1.0,1,1
12,6,Hines Ward,0.15,3,0,S3-27_percent,0.0,1.0,1,1
12,6,Kirstie Alley,0.144,4,0,S3-27_percent,0.0,1.0,1,1
12,6,Kendra Wilkinson,0.139,5,0,S3-27_percent,0.0,1.0,1,1
12,6,Ralph Macchio,0.133,6,0,S3-27_percent,0.0,1.0,1,1
12,6,Chris Jericho,0.122,7,1,S3-27_percent,0.0,0.16371428571428573,1,1
12,7,Hines Ward,0.175,1,0,S3-27_percent,0.0,0.994,1,1
12,7,Ralph Macchio,0.175,1,0,S3-27_percent,0.0,0.994,1,1
12,7,Chelsea Kane,0.17,3,0,S3-27_percent,0.0,0.994,1,1
12,7,Kendra Wilkinson,0.162,4,1,S3-27_percent,0.0,0.1713333333333333,1,1
12,7,Kirstie Alley,0.159,5,0,S3-27_percent,0.0030000000000000027,0.997,1,1
12,7,Romeo,0.159,5,0,S3-27_percent,0.0030000000000000027,0.997,1,1
12,8,Chelsea Kane,0.212,1,0,S3-27_percent,0.0,0.977,1,1
12,8,Hines Ward,0.208,2,0,S3-27_percent,0.0,0.977,1,1
12,8,Kirstie Alley,0.204,3,0,S3-27_percent,0.0,0.977,1,1
12,8,Romeo,0.2,4,1,S3-27_percent,0.0,0.2002,1,1
12,8,Ralph Macchio,0.177,5,0,S3-27_percent,0.02300000000000002,1.0,1,1
12,9,Chelsea Kane,0.311,1,0,S3-27_percent,0.0,1.0,1,1
12,9,Hines Ward,0.255,2,0,S3-27_percent,0.0,1.0,1,1
12,9,Kirstie Alley,0.23,3,0,S3-27_percent,0.0,1.0,1,1
12,9,Ralph Macchio,0.204,4,1,S3-27_percent,0.0,0.296,1,1
12,10,Chelsea Kane,0.34,1,0,S3-27_percent,0.0,1.0,1,1
12,10,Hines Ward,0.34,1,0,S3-27_percent,0.0,1.0,1,1
12,10,Kirstie Alley,0.321,3,0,S3-27_percent,0.0,1.0,1,1
13,1,Chynna Phillips,0.101,1,0,S3-27_percent,0.0,1.0,1,1
13,1,J.R. Martinez,0.101,1,0,S3-27_percent,0.0,1.0,1,1
13,1,Hope Solo,0.097,3,0,S3-27_percent,0.0,1.0,1,1
13,1,Ricki Lake,0.092,4,0,S3-27_percent,0.0,1.0,1,1
13,1,Kristin Cavallari,0.088,5,0,S3-27_percent,0.0,1.0,1,1
13,1,David Arquette,0.083,6,0,S3-27_percent,0.0,1.0,1,1
13,1,Carson Kressley,0.078,7,0,S3-27_percent,0.0,1.0,1,1
13,1,Chaz Bono,0.078,7,0,S3-27_percent,0.0,1.0,1,1
13,1,Nancy Grace,0.074,9,0,S3-27_percent,0.0,1.0,1,1
13,1,Rob Kardashian,0.074,9,0,S3-27_percent,0.0,1.0,1,1
13,1,Elisabetta Canalis,0.069,11,0,S3-27_percent,0.0,1.0,1,1
13,1,Metta World Peace (Ron),0.065,12,1,S3-27_percent,0.0,0.10166666666666663,1,1
13,2,Ricki Lake,0.103,1,0,S3-27_percent,0.0,0.947,1,1
13,2,J.R. Martinez,0.099,2,0,S3-27_percent,0.0,0.947,1,1
13,2,Kristin Cavallari,0.099,2,0,S3-27_percent,0.0,0.947,1,1
13,2,Chynna Phillips,0.094,4,0,S3-27_percent,-0.0,0.947,1,1
13,2,Elisabetta Canalis,0.094,4,1,S3-27_percent,0.0,0.08781818181818181,1,1
13,2,Nancy Grace,0.094,4,0,S3-27_percent,0.0,0.947,1,1
13,2,Rob Kardashian,0.094,4,0,S3-27_percent,0.0,0.947,1,1
13,2,Hope Solo,0.085,8,0,S3-27_percent,0.008999999999999994,0.956,1,1
13,2,Carson Kressley,0.081,9,0,S3-27_percent,0.012999999999999998,0.96,1,1
13,2,David Arquette,0.081,9,0,S3-27_percent,0.012999999999999998,0.96,1,1
13,2,Chaz Bono,0.076,11,0,S3-27_percent,0.018000000000000002,0.965,1,1
13,3,Ricki Lake,0.114,1,0,S3-27_percent,0.0,0.959,1,1
13,3,Chynna Phillips,0.11,2,0,S3-27_percent,0.0,0.959,1,1
13,3,J.R. Martinez,0.11,2,0,S3-27_percent,0.0,0.959,1,1
13,3,David Arquette,0.101,4,0,S3-27_percent,-0.0,0.959,1,1
13,3,Hope Solo,0.101,4,0,S3-27_percent,0.0,0.959,1,1
13,3,Kristin Cavallari,0.101,4,1,S3-27_percent,0.0,0.09899999999999999,1,1
13,3,Rob Kardashian,0.101,4,0,S3-27_percent,0.0,0.959,1,1
13,3,Carson Kressley,0.097,8,0,S3-27_percent,0.0040000000000000036,0.963,1,1
13,3,Nancy Grace,0.089,9,0,S3-27_percent,0.01200000000000001,0.971,1,1
13,3,Chaz Bono,0.076,10,0,S3-27_percent,0.02500000000000001,0.984,1,1
13,4,Ricki Lake,0.139,1,0,S3-27_percent,0.0,0.996,1,1
13,4,J.R. Martinez,0.124,2,0,S3-27_percent,0.0,0.996,1,1
13,4,Hope Solo,0.115,3,0,S3-27_percent,0.0,0.996,1,1
13,4,Rob Kardashian,0.115,3,0,S3-27_percent,0.0,0.996,1,1
13,4,David Arquette,0.11,5,0,S3-27_percent,0.0,0.996,1,1
13,4,Chaz Bono,0.1,6,0,S3-27_percent,-0.0,0.996,1,1
13,4,Chynna Phillips,0.1,6,1,S3-27_percent,0.0,0.12211111111111109,1,1
13,4,Nancy Grace,0.1,6,0,S3-27_percent,0.0,0.996,1,1
13,4,Carson Kressley,0.096,9,0,S3-27_percent,0.0040000000000000036,1.0,1,1
13,5,J.R. Martinez,0.149,1,0,S3-27_percent,0.0,1.0,1,1
13,5,David Arquette,0.133,2,0,S3-27_percent,0.0,1.0,1,1
13,5,Rob Kardashian,0.133,2,0,S3-27_percent,0.0,1.0,1,1
13,5,Hope Solo,0.128,4,0,S3-27_percent,0.0,1.0,1,1
13,5,Ricki Lake,0.128,4,0,S3-27_percent,0.0,1.0,1,1
13,5,Nancy Grace,0.117,6,0,S3-27_percent,0.0,1.0,1,1
13,5,Chaz Bono,0.112,7,0,S3-27_percent,0.0,1.0,1,1
13,5,Carson Kressley,0.101,8,1,S3-27_percent,0.0,0.14912499999999998,1,1
13,6,J.R. Martinez,0.175,1,0,S3-27_percent,0.0,1.0,1,1
13,6,Ricki Lake,0.175,1,0,S3-27_percent,0.0,1.0,1,1
13,6,Nancy Grace,0.145,3,0,S3-27_percent,0.0,1.0,1,1
13,6,David Arquette,0.139,4,0,S3-27_percent,0.0,1.0,1,1
13,6,Rob Kardashian,0.133,5,0,S3-27_percent,0.0,1.0,1,1
13,6,Hope Solo,0.12,6,0,S3-27_percent,0.0,1.0,1,1
13,6,Chaz Bono,0.114,7,1,S3-27_percent,0.0,0.1718571428571428,1,1
13,7,Ricki Lake,0.181,1,0,S3-27_percent,0.0,0.99,1,1
13,7,Rob Kardashian,0.174,2,0,S3-27_percent,0.0,0.99,1,1
13,7,Hope Solo,0.171,3,0,S3-27_percent,0.0,0.99,1,1
13,7,J.R. Martinez,0.164,4,0,S3-27_percent,0.0,0.99,1,1
13,7,David Arquette,0.16,5,1,S3-27_percent,0.0,0.1733333333333333,1,1
13,7,Nancy Grace,0.15,6,0,S3-27_percent,0.010000000000000009,1.0,1,1
13,8,J.R. Martinez,0.232,1,0,S3-27_percent,0.0,1.0,1,1
13,8,Hope Solo,0.201,2,0,S3-27_percent,0.0,1.0,1,1
13,8,Ricki Lake,0.201,2,0,S3-27_percent,0.0,1.0,1,1
13,8,Rob Kardashian,0.197,4,0,S3-27_percent,0.0,1.0,1,1
13,8,Nancy Grace,0.17,5,1,S3-27_percent,0.0,0.23019999999999996,1,1
13,9,Ricki Lake,0.283,1,0,S3-27_percent,0.0,1.0,1,1
13,9,Rob Kardashian,0.274,2,0,S3-27_percent,0.0,1.0,1,1
13,9,J.R. Martinez,0.236,3,0,S3-27_percent,0.0,1.0,1,1
13,9,Hope Solo,0.207,4,1,S3-27_percent,0.0,0.293,1,1
13,10,Rob Kardashian,0.335,1,0,S3-27_percent,0.0,1.0,1,1
13,10,J.R. Martinez,0.333,2,0,S3-27_percent,0.0,1.0,1,1
13,10,Ricki Lake,0.331,3,0,S3-27_percent,0.0,1.0,1,1
14,1,Jaleel White,0.096,1,0,S3-27_percent,0.0,1.0,1,1
14,1,Katherine Jenkins,0.096,1,0,S3-27_percent,0.0,1.0,1,1
14,1,William Levy,0.089,3,0,S3-27_percent,0.0,1.0,1,1
14,1,Gladys Knight,0.085,4,0,S3-27_percent,0.0,1.0,1,1
14,1,Jack Wagner,0.085,4,0,S3-27_percent,0.0,1.0,1,1
14,1,Roshon Fegan,0.085,4,0,S3-27_percent,0.0,1.0,1,1
14,1,Sherri Sheperd,0.085,4,0,S3-27_percent,0.0,1.0,1,1
14,1,Donald Driver,0.078,8,0,S3-27_percent,0.0,1.0,1,1
14,1,Maria Menounos,0.078,8,0,S3-27_percent,0.0,1.0,1,1
14,1,Gavin DeGraw,0.074,10,0,S3-27_percent,0.0,1.0,1,1
14,1,Martina Navratilova,0.074,10,0,S3-27_percent,0.0,1.0,1,1
14,1,Melissa Gilbert,0.074,10,0,S3-27_percent,0.0,1.0,1,1
14,2,Katherine Jenkins,0.097,1,0,S3-27_percent,0.0,1.0,1,1
14,2,Roshon Fegan,0.097,1,0,S3-27_percent,0.0,1.0,1,1
14,2,Maria Menounos,0.093,3,0,S3-27_percent,0.0,1.0,1,1
14,2,William Levy,0.093,3,0,S3-27_percent,0.0,1.0,1,1
14,2,Donald Driver,0.089,5,0,S3-27_percent,0.0,1.0,1,1
14,2,Sherri Sheperd,0.086,6,0,S3-27_percent,0.0,1.0,1,1
14,2,Jaleel White,0.082,7,0,S3-27_percent,0.0,1.0,1,1
14,2,Gavin DeGraw,0.078,8,0,S3-27_percent,0.0,1.0,1,1
14,2,Jack Wagner,0.078,8,0,S3-27_percent,0.0,1.0,1,1
14,2,Melissa Gilbert,0.074,10,0,S3-27_percent,0.0,1.0,1,1
14,2,Gladys Knight,0.071,11,0,S3-27_percent,0.0,1.0,1,1
14,2,Martina Navratilova,0.063,12,1,S3-27_percent,0.0,0.10374999999999997,1,1
14,3,Katherine Jenkins,0.104,1,0,S3-27_percent,0.0,1.0,1,1
14,3,William Levy,0.1,2,0,S3-27_percent,0.0,1.0,1,1
14,3,Maria Menounos,0.096,3,0,S3-27_percent,0.0,1.0,1,1
14,3,Donald Driver,0.093,4,0,S3-27_percent,0.0,1.0,1,1
14,3,Jaleel White,0.089,5,0,S3-27_percent,0.0,1.0,1,1
14,3,Roshon Fegan,0.089,5,0,S3-27_percent,0.0,1.0,1,1
14,3,Gavin DeGraw,0.086,7,0,S3-27_percent,-0.0,1.0,1,1
14,3,Gladys Knight,0.086,7,0,S3-27_percent,0.0,1.0,1,1
14,3,Jack Wagner,0.086,7,1,S3-27_percent,0.0,0.09590909090909094,1,1
14,3,Melissa Gilbert,0.086,7,0,S3-27_percent,0.0,1.0,1,1
14,3,Sherri Sheperd,0.086,7,0,S3-27_percent,0.0,1.0,1,1
14,4,Donald Driver,0.116,1,0,S3-27_percent,0.0,0.996,1,1
14,4,Maria Menounos,0.112,2,0,S3-27_percent,0.0,0.996,1,1
14,4,Roshon Fegan,0.112,2,0,S3-27_percent,0.0,0.996,1,1
14,4,Katherine Jenkins,0.103,4,0,S3-27_percent,0.0,0.996,1,1
14,4,Gavin DeGraw,0.099,5,0,S3-27_percent,0.0,0.996,1,1
14,4,Jaleel White,0.094,6,0,S3-27_percent,0.0,0.996,1,1
14,4,Melissa Gilbert,0.094,6,0,S3-27_percent,0.0,0.996,1,1
14,4,William Levy,0.094,6,0,S3-27_percent,0.0,0.996,1,1
14,4,Sherri Sheperd,0.09,9,1,S3-27_percent,0.0,0.10999999999999999,1,1
14,4,Gladys Knight,0.086,10,0,S3-27_percent,0.0040000000000000036,1.0,1,1
14,5,Katherine Jenkins,0.129,1,0,S3-27_percent,0.0,1.0,1,1
14,5,William Levy,0.129,1,0,S3-27_percent,0.0,1.0,1,1
14,5,Donald Driver,0.121,3,0,S3-27_percent,0.0,1.0,1,1
14,5,Maria Menounos,0.121,3,0,S3-27_percent,0.0,1.0,1,1
14,5,Roshon Fegan,0.116,5,0,S3-27_percent,0.0,1.0,1,1
14,5,Jaleel White,0.107,6,0,S3-27_percent,0.0,1.0,1,1
14,5,Gladys Knight,0.098,7,0,S3-27_percent,0.0,1.0,1,1
14,5,Melissa Gilbert,0.094,8,0,S3-27_percent,0.0,1.0,1,1
14,5,Gavin DeGraw,0.085,9,1,S3-27_percent,0.0,0.13722222222222222,1,1
14,6,Katherine Jenkins,0.151,1,0,S3-27_percent,0.0,1.0,1,1
14,6,Jaleel White,0.143,2,0,S3-27_percent,0.0,1.0,1,1
14,6,William Levy,0.14,3,0,S3-27_percent,0.0,1.0,1,1
14,6,Donald Driver,0.132,4,0,S3-27_percent,0.0,1.0,1,1
14,6,Melissa Gilbert,0.116,5,0,S3-27_percent,0.0,1.0,1,1
14,6,Maria Menounos,0.116,6,0,S3-27_percent,0.0,1.0,1,1
14,6,Roshon Fegan,0.109,7,0,S3-27_percent,0.0,1.0,1,1
14,6,Gladys Knight,0.093,8,1,S3-27_percent,0.0,0.15699999999999997,1,1
14,7,Maria Menounos,0.155,1,0,S3-27_percent,0.0,0.989,1,1
14,7,Katherine Jenkins,0.147,2,0,S3-27_percent,0.0,0.989,1,1
14,7,Donald Driver,0.144,3,0,S3-27_percent,0.0,0.989,1,1
14,7,William Levy,0.144,3,0,S3-27_percent,0.0,0.989,1,1
14,7,Roshon Fegan,0.142,5,0,S3-27_percent,0.0,0.989,1,1
14,7,Jaleel White,0.139,6,1,S3-27_percent,0.0,0.14657142857142857,1,1
14,7,Melissa Gilbert,0.128,7,0,S3-27_percent,0.01100000000000001,1.0,1,1
14,8,William Levy,0.174,1,0,S3-27_percent,0.0,0.985,1,1
14,8,Roshon Fegan,0.171,2,1,S3-27_percent,0.0,0.1976,1,1
14,8,Donald Driver,0.168,3,0,S3-27_percent,0.0030000000000000027,0.988,1,1
14,8,Katherine Jenkins,0.168,3,0,S3-27_percent,0.0030000000000000027,0.988,1,1
14,8,Maria Menounos,0.162,5,0,S3-27_percent,0.009000000000000008,0.994,1,1
14,8,Melissa Gilbert,0.156,6,1,S3-27_percent,0.0,0.2096,1,1
14,9,Maria Menounos,0.257,1,1,S3-27_percent,0.0,0.243,1,1
14,9,William Levy,0.252,2,0,S3-27_percent,0.0050000000000000044,0.977,1,1
14,9,Donald Driver,0.248,3,0,S3-27_percent,0.009000000000000008,0.981,1,1
14,9,Katherine Jenkins,0.243,4,0,S3-27_percent,0.014000000000000012,0.986,1,1
14,10,Katherine Jenkins,0.336,1,0,S3-27_percent,0.0,1.0,1,1
14,10,Donald Driver,0.332,2,0,S3-27_percent,0.0,1.0,1,1
14,10,William Levy,0.332,2,0,S3-27_percent,0.0,1.0,1,1
15,1,Emmitt Smith,0.089,1,0,S3-27_percent,0.0,1.0,1,1
15,1,Gilles Marini,0.087,2,0,S3-27_percent,0.0,1.0,1,1
15,1,Sabrina Bryan,0.081,3,0,S3-27_percent,0.0,1.0,1,1
15,1,Apolo Anton Ohno,0.08,4,0,S3-27_percent,0.0,1.0,1,1
15,1,Shawn Johnson,0.08,4,0,S3-27_percent,0.0,1.0,1,1
15,1,Drew Lachey,0.078,6,0,S3-27_percent,0.0,1.0,1,1
15,1,Helio Castroneves,0.078,6,0,S3-27_percent,0.0,1.0,1,1
15,1,Kelly Monaco,0.078,6,0,S3-27_percent,0.0,1.0,1,1
15,1,Melissa Rycroft,0.076,9,0,S3-27_percent,0.0,1.0,1,1
15,1,Joey Fatone,0.074,10,0,S3-27_percent,0.0,1.0,1,1
15,1,Bristol Palin,0.071,11,0,S3-27_percent,0.0,1.0,1,1
15,1,Kirstie Alley,0.069,12,0,S3-27_percent,0.0,1.0,1,1
15,1,Pamela Anderson,0.061,13,1,S3-27_percent,0.0,0.09299999999999996,1,1
15,2,Sabrina Bryan,0.094,1,0,S3-27_percent,0.0,0.975,1,1
15,2,Gilles Marini,0.092,2,0,S3-27_percent,0.0,0.975,1,1
15,2,Shawn Johnson,0.091,3,0,S3-27_percent,0.0,0.975,1,1
15,2,Apolo Anton Ohno,0.089,4,0,S3-27_percent,0.0,0.975,1,1
15,2,Melissa Rycroft,0.085,5,0,S3-27_percent,0.0,0.975,1,1
15,2,Helio Castroneves,0.083,6,0,S3-27_percent,0.0,0.975,1,1
15,2,Drew Lachey,0.082,7,0,S3-27_percent,-0.0,0.975,1,1
15,2,Emmitt Smith,0.082,7,0,S3-27_percent,0.0,0.975,1,1
15,2,Joey Fatone,0.082,7,1,S3-27_percent,0.0,0.08474999999999999,1,1
15,2,Kelly Monaco,0.08,10,0,S3-27_percent,0.0020000000000000018,0.977,1,1
15,2,Kirstie Alley,0.076,11,0,S3-27_percent,0.006000000000000005,0.981,1,1
15,2,Bristol Palin,0.065,12,0,S3-27_percent,0.017,0.992,1,1
15,3,Kelly Monaco,0.097,1,0,S3-27_percent,0.0,0.981,1,1
15,3,Melissa Rycroft,0.097,1,0,S3-27_percent,0.0,0.981,1,1
15,3,Shawn Johnson,0.095,3,0,S3-27_percent,0.0,0.981,1,1
15,3,Apolo Anton Ohno,0.092,4,0,S3-27_percent,-0.0,0.981,1,1
15,3,Gilles Marini,0.092,4,0,S3-27_percent,0.0,0.981,1,1
15,3,Helio Castroneves,0.092,4,1,S3-27_percent,0.0,0.0994,1,1
15,3,Sabrina Bryan,0.092,4,0,S3-27_percent,0.0,0.981,1,1
15,3,Emmitt Smith,0.09,8,0,S3-27_percent,0.0020000000000000018,0.983,1,1
15,3,Drew Lachey,0.086,9,1,S3-27_percent,0.0,0.10479999999999999,1,1
15,3,Kirstie Alley,0.086,9,0,S3-27_percent,0.006000000000000005,0.987,1,1
15,3,Bristol Palin,0.081,11,0,S3-27_percent,0.010999999999999996,0.992,1,1
15,4,Gilles Marini,0.123,1,0,S3-27_percent,0.0,0.993,1,1
15,4,Shawn Johnson,0.123,1,0,S3-27_percent,0.0,0.993,1,1
15,4,Kelly Monaco,0.117,3,0,S3-27_percent,0.0,0.993,1,1
15,4,Melissa Rycroft,0.115,4,0,S3-27_percent,0.0,0.993,1,1
15,4,Emmitt Smith,0.112,5,0,S3-27_percent,0.0,0.993,1,1
15,4,Sabrina Bryan,0.11,6,0,S3-27_percent,0.0,0.993,1,1
15,4,Apolo Anton Ohno,0.107,7,0,S3-27_percent,0.0,0.993,1,1
15,4,Bristol Palin,0.1,8,1,S3-27_percent,0.0,0.12222222222222219,1,1
15,4,Kirstie Alley,0.093,9,0,S3-27_percent,0.007000000000000006,1.0,1,1
15,5,Sabrina Bryan,0.132,1,0,S3-27_percent,0.0,1.0,1,1
15,5,Apolo Anton Ohno,0.127,2,0,S3-27_percent,0.0,1.0,1,1
15,5,Gilles Marini,0.127,2,0,S3-27_percent,0.0,1.0,1,1
15,5,Melissa Rycroft,0.127,2,0,S3-27_percent,0.0,1.0,1,1
15,5,Shawn Johnson,0.127,2,0,S3-27_percent,0.0,1.0,1,1
15,5,Emmitt Smith,0.126,6,0,S3-27_percent,0.0,1.0,1,1
15,5,Kirstie Alley,0.118,7,0,S3-27_percent,0.0,1.0,1,1
15,5,Kelly Monaco,0.116,8,0,S3-27_percent,0.0,1.0,1,1
15,6,Apolo Anton Ohno,0.133,1,0,S3-27_percent,0.0,0.9369999999999999,1,1
15,6,Sabrina Bryan,0.133,1,1,S3-27_percent,0.0,0.11712499999999999,1,1
15,6,Melissa Rycroft,0.131,3,0,S3-27_percent,0.0020000000000000018,0.939,1,1
15,6,Shawn Johnson,0.124,4,0,S3-27_percent,0.009000000000000008,0.946,1,1
15,6,Gilles Marini,0.122,5,0,S3-27_percent,0.01100000000000001,0.948,1,1
15,6,Kirstie Alley,0.122,5,0,S3-27_percent,0.01100000000000001,0.948,1,1
15,6,Kelly Monaco,0.119,7,0,S3-27_percent,0.014000000000000012,0.951,1,1
15,6,Emmitt Smith,0.117,8,0,S3-27_percent,0.016,0.953,1,1
15,7,Melissa Rycroft,0.161,1,0,S3-27_percent,0.0,1.0,1,1
15,7,Shawn Johnson,0.157,2,0,S3-27_percent,0.0,1.0,1,1
15,7,Kelly Monaco,0.149,3,0,S3-27_percent,0.0,1.0,1,1
15,7,Emmitt Smith,0.143,4,0,S3-27_percent,0.0,1.0,1,1
15,7,Gilles Marini,0.138,5,0,S3-27_percent,0.0,1.0,1,1
15,7,Apolo Anton Ohno,0.136,6,0,S3-27_percent,0.0,1.0,1,1
15,7,Kirstie Alley,0.116,7,0,S3-27_percent,0.0,1.0,1,1
15,8,Melissa Rycroft,0.151,1,0,S3-27_percent,0.0,0.987,1,1
15,8,Apolo Anton Ohno,0.147,2,0,S3-27_percent,-0.0,0.987,1,1
15,8,Gilles Marini,0.147,2,1,S3-27_percent,0.0,0.16516666666666666,1,1
15,8,Emmitt Smith,0.146,4,0,S3-27_percent,0.0010000000000000009,0.988,1,1
15,8,Kelly Monaco,0.142,5,0,S3-27_percent,0.0050000000000000044,0.992,1,1
15,8,Shawn Johnson,0.14,6,0,S3-27_percent,0.0069999999999999785,0.994,1,1
15,8,Kirstie Alley,0.128,7,1,S3-27_percent,0.0,0.181,1,1
15,9,Shawn Johnson,0.209,1,0,S3-27_percent,0.0,0.989,1,1
15,9,Melissa Rycroft,0.204,2,0,S3-27_percent,0.0,0.989,1,1
15,9,Apolo Anton Ohno,0.203,3,1,S3-27_percent,0.0,0.249,1,1
15,9,Kelly Monaco,0.192,4,0,S3-27_percent,0.01100000000000001,1.0,1,1
15,9,Emmitt Smith,0.191,5,1,S3-27_percent,0.0,0.25799999999999995,1,1
15,10,Melissa Rycroft,0.336,1,0,S3-27_percent,0.0,1.0,1,1
15,10,Kelly Monaco,0.333,2,0,S3-27_percent,0.0,1.0,1,1
15,10,Shawn Johnson,0.331,3,0,S3-27_percent,0.0,1.0,1,1
16,1,Zendaya,0.105,1,0,S3-27_percent,0.0,1.0,1,1
16,1,Alexandra Raisman,0.092,2,0,S3-27_percent,0.0,1.0,1,1
16,1,Dorothy Hamill,0.092,2,0,S3-27_percent,0.0,1.0,1,1
16,1,Kellie Pickler,0.092,2,0,S3-27_percent,0.0,1.0,1,1
16,1,Ingo Rademacher,0.087,5,0,S3-27_percent,0.0,1.0,1,1
16,1,Jacoby Jones,0.087,5,0,S3-27_percent,0.0,1.0,1,1
16,1,Sean Lowe,0.083,7,0,S3-27_percent,0.0,1.0,1,1
16,1,Lisa Vanderpump,0.079,8,0,S3-27_percent,0.0,1.0,1,1
16,1,Victor Ortiz,0.079,8,0,S3-27_percent,0.0,1.0,1,1
16,1,Wynonna Judd,0.079,8,0,S3-27_percent,0.0,1.0,1,1
16,1,Andy Dick,0.074,11,0,S3-27_percent,0.0,1.0,1,1
16,1,D. L. Hughley,0.052,12,0,S3-27_percent,0.0,1.0,1,1
16,2,Kellie Pickler,0.107,1,0,S3-27_percent,0.0,1.0,1,1
16,2,Zendaya,0.107,1,0,S3-27_percent,0.0,1.0,1,1
16,2,Alexandra Raisman,0.098,3,0,S3-27_percent,0.0,1.0,1,1
16,2,Jacoby Jones,0.094,4,0,S3-27_percent,0.0,1.0,1,1
16,2,Andy Dick,0.082,5,0,S3-27_percent,0.0,1.0,1,1
16,2,Ingo Rademacher,0.082,5,0,S3-27_percent,0.0,1.0,1,1
16,2,Sean Lowe,0.082,5,0,S3-27_percent,0.0,1.0,1,1
16,2,Lisa Vanderpump,0.074,8,0,S3-27_percent,0.0,1.0,1,1
16,2,Victor Ortiz,0.074,8,0,S3-27_percent,0.0,1.0,1,1
16,2,Wynonna Judd,0.074,8,0,S3-27_percent,0.0,1.0,1,1
16,2,D. L. Hughley,0.066,11,0,S3-27_percent,0.0,1.0,1,1
16,2,Dorothy Hamill,0.061,12,1,S3-27_percent,0.0,0.10574999999999994,1,1
16,3,Jacoby Jones,0.111,1,0,S3-27_percent,0.0,1.0,1,1
16,3,Zendaya,0.111,1,0,S3-27_percent,0.0,1.0,1,1
16,3,Kellie Pickler,0.106,3,0,S3-27_percent,0.0,1.0,1,1
16,3,Alexandra Raisman,0.098,4,0,S3-27_percent,0.0,1.0,1,1
16,3,Victor Ortiz,0.098,4,0,S3-27_percent,0.0,1.0,1,1
16,3,Ingo Rademacher,0.089,6,0,S3-27_percent,0.0,1.0,1,1
16,3,Lisa Vanderpump,0.089,6,0,S3-27_percent,0.0,1.0,1,1
16,3,Sean Lowe,0.089,6,0,S3-27_percent,0.0,1.0,1,1
16,3,Andy Dick,0.077,9,0,S3-27_percent,0.0,1.0,1,1
16,3,D. L. Hughley,0.068,10,0,S3-27_percent,0.0,1.0,1,1
16,3,Wynonna Judd,0.064,11,1,S3-27_percent,0.0,0.11781818181818178,1,1
16,4,Alexandra Raisman,0.121,1,0,S3-27_percent,0.0,1.0,1,1
16,4,Kellie Pickler,0.116,2,0,S3-27_percent,0.0,1.0,1,1
16,4,Zendaya,0.116,2,0,S3-27_percent,0.0,1.0,1,1
16,4,Jacoby Jones,0.107,4,0,S3-27_percent,0.0,1.0,1,1
16,4,Ingo Rademacher,0.103,5,0,S3-27_percent,0.0,1.0,1,1
16,4,Andy Dick,0.094,6,0,S3-27_percent,0.0,1.0,1,1
16,4,D. L. Hughley,0.094,6,0,S3-27_percent,0.0,1.0,1,1
16,4,Sean Lowe,0.089,8,0,S3-27_percent,0.0,1.0,1,1
16,4,Lisa Vanderpump,0.08,9,1,S3-27_percent,0.0,0.11999999999999998,1,1
16,4,Victor Ortiz,0.08,9,0,S3-27_percent,-0.0,1.0,1,1
16,5,Zendaya,0.139,1,0,S3-27_percent,0.0,1.0,1,1
16,5,Kellie Pickler,0.129,2,0,S3-27_percent,0.0,1.0,1,1
16,5,Jacoby Jones,0.124,3,0,S3-27_percent,0.0,1.0,1,1
16,5,Alexandra Raisman,0.12,4,0,S3-27_percent,0.0,1.0,1,1
16,5,Sean Lowe,0.115,5,0,S3-27_percent,0.0,1.0,1,1
16,5,Ingo Rademacher,0.1,6,0,S3-27_percent,0.0,1.0,1,1
16,5,Victor Ortiz,0.1,6,0,S3-27_percent,0.0,1.0,1,1
16,5,Andy Dick,0.086,8,0,S3-27_percent,-0.0,1.0,1,1
16,5,D. L. Hughley,0.086,8,1,S3-27_percent,0.0,0.1361111111111111,1,1
16,6,Kellie Pickler,0.143,1,0,S3-27_percent,0.0,1.0,1,1
16,6,Alexandra Raisman,0.138,2,0,S3-27_percent,0.0,1.0,1,1
16,6,Zendaya,0.135,3,0,S3-27_percent,0.0,1.0,1,1
16,6,Ingo Rademacher,0.122,4,0,S3-27_percent,0.0,1.0,1,1
16,6,Sean Lowe,0.122,4,0,S3-27_percent,0.0,1.0,1,1
16,6,Jacoby Jones,0.119,6,0,S3-27_percent,0.0,1.0,1,1
16,6,Andy Dick,0.114,7,0,S3-27_percent,0.0,1.0,1,1
16,6,Victor Ortiz,0.106,8,1,S3-27_percent,0.0,0.14387499999999998,1,1
16,7,Alexandra Raisman,0.174,1,0,S3-27_percent,0.0,1.0,1,1
16,7,Zendaya,0.163,2,0,S3-27_percent,0.0,1.0,1,1
16,7,Kellie Pickler,0.158,3,0,S3-27_percent,0.0,1.0,1,1
16,7,Jacoby Jones,0.147,4,0,S3-27_percent,0.0,1.0,1,1
16,7,Ingo Rademacher,0.136,5,0,S3-27_percent,0.0,1.0,1,1
16,7,Sean Lowe,0.13,6,0,S3-27_percent,0.0,1.0,1,1
16,7,Andy Dick,0.092,7,1,S3-27_percent,0.0,0.19371428571428573,1,1
16,8,Zendaya,0.186,1,0,S3-27_percent,0.0,1.0,1,1
16,8,Alexandra Raisman,0.18,2,0,S3-27_percent,0.0,1.0,1,1
16,8,Kellie Pickler,0.177,3,0,S3-27_percent,0.0,1.0,1,1
16,8,Jacoby Jones,0.167,4,0,S3-27_percent,0.0,1.0,1,1
16,8,Ingo Rademacher,0.154,5,0,S3-27_percent,0.0,1.0,1,1
16,8,Sean Lowe,0.135,6,1,S3-27_percent,0.0,0.19816666666666663,1,1
16,9,Alexandra Raisman,0.209,1,0,S3-27_percent,0.0,1.0,1,1
16,9,Jacoby Jones,0.209,1,0,S3-27_percent,0.0,1.0,1,1
16,9,Kellie Pickler,0.206,3,0,S3-27_percent,0.0,1.0,1,1
16,9,Zendaya,0.195,4,0,S3-27_percent,0.0,1.0,1,1
16,9,Ingo Rademacher,0.181,5,1,S3-27_percent,0.0,0.219,1,1
16,10,Kellie Pickler,0.256,1,0,S3-27_percent,0.0,0.991,1,1
16,10,Zendaya,0.256,1,0,S3-27_percent,0.0,0.991,1,1
16,10,Alexandra Raisman,0.248,3,1,S3-27_percent,0.0,0.25175000000000003,1,1
16,10,Jacoby Jones,0.239,4,0,S3-27_percent,0.009000000000000008,1.0,1,1
17,1,Amber Riley,0.105,1,0,S3-27_percent,0.0,1.0,1,1
17,1,Corbin Bleu,0.094,2,0,S3-27_percent,0.0,1.0,1,1
17,1,Elizabeth Berkley Lauren,0.094,2,0,S3-27_percent,0.0,1.0,1,1
17,1,Jack Osbourne,0.09,4,0,S3-27_percent,0.0,1.0,1,1
17,1,"Nicole ""Snooki"" Polizzi",0.09,4,0,S3-27_percent,0.0,1.0,1,1
17,1,Brant Daugherty,0.086,6,0,S3-27_percent,0.0,1.0,1,1
17,1,Christina Milian,0.086,6,0,S3-27_percent,0.0,1.0,1,1
17,1,Leah Remini,0.082,8,0,S3-27_percent,0.0,1.0,1,1
17,1,Valerie Harper,0.082,8,0,S3-27_percent,0.0,1.0,1,1
17,1,Bill Engvall,0.07,10,0,S3-27_percent,0.0,1.0,1,1
17,1,Keyshawn Johnson,0.066,11,0,S3-27_percent,0.0,1.0,1,1
17,1,Bill Nye,0.055,12,0,S3-27_percent,0.0,1.0,1,1
17,2,Corbin Bleu,0.098,1,0,S3-27_percent,0.0,0.996,1,1
17,2,Christina Milian,0.094,2,0,S3-27_percent,0.0,0.996,1,1
17,2,Elizabeth Berkley Lauren,0.094,2,0,S3-27_percent,0.0,0.996,1,1
17,2,Amber Riley,0.09,4,0,S3-27_percent,0.0,0.996,1,1
17,2,Jack Osbourne,0.09,4,0,S3-27_percent,0.0,0.996,1,1
17,2,Leah Remini,0.09,4,0,S3-27_percent,0.0,0.996,1,1
17,2,Brant Daugherty,0.086,7,0,S3-27_percent,0.0,0.996,1,1
17,2,Bill Engvall,0.079,8,0,S3-27_percent,0.0,0.996,1,1
17,2,"Nicole ""Snooki"" Polizzi",0.075,9,0,S3-27_percent,0.0,0.996,1,1
17,2,Valerie Harper,0.071,10,0,S3-27_percent,0.0,0.996,1,1
17,2,Keyshawn Johnson,0.068,11,1,S3-27_percent,0.0,0.09858333333333333,1,1
17,2,Bill Nye,0.064,12,0,S3-27_percent,0.0040000000000000036,1.0,1,1
17,3,Brant Daugherty,0.106,1,0,S3-27_percent,0.0,1.0,1,1
17,3,Christina Milian,0.102,2,0,S3-27_percent,0.0,1.0,1,1
17,3,Corbin Bleu,0.102,2,0,S3-27_percent,0.0,1.0,1,1
17,3,Elizabeth Berkley Lauren,0.098,4,0,S3-27_percent,0.0,1.0,1,1
17,3,"Nicole ""Snooki"" Polizzi",0.098,4,0,S3-27_percent,0.0,1.0,1,1
17,3,Amber Riley,0.094,6,0,S3-27_percent,0.0,1.0,1,1
17,3,Bill Engvall,0.094,6,0,S3-27_percent,0.0,1.0,1,1
17,3,Leah Remini,0.094,6,0,S3-27_percent,0.0,1.0,1,1
17,3,Jack Osbourne,0.086,9,0,S3-27_percent,0.0,1.0,1,1
17,3,Bill Nye,0.063,10,1,S3-27_percent,0.0,0.11881818181818177,1,1
17,3,Valerie Harper,0.063,10,0,S3-27_percent,-0.0,1.0,1,1
17,4,Amber Riley,0.114,1,0,S3-27_percent,0.0,1.0,1,1
17,4,Corbin Bleu,0.114,1,0,S3-27_percent,0.0,1.0,1,1
17,4,Elizabeth Berkley Lauren,0.114,1,0,S3-27_percent,0.0,1.0,1,1
17,4,Christina Milian,0.101,4,0,S3-27_percent,0.0,1.0,1,1
17,4,Jack Osbourne,0.101,4,0,S3-27_percent,0.0,1.0,1,1
17,4,Leah Remini,0.101,4,0,S3-27_percent,0.0,1.0,1,1
17,4,"Nicole ""Snooki"" Polizzi",0.101,4,0,S3-27_percent,0.0,1.0,1,1
17,4,Bill Engvall,0.089,8,0,S3-27_percent,0.0,1.0,1,1
17,4,Brant Daugherty,0.089,8,0,S3-27_percent,0.0,1.0,1,1
17,4,Valerie Harper,0.076,10,1,S3-27_percent,0.0,0.12399999999999996,1,1
17,5,Christina Milian,0.119,1,1,S3-27_percent,0.0,0.10333333333333333,1,1
17,5,Corbin Bleu,0.119,1,0,S3-27_percent,-0.0,0.9299999999999999,1,1
17,5,Brant Daugherty,0.115,3,0,S3-27_percent,0.00399999999999999,0.9339999999999999,1,1
17,5,Jack Osbourne,0.115,3,0,S3-27_percent,0.00399999999999999,0.9339999999999999,1,1
17,5,"Nicole ""Snooki"" Polizzi",0.115,3,0,S3-27_percent,0.00399999999999999,0.9339999999999999,1,1
17,5,Amber Riley,0.111,6,0,S3-27_percent,0.007999999999999993,0.938,1,1
17,5,Elizabeth Berkley Lauren,0.111,6,0,S3-27_percent,0.007999999999999993,0.938,1,1
17,5,Bill Engvall,0.102,8,0,S3-27_percent,0.017,0.947,1,1
17,5,Leah Remini,0.094,9,0,S3-27_percent,0.024999999999999994,0.955,1,1
17,6,Amber Riley,0.139,1,0,S3-27_percent,0.0,1.0,1,1
17,6,Elizabeth Berkley Lauren,0.139,2,0,S3-27_percent,0.0,1.0,1,1
17,6,Brant Daugherty,0.134,3,0,S3-27_percent,0.0,1.0,1,1
17,6,"Nicole ""Snooki"" Polizzi",0.13,4,0,S3-27_percent,0.0,1.0,1,1
17,6,Leah Remini,0.121,5,0,S3-27_percent,0.0,1.0,1,1
17,6,Corbin Bleu,0.117,6,0,S3-27_percent,0.0,1.0,1,1
17,6,Jack Osbourne,0.117,7,0,S3-27_percent,0.0,1.0,1,1
17,6,Bill Engvall,0.104,8,0,S3-27_percent,0.0,1.0,1,1
17,7,Amber Riley,0.133,1,0,S3-27_percent,0.0,0.989,1,1
17,7,Corbin Bleu,0.133,1,0,S3-27_percent,0.0,0.989,1,1
17,7,Brant Daugherty,0.129,3,0,S3-27_percent,0.0,0.989,1,1
17,7,Jack Osbourne,0.129,3,0,S3-27_percent,0.0,0.989,1,1
17,7,Elizabeth Berkley Lauren,0.122,5,0,S3-27_percent,0.0,0.989,1,1
17,7,"Nicole ""Snooki"" Polizzi",0.122,5,1,S3-27_percent,0.0,0.12812500000000004,1,1
17,7,Leah Remini,0.12,7,0,S3-27_percent,0.0020000000000000018,0.991,1,1
17,7,Bill Engvall,0.113,8,0,S3-27_percent,0.008999999999999994,0.998,1,1
17,8,Corbin Bleu,0.156,1,0,S3-27_percent,0.0,0.973,1,1
17,8,Jack Osbourne,0.156,1,0,S3-27_percent,0.0,0.973,1,1
17,8,Amber Riley,0.146,3,0,S3-27_percent,0.0,0.973,1,1
17,8,Leah Remini,0.146,3,0,S3-27_percent,0.0,0.973,1,1
17,8,Brant Daugherty,0.141,5,1,S3-27_percent,0.0,0.1447142857142857,1,1
17,8,Elizabeth Berkley Lauren,0.13,6,0,S3-27_percent,0.010999999999999982,0.984,1,1
17,8,Bill Engvall,0.125,7,0,S3-27_percent,0.015999999999999986,0.989,1,1
17,9,Corbin Bleu,0.184,1,0,S3-27_percent,0.0,0.925,1,1
17,9,Elizabeth Berkley Lauren,0.178,2,1,S3-27_percent,0.0,0.15516666666666667,1,1
17,9,Jack Osbourne,0.171,3,0,S3-27_percent,0.0069999999999999785,0.932,1,1
17,9,Leah Remini,0.171,3,0,S3-27_percent,0.0069999999999999785,0.9319999999999999,1,1
17,9,Amber Riley,0.162,5,0,S3-27_percent,0.015999999999999986,0.9410000000000001,1,1
17,9,Bill Engvall,0.133,6,0,S3-27_percent,0.044999999999999984,0.97,1,1
17,10,Amber Riley,0.226,1,0,S3-27_percent,0.0,0.985,1,1
17,10,Corbin Bleu,0.214,2,0,S3-27_percent,0.0,0.985,1,1
17,10,Jack Osbourne,0.203,3,0,S3-27_percent,0.0,0.985,1,1
17,10,Leah Remini,0.186,4,1,S3-27_percent,0.0,0.214,1,1
17,10,Bill Engvall,0.171,5,0,S3-27_percent,0.014999999999999986,1.0,1,1
17,11,Amber Riley,0.274,1,0,S3-27_percent,0.0,1.0,1,1
17,11,Corbin Bleu,0.259,2,0,S3-27_percent,0.0,1.0,1,1
17,11,Jack Osbourne,0.245,3,0,S3-27_percent,0.0,1.0,1,1
17,11,Bill Engvall,0.223,4,1,S3-27_percent,0.0,0.27725,1,1
18,1,Charlie White,0.103,1,0,S3-27_percent,0.0,0.988,1,1
18,1,Candace Cameron Bure,0.095,2,0,S3-27_percent,0.0,0.988,1,1
18,1,Amy Purdy,0.092,3,0,S3-27_percent,0.0,0.988,1,1
18,1,Danica McKellar,0.092,3,0,S3-27_percent,0.0,0.988,1,1
18,1,Meryl Davis,0.092,3,0,S3-27_percent,0.0,0.988,1,1
18,1,Cody Simpson,0.084,6,0,S3-27_percent,0.0,0.988,1,1
18,1,Drew Carey,0.08,7,0,S3-27_percent,0.0,0.988,1,1
18,1,James Maslow,0.08,7,0,S3-27_percent,0.0,0.988,1,1
18,1,NeNe Leakes,0.08,7,0,S3-27_percent,0.0,0.988,1,1
18,1,Sean Avery,0.076,10,0,S3-27_percent,0.0,0.988,1,1
18,1,Diana Nyad,0.069,11,1,S3-27_percent,0.0,0.09766666666666662,1,1
18,1,Billy Dee Williams,0.057,12,0,S3-27_percent,0.012000000000000004,1.0,1,1
18,2,Charlie White,0.102,1,0,S3-27_percent,0.0,1.0,1,1
18,2,James Maslow,0.102,1,0,S3-27_percent,0.0,1.0,1,1
18,2,Meryl Davis,0.102,1,0,S3-27_percent,0.0,1.0,1,1
18,2,Amy Purdy,0.098,4,0,S3-27_percent,0.0,1.0,1,1
18,2,Danica McKellar,0.098,4,0,S3-27_percent,0.0,1.0,1,1
18,2,Cody Simpson,0.09,6,0,S3-27_percent,0.0,1.0,1,1
18,2,Candace Cameron Bure,0.086,7,0,S3-27_percent,-0.0,1.0,1,1
18,2,Drew Carey,0.086,7,0,S3-27_percent,0.0,1.0,1,1
18,2,NeNe Leakes,0.086,7,0,S3-27_percent,0.0,1.0,1,1
18,2,Sean Avery,0.086,7,1,S3-27_percent,0.0,0.1076,1,1
18,2,Billy Dee Williams,0.061,11,1,S3-27_percent,0.0,0.13009999999999994,1,1
18,3,Meryl Davis,0.125,1,0,S3-27_percent,0.0,1.0,1,1
18,3,Amy Purdy,0.116,2,0,S3-27_percent,0.0,1.0,1,1
18,3,Charlie White,0.116,2,0,S3-27_percent,0.0,1.0,1,1
18,3,Danica McKellar,0.116,2,0,S3-27_percent,0.0,1.0,1,1
18,3,James Maslow,0.116,2,0,S3-27_percent,0.0,1.0,1,1
18,3,Cody Simpson,0.113,6,0,S3-27_percent,0.0,1.0,1,1
18,3,Candace Cameron Bure,0.103,7,0,S3-27_percent,0.0,1.0,1,1
18,3,NeNe Leakes,0.1,8,0,S3-27_percent,0.0,1.0,1,1
18,3,Drew Carey,0.096,9,0,S3-27_percent,0.0,1.0,1,1
18,4,Meryl Davis,0.131,1,0,S3-27_percent,0.0,1.0,1,1
18,4,James Maslow,0.118,2,0,S3-27_percent,0.0,1.0,1,1
18,4,Amy Purdy,0.114,3,0,S3-27_percent,0.0,1.0,1,1
18,4,Charlie White,0.111,4,0,S3-27_percent,0.0,1.0,1,1
18,4,Drew Carey,0.111,4,0,S3-27_percent,0.0,1.0,1,1
18,4,Danica McKellar,0.108,6,0,S3-27_percent,0.0,1.0,1,1
18,4,NeNe Leakes,0.108,6,0,S3-27_percent,0.0,1.0,1,1
18,4,Cody Simpson,0.104,8,0,S3-27_percent,0.0,1.0,1,1
18,4,Candace Cameron Bure,0.094,9,0,S3-27_percent,0.0,1.0,1,1
18,5,James Maslow,0.124,1,0,S3-27_percent,0.0,0.981,1,1
18,5,Danica McKellar,0.121,2,0,S3-27_percent,0.0,0.981,1,1
18,5,Amy Purdy,0.115,3,0,S3-27_percent,0.0,0.981,1,1
18,5,Charlie White,0.115,3,0,S3-27_percent,0.0,0.981,1,1
18,5,Meryl Davis,0.112,5,0,S3-27_percent,0.0,0.981,1,1
18,5,NeNe Leakes,0.112,5,0,S3-27_percent,0.0,0.981,1,1
18,5,Candace Cameron Bure,0.109,7,0,S3-27_percent,0.0,0.981,1,1
18,5,Cody Simpson,0.106,8,1,S3-27_percent,0.0,0.1163333333333333,1,1
18,5,Drew Carey,0.087,9,0,S3-27_percent,0.019000000000000003,1.0,1,1
18,6,Meryl Davis,0.142,1,0,S3-27_percent,0.0,1.0,1,1
18,6,Amy Purdy,0.135,2,0,S3-27_percent,0.0,1.0,1,1
18,6,Charlie White,0.128,3,0,S3-27_percent,0.0,1.0,1,1
18,6,Danica McKellar,0.128,3,0,S3-27_percent,0.0,1.0,1,1
18,6,James Maslow,0.124,5,0,S3-27_percent,0.0,1.0,1,1
18,6,NeNe Leakes,0.117,6,0,S3-27_percent,0.0,1.0,1,1
18,6,Candace Cameron Bure,0.113,7,0,S3-27_percent,-0.0,1.0,1,1
18,6,Drew Carey,0.113,7,1,S3-27_percent,0.0,0.13699999999999996,1,1
18,7,Meryl Davis,0.154,1,0,S3-27_percent,0.0,1.0,1,1
18,7,Amy Purdy,0.148,2,0,S3-27_percent,0.0,1.0,1,1
18,7,Candace Cameron Bure,0.146,3,0,S3-27_percent,0.0,1.0,1,1
18,7,Danica McKellar,0.142,4,0,S3-27_percent,0.0,1.0,1,1
18,7,Charlie White,0.14,5,0,S3-27_percent,0.0,1.0,1,1
18,7,James Maslow,0.138,6,0,S3-27_percent,0.0,1.0,1,1
18,7,NeNe Leakes,0.13,7,1,S3-27_percent,0.0,0.15542857142857144,1,1
18,8,Amy Purdy,0.177,1,0,S3-27_percent,0.0,0.973,1,1
18,8,Charlie White,0.177,1,0,S3-27_percent,0.0,0.973,1,1
18,8,Danica McKellar,0.168,3,1,S3-27_percent,0.0,0.16516666666666666,1,1
18,8,Candace Cameron Bure,0.159,4,0,S3-27_percent,0.009000000000000008,0.982,1,1
18,8,James Maslow,0.159,4,0,S3-27_percent,0.009000000000000008,0.982,1,1
18,8,Meryl Davis,0.159,4,0,S3-27_percent,0.009000000000000008,0.982,1,1
18,9,Meryl Davis,0.209,1,0,S3-27_percent,0.0,0.989,1,1
18,9,Amy Purdy,0.204,2,0,S3-27_percent,0.0,0.989,1,1
18,9,Charlie White,0.199,3,1,S3-27_percent,0.0,0.2008,1,1
18,9,James Maslow,0.199,3,0,S3-27_percent,-0.0,0.989,1,1
18,9,Candace Cameron Bure,0.188,5,0,S3-27_percent,0.01100000000000001,1.0,1,1
18,10,Meryl Davis,0.262,1,0,S3-27_percent,0.0,0.974,1,1
18,10,Amy Purdy,0.259,2,0,S3-27_percent,0.0,0.974,1,1
18,10,James Maslow,0.253,3,1,S3-27_percent,0.0,0.24725,1,1
18,10,Candace Cameron Bure,0.227,4,0,S3-27_percent,0.025999999999999995,1.0,1,1
19,1,Alfonso Ribeiro,0.097,1,0,S3-27_percent,0.0,0.995,1,1
19,1,Sadie Robertson,0.091,2,0,S3-27_percent,0.0,0.995,1,1
19,1,Bethany Mota,0.086,3,0,S3-27_percent,0.0,0.995,1,1
19,1,Lea Thompson,0.086,3,0,S3-27_percent,0.0,0.995,1,1
19,1,Randy Couture,0.083,5,0,S3-27_percent,0.0,0.995,1,1
19,1,Jonathan Bennett,0.081,6,0,S3-27_percent,0.0,0.995,1,1
19,1,Janel Parrish,0.078,7,0,S3-27_percent,0.0,0.995,1,1
19,1,Tavis Smiley,0.078,7,0,S3-27_percent,0.0,0.995,1,1
19,1,Tommy Chong,0.073,9,0,S3-27_percent,0.0,0.995,1,1
19,1,Antonio Sabato Jr.,0.067,10,0,S3-27_percent,0.0,0.995,1,1
19,1,Michael Waltrip,0.067,10,0,S3-27_percent,0.0,0.995,1,1
19,1,Lolo Jones,0.059,12,1,S3-27_percent,0.0,0.09484615384615384,1,1
19,1,Betsey Johnson,0.054,13,0,S3-27_percent,0.0049999999999999975,1.0,1,1
19,2,Lea Thompson,0.097,1,0,S3-27_percent,0.0,0.989,1,1
19,2,Janel Parrish,0.094,2,0,S3-27_percent,0.0,0.989,1,1
19,2,Bethany Mota,0.091,3,0,S3-27_percent,0.0,0.989,1,1
19,2,Alfonso Ribeiro,0.088,4,0,S3-27_percent,0.0,0.989,1,1
19,2,Antonio Sabato Jr.,0.086,5,0,S3-27_percent,0.0,0.989,1,1
19,2,Sadie Robertson,0.086,5,0,S3-27_percent,0.0,0.989,1,1
19,2,Jonathan Bennett,0.083,7,0,S3-27_percent,0.0,0.989,1,1
19,2,Betsey Johnson,0.077,8,0,S3-27_percent,-0.0,0.989,1,1
19,2,Randy Couture,0.077,8,0,S3-27_percent,0.0,0.989,1,1
19,2,Tavis Smiley,0.077,8,1,S3-27_percent,0.0,0.0895833333333333,1,1
19,2,Tommy Chong,0.077,8,0,S3-27_percent,0.0,0.989,1,1
19,2,Michael Waltrip,0.066,12,0,S3-27_percent,0.010999999999999996,1.0,1,1
19,3,Bethany Mota,0.113,1,0,S3-27_percent,0.0,1.0,1,1
19,3,Janel Parrish,0.113,1,0,S3-27_percent,0.0,1.0,1,1
19,3,Tommy Chong,0.096,3,0,S3-27_percent,0.0,1.0,1,1
19,3,Alfonso Ribeiro,0.091,4,0,S3-27_percent,0.0,1.0,1,1
19,3,Jonathan Bennett,0.091,4,0,S3-27_percent,0.0,1.0,1,1
19,3,Sadie Robertson,0.091,4,0,S3-27_percent,0.0,1.0,1,1
19,3,Lea Thompson,0.088,7,0,S3-27_percent,0.0,1.0,1,1
19,3,Antonio Sabato Jr.,0.082,8,0,S3-27_percent,0.0,1.0,1,1
19,3,Betsey Johnson,0.082,8,0,S3-27_percent,0.0,1.0,1,1
19,3,Michael Waltrip,0.079,10,0,S3-27_percent,0.0,1.0,1,1
19,3,Randy Couture,0.074,11,1,S3-27_percent,0.0,0.10781818181818177,1,1
19,4,Alfonso Ribeiro,0.125,1,0,S3-27_percent,0.0,0.968,1,1
19,4,Lea Thompson,0.122,2,0,S3-27_percent,0.0,0.968,1,1
19,4,Sadie Robertson,0.116,3,0,S3-27_percent,0.0,0.968,1,1
19,4,Janel Parrish,0.112,4,0,S3-27_percent,0.0,0.968,1,1
19,4,Bethany Mota,0.103,5,0,S3-27_percent,0.0,0.968,1,1
19,4,Antonio Sabato Jr.,0.091,6,0,S3-27_percent,-0.0,0.968,1,1
19,4,Betsey Johnson,0.091,6,1,S3-27_percent,0.0,0.10909999999999997,1,1
19,4,Tommy Chong,0.088,8,0,S3-27_percent,0.0030000000000000027,0.971,1,1
19,4,Michael Waltrip,0.078,9,0,S3-27_percent,0.012999999999999998,0.981,1,1
19,4,Jonathan Bennett,0.075,10,0,S3-27_percent,0.016,0.984,1,1
19,5,Sadie Robertson,0.136,1,0,S3-27_percent,0.0,1.0,1,1
19,5,Alfonso Ribeiro,0.129,2,0,S3-27_percent,0.0,1.0,1,1
19,5,Lea Thompson,0.129,2,0,S3-27_percent,0.0,1.0,1,1
19,5,Janel Parrish,0.125,4,0,S3-27_percent,0.0,1.0,1,1
19,5,Bethany Mota,0.121,5,0,S3-27_percent,0.0,1.0,1,1
19,5,Antonio Sabato Jr.,0.106,6,0,S3-27_percent,0.0,1.0,1,1
19,5,Jonathan Bennett,0.091,7,0,S3-27_percent,0.0,1.0,1,1
19,5,Tommy Chong,0.087,8,0,S3-27_percent,0.0,1.0,1,1
19,5,Michael Waltrip,0.076,9,0,S3-27_percent,0.0,1.0,1,1
19,6,Alfonso Ribeiro,0.133,1,0,S3-27_percent,0.0,0.967,1,1
19,6,Bethany Mota,0.123,2,0,S3-27_percent,0.0,0.967,1,1
19,6,Sadie Robertson,0.119,3,0,S3-27_percent,0.0,0.967,1,1
19,6,Janel Parrish,0.113,4,0,S3-27_percent,0.0,0.967,1,1
19,6,Jonathan Bennett,0.109,5,1,S3-27_percent,0.0,0.11322222222222222,1,1
19,6,Lea Thompson,0.109,5,0,S3-27_percent,-0.0,0.967,1,1
19,6,Michael Waltrip,0.102,7,0,S3-27_percent,0.007000000000000006,0.974,1,1
19,6,Antonio Sabato Jr.,0.096,8,0,S3-27_percent,0.012999999999999998,0.98,1,1
19,6,Tommy Chong,0.096,8,0,S3-27_percent,0.012999999999999998,0.98,1,1
19,7,Bethany Mota,0.145,1,0,S3-27_percent,0.0,0.994,1,1
19,7,Lea Thompson,0.135,2,0,S3-27_percent,0.0,0.994,1,1
19,7,Alfonso Ribeiro,0.132,3,0,S3-27_percent,0.0,0.994,1,1
19,7,Janel Parrish,0.13,4,0,S3-27_percent,0.0,0.994,1,1
19,7,Sadie Robertson,0.12,5,0,S3-27_percent,0.0,0.994,1,1
19,7,Tommy Chong,0.116,6,0,S3-27_percent,0.0,0.994,1,1
19,7,Antonio Sabato Jr.,0.114,7,1,S3-27_percent,0.0,0.136,1,1
19,7,Michael Waltrip,0.108,8,0,S3-27_percent,0.006000000000000005,1.0,1,1
19,8,Janel Parrish,0.173,1,0,S3-27_percent,0.0,1.0,1,1
19,8,Alfonso Ribeiro,0.165,2,0,S3-27_percent,0.0,1.0,1,1
19,8,Bethany Mota,0.161,3,0,S3-27_percent,0.0,1.0,1,1
19,8,Sadie Robertson,0.153,4,0,S3-27_percent,0.0,1.0,1,1
19,8,Lea Thompson,0.129,5,0,S3-27_percent,0.0,1.0,1,1
19,8,Tommy Chong,0.117,6,0,S3-27_percent,0.0,1.0,1,1
19,8,Michael Waltrip,0.101,7,1,S3-27_percent,0.0,0.1845714285714286,1,1
19,9,Alfonso Ribeiro,0.18,1,0,S3-27_percent,0.0,0.969,1,1
19,9,Janel Parrish,0.18,1,0,S3-27_percent,0.0,0.969,1,1
19,9,Bethany Mota,0.173,3,0,S3-27_percent,0.0,0.969,1,1
19,9,Sadie Robertson,0.171,4,0,S3-27_percent,0.0,0.969,1,1
19,9,Lea Thompson,0.164,5,1,S3-27_percent,0.0,0.16949999999999998,1,1
19,9,Tommy Chong,0.133,6,0,S3-27_percent,0.031,1.0,1,1
19,10,Janel Parrish,0.214,1,0,S3-27_percent,0.0,1.0,1,1
19,10,Bethany Mota,0.208,2,0,S3-27_percent,0.0,1.0,1,1
19,10,Alfonso Ribeiro,0.205,3,0,S3-27_percent,0.0,1.0,1,1
19,10,Sadie Robertson,0.203,4,0,S3-27_percent,0.0,1.0,1,1
19,10,Tommy Chong,0.17,5,1,S3-27_percent,0.0,0.22999999999999998,1,1
19,11,Alfonso Ribeiro,0.256,1,0,S3-27_percent,0.0,1.0,1,1
19,11,Sadie Robertson,0.252,2,0,S3-27_percent,0.0,1.0,1,1
19,11,Janel Parrish,0.249,3,0,S3-27_percent,0.0,1.0,1,1
19,11,Bethany Mota,0.243,4,1,S3-27_percent,0.0,0.257,1,1
20,1,Rumer Willis,0.101,1,0,S3-27_percent,0.0,1.0,1,1
20,1,Riker Lynch,0.097,2,0,S3-27_percent,0.0,1.0,1,1
20,1,Nastia Liukin,0.094,3,0,S3-27_percent,0.0,1.0,1,1
20,1,Robert Herjavec,0.088,4,0,S3-27_percent,0.0,1.0,1,1
20,1,Chris Soules,0.082,5,0,S3-27_percent,0.0,1.0,1,1
20,1,Michael Sam,0.082,5,0,S3-27_percent,0.0,1.0,1,1
20,1,Noah Galloway,0.082,5,0,S3-27_percent,0.0,1.0,1,1
20,1,Patti LaBelle,0.079,8,0,S3-27_percent,0.0,1.0,1,1
20,1,Suzanne Somers,0.079,8,0,S3-27_percent,0.0,1.0,1,1
20,1,Willow Shields,0.079,8,0,S3-27_percent,0.0,1.0,1,1
20,1,Charlotte McKinney,0.069,11,0,S3-27_percent,0.0,1.0,1,1
20,1,Redfoo,0.069,11,0,S3-27_percent,0.0,1.0,1,1
20,2,Nastia Liukin,0.098,1,0,S3-27_percent,0.0,0.9149999999999999,1,1
20,2,Riker Lynch,0.092,2,0,S3-27_percent,0.0,0.9149999999999999,1,1
20,2,Rumer Willis,0.092,2,0,S3-27_percent,0.0,0.9149999999999999,1,1
20,2,Willow Shields,0.092,2,0,S3-27_percent,0.0,0.9149999999999999,1,1
20,2,Redfoo,0.089,5,1,S3-27_percent,0.0,0.07775,1,1
20,2,Michael Sam,0.081,6,0,S3-27_percent,0.007999999999999993,0.9229999999999999,1,1
20,2,Patti LaBelle,0.081,6,0,S3-27_percent,0.007999999999999993,0.9229999999999999,1,1
20,2,Robert Herjavec,0.081,6,0,S3-27_percent,0.007999999999999993,0.9229999999999999,1,1
20,2,Suzanne Somers,0.081,6,0,S3-27_percent,0.007999999999999993,0.9229999999999999,1,1
20,2,Noah Galloway,0.078,10,0,S3-27_percent,0.010999999999999996,0.9259999999999999,1,1
20,2,Charlotte McKinney,0.075,11,0,S3-27_percent,0.013999999999999999,0.9289999999999999,1,1
20,2,Chris Soules,0.061,12,0,S3-27_percent,0.027999999999999997,0.943,1,1
20,3,Nastia Liukin,0.109,1,0,S3-27_percent,0.0,1.0,1,1
20,3,Riker Lynch,0.109,1,0,S3-27_percent,0.0,1.0,1,1
20,3,Rumer Willis,0.105,3,0,S3-27_percent,0.0,1.0,1,1
20,3,Willow Shields,0.102,4,0,S3-27_percent,0.0,1.0,1,1
20,3,Noah Galloway,0.096,5,0,S3-27_percent,0.0,1.0,1,1
20,3,Robert Herjavec,0.093,6,0,S3-27_percent,0.0,1.0,1,1
20,3,Chris Soules,0.089,7,0,S3-27_percent,0.0,1.0,1,1
20,3,Suzanne Somers,0.08,8,0,S3-27_percent,0.0,1.0,1,1
20,3,Michael Sam,0.077,9,0,S3-27_percent,0.0,1.0,1,1
20,3,Charlotte McKinney,0.07,10,1,S3-27_percent,0.0,0.11181818181818179,1,1
20,3,Patti LaBelle,0.07,10,0,S3-27_percent,-0.0,1.0,1,1
20,4,Willow Shields,0.12,1,0,S3-27_percent,0.0,0.985,1,1
20,4,Nastia Liukin,0.111,2,0,S3-27_percent,0.0,0.985,1,1
20,4,Rumer Willis,0.108,3,0,S3-27_percent,0.0,0.985,1,1
20,4,Riker Lynch,0.105,4,0,S3-27_percent,0.0,0.985,1,1
20,4,Robert Herjavec,0.105,4,0,S3-27_percent,0.0,0.985,1,1
20,4,Noah Galloway,0.098,6,0,S3-27_percent,0.0,0.985,1,1
20,4,Michael Sam,0.092,7,1,S3-27_percent,0.0,0.10799999999999998,1,1
20,4,Patti LaBelle,0.092,7,0,S3-27_percent,-0.0,0.985,1,1
20,4,Suzanne Somers,0.086,9,0,S3-27_percent,0.006000000000000005,0.991,1,1
20,4,Chris Soules,0.083,10,0,S3-27_percent,0.008999999999999994,0.994,1,1
20,5,Rumer Willis,0.138,1,0,S3-27_percent,0.0,0.978,1,1
20,5,Nastia Liukin,0.134,2,0,S3-27_percent,0.0,0.978,1,1
20,5,Riker Lynch,0.134,2,0,S3-27_percent,0.0,0.978,1,1
20,5,Willow Shields,0.12,4,0,S3-27_percent,0.0,0.978,1,1
20,5,Noah Galloway,0.099,5,0,S3-27_percent,-0.0,0.978,1,1
20,5,Suzanne Somers,0.099,5,1,S3-27_percent,0.0,0.1231111111111111,1,1
20,5,Chris Soules,0.095,7,0,S3-27_percent,0.0040000000000000036,0.982,1,1
20,5,Patti LaBelle,0.095,7,0,S3-27_percent,0.0040000000000000036,0.982,1,1
20,5,Robert Herjavec,0.085,9,0,S3-27_percent,0.013999999999999999,0.992,1,1
20,6,Riker Lynch,0.134,1,0,S3-27_percent,0.0,0.998,1,1
20,6,Nastia Liukin,0.129,2,0,S3-27_percent,0.0,0.998,1,1
20,6,Willow Shields,0.129,2,0,S3-27_percent,0.0,0.998,1,1
20,6,Rumer Willis,0.125,4,0,S3-27_percent,0.0,0.998,1,1
20,6,Chris Soules,0.124,5,0,S3-27_percent,0.0,0.998,1,1
20,6,Noah Galloway,0.12,6,0,S3-27_percent,0.0,0.998,1,1
20,6,Patti LaBelle,0.12,6,1,S3-27_percent,0.0,0.129875,1,1
20,6,Robert Herjavec,0.118,8,0,S3-27_percent,0.0020000000000000018,1.0,1,1
20,7,Nastia Liukin,0.161,1,0,S3-27_percent,0.0,0.9159999999999999,1,1
20,7,Willow Shields,0.154,2,1,S3-27_percent,0.0,0.13185714285714284,1,1
20,7,Noah Galloway,0.15,3,0,S3-27_percent,0.0040000000000000036,0.9199999999999999,1,1
20,7,Riker Lynch,0.146,4,0,S3-27_percent,0.008000000000000007,0.9239999999999999,1,1
20,7,Rumer Willis,0.146,4,0,S3-27_percent,0.008000000000000007,0.9239999999999999,1,1
20,7,Chris Soules,0.122,6,0,S3-27_percent,0.032,0.948,1,1
20,7,Robert Herjavec,0.122,6,0,S3-27_percent,0.032,0.948,1,1
20,8,Rumer Willis,0.189,1,0,S3-27_percent,0.0,0.998,1,1
20,8,Riker Lynch,0.184,2,0,S3-27_percent,0.0,0.998,1,1
20,8,Nastia Liukin,0.18,3,0,S3-27_percent,0.0,0.998,1,1
20,8,Chris Soules,0.151,4,1,S3-27_percent,0.0,0.21959999999999996,1,1
20,8,Noah Galloway,0.149,5,0,S3-27_percent,0.0020000000000000018,1.0,1,1
20,8,Robert Herjavec,0.147,6,1,S3-27_percent,0.0,0.22279999999999997,1,1
20,9,Nastia Liukin,0.255,1,1,S3-27_percent,0.0,0.245,1,1
20,9,Riker Lynch,0.255,1,0,S3-27_percent,-0.0,0.98,1,1
20,9,Rumer Willis,0.248,3,0,S3-27_percent,0.007000000000000006,0.987,1,1
20,9,Noah Galloway,0.242,4,0,S3-27_percent,0.013000000000000012,0.993,1,1
20,10,Riker Lynch,0.345,1,0,S3-27_percent,0.0,1.0,1,1
20,10,Rumer Willis,0.345,1,0,S3-27_percent,0.0,1.0,1,1
20,10,Noah Galloway,0.31,3,0,S3-27_percent,0.0,1.0,1,1
21,1,Bindi Irwin,0.096,1,0,S3-27_percent,0.0,1.0,1,1
21,1,Nick Carter,0.096,1,0,S3-27_percent,0.0,1.0,1,1
21,1,Carlos PenaVega,0.092,3,0,S3-27_percent,0.0,1.0,1,1
21,1,Tamar Braxton,0.092,3,0,S3-27_percent,0.0,1.0,1,1
21,1,Alek Skarlatos,0.088,5,0,S3-27_percent,0.0,1.0,1,1
21,1,Alexa PenaVega,0.088,5,0,S3-27_percent,0.0,1.0,1,1
21,1,Andy Grammer,0.084,7,0,S3-27_percent,0.0,1.0,1,1
21,1,Hayes Grier,0.084,7,0,S3-27_percent,0.0,1.0,1,1
21,1,Gary Busey,0.06,9,0,S3-27_percent,0.0,1.0,1,1
21,1,Paula Deen,0.06,9,0,S3-27_percent,0.0,1.0,1,1
21,1,Victor Espinoza,0.06,9,0,S3-27_percent,0.0,1.0,1,1
21,1,Chaka Khan,0.052,12,0,S3-27_percent,0.0,1.0,1,1
21,1,Kim Zolciak-Biermann,0.048,13,0,S3-27_percent,0.0,1.0,1,1
21,2,Tamar Braxton,0.091,1,0,S3-27_percent,0.0,0.993,1,1
21,2,Bindi Irwin,0.089,2,0,S3-27_percent,0.0,0.993,1,1
21,2,Alexa PenaVega,0.085,3,0,S3-27_percent,0.0,0.993,1,1
21,2,Alek Skarlatos,0.083,4,0,S3-27_percent,0.0,0.993,1,1
21,2,Carlos PenaVega,0.083,4,0,S3-27_percent,0.0,0.993,1,1
21,2,Hayes Grier,0.083,4,0,S3-27_percent,0.0,0.993,1,1
21,2,Nick Carter,0.083,4,0,S3-27_percent,0.0,0.993,1,1
21,2,Andy Grammer,0.081,8,0,S3-27_percent,0.0,0.993,1,1
21,2,Kim Zolciak-Biermann,0.068,9,1,S3-27_percent,0.0,0.10245454545454546,1,1
21,2,Paula Deen,0.068,9,0,S3-27_percent,0.0,0.993,1,1
21,2,Victor Espinoza,0.068,9,1,S3-27_percent,0.0,0.10245454545454546,1,1
21,2,Gary Busey,0.061,12,0,S3-27_percent,0.007000000000000117,1.0,1,1
21,2,Chaka Khan,0.055,13,1,S3-27_percent,0.0,0.11427272727272729,1,1
21,3,Alexa PenaVega,0.118,1,0,S3-27_percent,0.0,1.0,1,1
21,3,Nick Carter,0.118,1,0,S3-27_percent,0.0,1.0,1,1
21,3,Alek Skarlatos,0.108,3,0,S3-27_percent,0.0,1.0,1,1
21,3,Tamar Braxton,0.108,3,0,S3-27_percent,0.0,1.0,1,1
21,3,Bindi Irwin,0.105,5,0,S3-27_percent,0.0,1.0,1,1
21,3,Carlos PenaVega,0.102,6,0,S3-27_percent,0.0,1.0,1,1
21,3,Hayes Grier,0.098,7,0,S3-27_percent,0.0,1.0,1,1
21,3,Andy Grammer,0.095,8,0,S3-27_percent,0.0,1.0,1,1
21,3,Gary Busey,0.082,9,0,S3-27_percent,0.0,1.0,1,1
21,3,Paula Deen,0.066,10,0,S3-27_percent,0.0,1.0,1,1
21,4,Bindi Irwin,0.119,1,0,S3-27_percent,0.0,1.0,1,1
21,4,Hayes Grier,0.114,2,0,S3-27_percent,0.0,1.0,1,1
21,4,Nick Carter,0.114,2,0,S3-27_percent,0.0,1.0,1,1
21,4,Tamar Braxton,0.114,2,0,S3-27_percent,0.0,1.0,1,1
21,4,Carlos PenaVega,0.106,5,0,S3-27_percent,0.0,1.0,1,1
21,4,Alek Skarlatos,0.102,6,0,S3-27_percent,0.0,1.0,1,1
21,4,Andy Grammer,0.097,7,0,S3-27_percent,0.0,1.0,1,1
21,4,Alexa PenaVega,0.089,8,0,S3-27_percent,0.0,1.0,1,1
21,4,Paula Deen,0.076,9,0,S3-27_percent,0.0,1.0,1,1
21,4,Gary Busey,0.068,10,1,S3-27_percent,0.0,0.1319,1,1
21,5,Alexa PenaVega,0.133,1,0,S3-27_percent,0.0,1.0,1,1
21,5,Carlos PenaVega,0.13,2,0,S3-27_percent,0.0,1.0,1,1
21,5,Bindi Irwin,0.123,3,0,S3-27_percent,0.0,1.0,1,1
21,5,Andy Grammer,0.12,4,0,S3-27_percent,0.0,1.0,1,1
21,5,Nick Carter,0.116,5,0,S3-27_percent,0.0,1.0,1,1
21,5,Hayes Grier,0.1,6,0,S3-27_percent,0.0,1.0,1,1
21,5,Alek Skarlatos,0.096,7,0,S3-27_percent,0.0,1.0,1,1
21,5,Tamar Braxton,0.096,7,0,S3-27_percent,0.0,1.0,1,1
21,5,Paula Deen,0.086,9,0,S3-27_percent,0.0,1.0,1,1
21,6,Andy Grammer,0.128,1,0,S3-27_percent,0.0,1.0,1,1
21,6,Bindi Irwin,0.128,1,0,S3-27_percent,0.0,1.0,1,1
21,6,Tamar Braxton,0.128,1,0,S3-27_percent,0.0,1.0,1,1
21,6,Nick Carter,0.125,4,0,S3-27_percent,0.0,1.0,1,1
21,6,Carlos PenaVega,0.121,5,0,S3-27_percent,0.0,1.0,1,1
21,6,Hayes Grier,0.102,6,0,S3-27_percent,0.0,1.0,1,1
21,6,Alek Skarlatos,0.096,7,0,S3-27_percent,0.0,1.0,1,1
21,6,Alexa PenaVega,0.096,7,0,S3-27_percent,0.0,1.0,1,1
21,6,Paula Deen,0.077,9,1,S3-27_percent,0.0,0.1453333333333333,1,1
21,7,Bindi Irwin,0.131,1,0,S3-27_percent,0.0,0.98,1,1
21,7,Andy Grammer,0.127,2,0,S3-27_percent,0.0,0.98,1,1
21,7,Carlos PenaVega,0.127,2,0,S3-27_percent,0.0,0.98,1,1
21,7,Hayes Grier,0.127,2,1,S3-27_percent,0.0,0.123,1,1
21,7,Alexa PenaVega,0.124,5,0,S3-27_percent,0.0030000000000000027,0.983,1,1
21,7,Nick Carter,0.122,6,0,S3-27_percent,0.0050000000000000044,0.985,1,1
21,7,Tamar Braxton,0.122,6,0,S3-27_percent,0.0050000000000000044,0.985,1,1
21,7,Alek Skarlatos,0.12,8,0,S3-27_percent,0.007000000000000006,0.987,1,1
21,8,Nick Carter,0.17,1,0,S3-27_percent,0.0,1.0,1,1
21,8,Carlos PenaVega,0.149,2,0,S3-27_percent,0.0,1.0,1,1
21,8,Bindi Irwin,0.144,3,0,S3-27_percent,0.0,1.0,1,1
21,8,Tamar Braxton,0.144,3,0,S3-27_percent,0.0,1.0,1,1
21,8,Alexa PenaVega,0.139,5,0,S3-27_percent,0.0,1.0,1,1
21,8,Alek Skarlatos,0.129,6,0,S3-27_percent,0.0,1.0,1,1
21,8,Andy Grammer,0.124,7,1,S3-27_percent,0.0,0.16157142857142856,1,1
21,9,Alexa PenaVega,0.182,1,1,S3-27_percent,0.0,0.188,1,1
21,9,Bindi Irwin,0.182,1,0,S3-27_percent,-0.0,0.94,1,1
21,9,Nick Carter,0.167,3,0,S3-27_percent,0.014999999999999986,0.955,1,1
21,9,Carlos PenaVega,0.164,4,0,S3-27_percent,0.017999999999999988,0.958,1,1
21,9,Alek Skarlatos,0.155,5,0,S3-27_percent,0.026999999999999996,0.967,1,1
21,9,Tamar Braxton,0.149,6,1,S3-27_percent,0.0,0.21439999999999998,1,1
21,10,Bindi Irwin,0.266,1,0,S3-27_percent,0.0,1.0,1,1
21,10,Carlos PenaVega,0.266,1,0,S3-27_percent,0.0,1.0,1,1
21,10,Alek Skarlatos,0.241,3,0,S3-27_percent,0.0,1.0,1,1
21,10,Nick Carter,0.228,4,0,S3-27_percent,0.0,1.0,1,1
21,11,Bindi Irwin,0.254,1,0,S3-27_percent,-0.0,0.983,1,1
21,11,Carlos PenaVega,0.254,1,1,S3-27_percent,0.0,0.24575,1,1
21,11,Nick Carter,0.254,1,0,S3-27_percent,0.0,0.983,1,1
21,11,Alek Skarlatos,0.237,4,0,S3-27_percent,0.017000000000000015,1.0,1,1
22,1,Ginger Zee,0.097,1,0,S3-27_percent,0.0,1.0,1,1
22,1,Nyle DiMarco,0.097,1,0,S3-27_percent,0.0,1.0,1,1
22,1,Wanya Morris,0.097,1,0,S3-27_percent,0.0,1.0,1,1
22,1,Antonio Brown,0.089,4,0,S3-27_percent,0.0,1.0,1,1
22,1,Marla Maples,0.089,4,0,S3-27_percent,0.0,1.0,1,1
22,1,Paige VanZant,0.089,4,0,S3-27_percent,0.0,1.0,1,1
22,1,Von Miller,0.089,4,0,S3-27_percent,0.0,1.0,1,1
22,1,Jodie Sweetin,0.084,8,0,S3-27_percent,0.0,1.0,1,1
22,1,Kim Fields,0.084,8,0,S3-27_percent,0.0,1.0,1,1
22,1,Mischa Barton,0.068,10,0,S3-27_percent,0.0,1.0,1,1
22,1,Doug Flutie,0.063,11,0,S3-27_percent,0.0,1.0,1,1
22,1,Geraldo Rivera,0.055,12,0,S3-27_percent,0.0,1.0,1,1
22,2,Paige VanZant,0.102,1,0,S3-27_percent,0.0,1.0,1,1
22,2,Wanya Morris,0.102,1,0,S3-27_percent,0.0,1.0,1,1
22,2,Ginger Zee,0.089,3,0,S3-27_percent,0.0,1.0,1,1
22,2,Jodie Sweetin,0.089,3,0,S3-27_percent,0.0,1.0,1,1
22,2,Doug Flutie,0.085,5,0,S3-27_percent,0.0,1.0,1,1
22,2,Marla Maples,0.085,5,0,S3-27_percent,0.0,1.0,1,1
22,2,Nyle DiMarco,0.085,5,0,S3-27_percent,0.0,1.0,1,1
22,2,Von Miller,0.085,5,0,S3-27_percent,0.0,1.0,1,1
22,2,Antonio Brown,0.081,9,0,S3-27_percent,0.0,1.0,1,1
22,2,Kim Fields,0.081,9,0,S3-27_percent,0.0,1.0,1,1
22,2,Mischa Barton,0.064,11,0,S3-27_percent,0.0,1.0,1,1
22,2,Geraldo Rivera,0.055,12,1,S3-27_percent,0.0,0.11191666666666666,1,1
22,3,Nyle DiMarco,0.105,1,0,S3-27_percent,0.0,1.0,1,1
22,3,Wanya Morris,0.101,2,0,S3-27_percent,0.0,1.0,1,1
22,3,Jodie Sweetin,0.097,3,0,S3-27_percent,0.0,1.0,1,1
22,3,Paige VanZant,0.097,3,0,S3-27_percent,0.0,1.0,1,1
22,3,Kim Fields,0.093,5,0,S3-27_percent,0.0,1.0,1,1
22,3,Ginger Zee,0.089,6,0,S3-27_percent,0.0,1.0,1,1
22,3,Marla Maples,0.089,6,0,S3-27_percent,0.0,1.0,1,1
22,3,Antonio Brown,0.084,8,0,S3-27_percent,0.0,1.0,1,1
22,3,Doug Flutie,0.084,8,0,S3-27_percent,0.0,1.0,1,1
22,3,Von Miller,0.084,8,0,S3-27_percent,0.0,1.0,1,1
22,3,Mischa Barton,0.076,11,1,S3-27_percent,0.0,0.10572727272727267,1,1
22,4,Ginger Zee,0.113,1,0,S3-27_percent,0.0,0.984,1,1
22,4,Paige VanZant,0.113,1,0,S3-27_percent,0.0,0.984,1,1
22,4,Antonio Brown,0.11,3,0,S3-27_percent,0.0,0.984,1,1
22,4,Wanya Morris,0.11,3,0,S3-27_percent,0.0,0.984,1,1
22,4,Nyle DiMarco,0.107,5,0,S3-27_percent,0.0,0.984,1,1
22,4,Kim Fields,0.1,6,0,S3-27_percent,0.0,0.984,1,1
22,4,Von Miller,0.1,6,0,S3-27_percent,0.0,0.984,1,1
22,4,Marla Maples,0.088,8,1,S3-27_percent,0.0,0.11209999999999999,1,1
22,4,Jodie Sweetin,0.085,9,0,S3-27_percent,0.002999999999999989,0.987,1,1
22,4,Doug Flutie,0.075,10,0,S3-27_percent,0.012999999999999998,0.997,1,1
22,5,Nyle DiMarco,0.134,1,0,S3-27_percent,0.0,1.0,1,1
22,5,Jodie Sweetin,0.127,2,0,S3-27_percent,0.0,1.0,1,1
22,5,Ginger Zee,0.116,3,0,S3-27_percent,0.0,1.0,1,1
22,5,Paige VanZant,0.112,4,0,S3-27_percent,0.0,1.0,1,1
22,5,Wanya Morris,0.109,5,0,S3-27_percent,0.0,1.0,1,1
22,5,Von Miller,0.105,6,0,S3-27_percent,0.0,1.0,1,1
22,5,Doug Flutie,0.101,7,0,S3-27_percent,0.0,1.0,1,1
22,5,Kim Fields,0.101,7,0,S3-27_percent,0.0,1.0,1,1
22,5,Antonio Brown,0.094,9,0,S3-27_percent,0.0,1.0,1,1
22,6,Wanya Morris,0.128,1,0,S3-27_percent,0.0,1.0,1,1
22,6,Paige VanZant,0.123,2,0,S3-27_percent,0.0,1.0,1,1
22,6,Antonio Brown,0.119,3,0,S3-27_percent,0.0,1.0,1,1
22,6,Jodie Sweetin,0.11,4,0,S3-27_percent,0.0,1.0,1,1
22,6,Nyle DiMarco,0.11,4,0,S3-27_percent,0.0,1.0,1,1
22,6,Ginger Zee,0.106,6,0,S3-27_percent,0.0,1.0,1,1
22,6,Kim Fields,0.106,6,0,S3-27_percent,0.0,1.0,1,1
22,6,Von Miller,0.106,6,0,S3-27_percent,0.0,1.0,1,1
22,6,Doug Flutie,0.093,9,1,S3-27_percent,0.0,0.12933333333333327,1,1
22,7,Nyle DiMarco,0.131,1,0,S3-27_percent,0.0,0.998,1,1
22,7,Ginger Zee,0.129,2,0,S3-27_percent,0.0,0.998,1,1
22,7,Paige VanZant,0.129,2,0,S3-27_percent,0.0,0.998,1,1
22,7,Wanya Morris,0.129,2,0,S3-27_percent,0.0,0.998,1,1
22,7,Antonio Brown,0.121,5,0,S3-27_percent,-0.0,0.998,1,1
22,7,Kim Fields,0.121,5,1,S3-27_percent,0.0,0.14742857142857144,1,1
22,7,Von Miller,0.121,5,1,S3-27_percent,0.0,0.14742857142857144,1,1
22,7,Jodie Sweetin,0.119,8,0,S3-27_percent,0.0020000000000000018,1.0,1,1
22,8,Ginger Zee,0.178,1,0,S3-27_percent,-0.0,0.9339999999999999,1,1
22,8,Jodie Sweetin,0.178,1,1,S3-27_percent,0.0,0.15566666666666665,1,1
22,8,Nyle DiMarco,0.172,3,0,S3-27_percent,0.006000000000000005,0.94,1,1
22,8,Paige VanZant,0.166,4,0,S3-27_percent,0.011999999999999983,0.946,1,1
22,8,Antonio Brown,0.16,5,0,S3-27_percent,0.017999999999999988,0.952,1,1
22,8,Wanya Morris,0.148,6,0,S3-27_percent,0.03,0.964,1,1
22,9,Wanya Morris,0.209,1,1,S3-27_percent,0.0,0.24325,1,1
22,9,Paige VanZant,0.206,2,0,S3-27_percent,0.0030000000000000027,0.976,1,1
22,9,Nyle DiMarco,0.199,3,0,S3-27_percent,0.009999999999999981,0.983,1,1
22,9,Ginger Zee,0.195,4,0,S3-27_percent,0.013999999999999985,0.987,1,1
22,9,Antonio Brown,0.192,5,1,S3-27_percent,0.0,0.25600000000000006,1,1
22,10,Paige VanZant,0.341,1,0,S3-27_percent,0.0,1.0,1,1
22,10,Nyle DiMarco,0.333,2,0,S3-27_percent,0.0,1.0,1,1
22,10,Ginger Zee,0.326,3,0,S3-27_percent,0.0,1.0,1,1
23,1,James Hinchcliffe,0.094,1,0,S3-27_percent,0.0,1.0,1,1
23,1,Laurie Hernandez,0.094,1,0,S3-27_percent,0.0,1.0,1,1
23,1,Jana Kramer,0.082,3,0,S3-27_percent,0.0,1.0,1,1
23,1,Marilu Henner,0.082,3,0,S3-27_percent,0.0,1.0,1,1
23,1,Babyface,0.079,5,0,S3-27_percent,0.0,1.0,1,1
23,1,Calvin Johnson Jr.,0.079,5,0,S3-27_percent,0.0,1.0,1,1
23,1,Terra Jole,0.076,7,0,S3-27_percent,0.0,1.0,1,1
23,1,Vanilla Ice,0.076,7,0,S3-27_percent,0.0,1.0,1,1
23,1,Amber Rose,0.073,9,0,S3-27_percent,0.0,1.0,1,1
23,1,Ryan Lochte,0.073,9,0,S3-27_percent,0.0,1.0,1,1
23,1,Jake T. Austin,0.067,11,0,S3-27_percent,0.0,1.0,1,1
23,1,Maureen McCormick,0.067,11,0,S3-27_percent,0.0,1.0,1,1
23,1,Rick Perry,0.061,13,0,S3-27_percent,0.0,1.0,1,1
23,2,Laurie Hernandez,0.091,1,0,S3-27_percent,0.0,0.994,1,1
23,2,Terra Jole,0.088,2,0,S3-27_percent,0.0,0.994,1,1
23,2,Babyface,0.085,3,0,S3-27_percent,0.0,0.994,1,1
23,2,James Hinchcliffe,0.082,4,0,S3-27_percent,0.0,0.994,1,1
23,2,Jana Kramer,0.082,4,0,S3-27_percent,0.0,0.994,1,1
23,2,Calvin Johnson Jr.,0.08,6,0,S3-27_percent,0.0,0.994,1,1
23,2,Marilu Henner,0.077,7,0,S3-27_percent,0.0,0.994,1,1
23,2,Maureen McCormick,0.074,8,0,S3-27_percent,0.0,0.994,1,1
23,2,Vanilla Ice,0.074,8,0,S3-27_percent,0.0,0.994,1,1
23,2,Amber Rose,0.068,10,0,S3-27_percent,-0.0,0.994,1,1
23,2,Jake T. Austin,0.068,10,1,S3-27_percent,0.0,0.08576923076923076,1,1
23,2,Ryan Lochte,0.068,10,0,S3-27_percent,0.0,0.994,1,1
23,2,Rick Perry,0.062,13,0,S3-27_percent,0.006000000000000005,1.0,1,1
23,3,Calvin Johnson Jr.,0.098,1,0,S3-27_percent,0.0,1.0,1,1
23,3,Laurie Hernandez,0.095,2,0,S3-27_percent,0.0,1.0,1,1
23,3,Terra Jole,0.092,3,0,S3-27_percent,0.0,1.0,1,1
23,3,James Hinchcliffe,0.089,4,0,S3-27_percent,0.0,1.0,1,1
23,3,Marilu Henner,0.086,5,0,S3-27_percent,0.0,1.0,1,1
23,3,Maureen McCormick,0.086,5,0,S3-27_percent,0.0,1.0,1,1
23,3,Jana Kramer,0.08,7,0,S3-27_percent,0.0,1.0,1,1
23,3,Amber Rose,0.077,8,0,S3-27_percent,0.0,1.0,1,1
23,3,Babyface,0.077,8,0,S3-27_percent,0.0,1.0,1,1
23,3,Ryan Lochte,0.077,8,0,S3-27_percent,0.0,1.0,1,1
23,3,Rick Perry,0.071,11,1,S3-27_percent,0.0,0.09558333333333334,1,1
23,3,Vanilla Ice,0.071,11,0,S3-27_percent,-0.0,1.0,1,1
23,4,Laurie Hernandez,0.115,1,0,S3-27_percent,0.0,0.988,1,1
23,4,James Hinchcliffe,0.107,2,0,S3-27_percent,0.0,0.988,1,1
23,4,Terra Jole,0.096,3,0,S3-27_percent,0.0,0.988,1,1
23,4,Amber Rose,0.092,4,0,S3-27_percent,0.0,0.988,1,1
23,4,Maureen McCormick,0.092,4,0,S3-27_percent,0.0,0.988,1,1
23,4,Calvin Johnson Jr.,0.088,6,0,S3-27_percent,-0.0,0.988,1,1
23,4,Jana Kramer,0.088,6,0,S3-27_percent,0.0,0.988,1,1
23,4,Vanilla Ice,0.088,6,1,S3-27_percent,0.0,0.105,1,1
23,4,Ryan Lochte,0.084,9,0,S3-27_percent,0.00399999999999999,0.992,1,1
23,4,Marilu Henner,0.08,10,0,S3-27_percent,0.007999999999999993,0.996,1,1
23,4,Babyface,0.069,11,1,S3-27_percent,0.0,0.12209999999999994,1,1
23,5,James Hinchcliffe,0.126,1,0,S3-27_percent,0.0,1.0,1,1
23,5,Marilu Henner,0.117,2,0,S3-27_percent,0.0,1.0,1,1
23,5,Terra Jole,0.117,2,0,S3-27_percent,0.0,1.0,1,1
23,5,Jana Kramer,0.113,4,0,S3-27_percent,0.0,1.0,1,1
23,5,Laurie Hernandez,0.109,5,0,S3-27_percent,0.0,1.0,1,1
23,5,Amber Rose,0.104,6,0,S3-27_percent,0.0,1.0,1,1
23,5,Calvin Johnson Jr.,0.104,6,0,S3-27_percent,0.0,1.0,1,1
23,5,Maureen McCormick,0.104,6,0,S3-27_percent,0.0,1.0,1,1
23,5,Ryan Lochte,0.104,6,0,S3-27_percent,0.0,1.0,1,1
23,6,Jana Kramer,0.131,1,0,S3-27_percent,0.0,1.0,1,1
23,6,James Hinchcliffe,0.125,2,0,S3-27_percent,0.0,1.0,1,1
23,6,Calvin Johnson Jr.,0.121,3,0,S3-27_percent,0.0,1.0,1,1
23,6,Laurie Hernandez,0.121,3,0,S3-27_percent,0.0,1.0,1,1
23,6,Marilu Henner,0.111,5,0,S3-27_percent,0.0,1.0,1,1
23,6,Maureen McCormick,0.102,6,0,S3-27_percent,0.0,1.0,1,1
23,6,Ryan Lochte,0.098,7,0,S3-27_percent,0.0,1.0,1,1
23,6,Terra Jole,0.098,7,0,S3-27_percent,0.0,1.0,1,1
23,6,Amber Rose,0.092,9,1,S3-27_percent,0.0,0.13011111111111107,1,1
23,7,Calvin Johnson Jr.,0.134,1,0,S3-27_percent,0.0,0.996,1,1
23,7,James Hinchcliffe,0.134,1,0,S3-27_percent,0.0,0.996,1,1
23,7,Jana Kramer,0.125,3,0,S3-27_percent,0.0,0.996,1,1
23,7,Laurie Hernandez,0.125,3,0,S3-27_percent,0.0,0.996,1,1
23,7,Terra Jole,0.125,3,0,S3-27_percent,0.0,0.996,1,1
23,7,Maureen McCormick,0.12,6,1,S3-27_percent,0.0,0.12987499999999996,1,1
23,7,Ryan Lochte,0.12,6,0,S3-27_percent,0.0,0.996,1,1
23,7,Marilu Henner,0.116,8,0,S3-27_percent,0.00399999999999999,1.0,1,1
23,8,James Hinchcliffe,0.174,1,0,S3-27_percent,0.0,0.975,1,1
23,8,Laurie Hernandez,0.164,2,0,S3-27_percent,0.0,0.975,1,1
23,8,Calvin Johnson Jr.,0.149,3,0,S3-27_percent,0.0,0.975,1,1
23,8,Jana Kramer,0.149,3,0,S3-27_percent,0.0,0.975,1,1
23,8,Ryan Lochte,0.129,5,1,S3-27_percent,0.0,0.15642857142857142,1,1
23,8,Terra Jole,0.119,6,0,S3-27_percent,0.010000000000000009,0.985,1,1
23,8,Marilu Henner,0.114,7,0,S3-27_percent,0.015,0.99,1,1
23,9,Jana Kramer,0.176,1,0,S3-27_percent,0.0,1.0,1,1
23,9,Laurie Hernandez,0.176,1,0,S3-27_percent,0.0,1.0,1,1
23,9,Terra Jole,0.167,3,0,S3-27_percent,0.0,1.0,1,1
23,9,Calvin Johnson Jr.,0.163,4,0,S3-27_percent,0.0,1.0,1,1
23,9,James Hinchcliffe,0.159,5,0,S3-27_percent,-0.0,1.0,1,1
23,9,Marilu Henner,0.159,5,1,S3-27_percent,0.0,0.1743333333333333,1,1
23,10,Laurie Hernandez,0.205,1,0,S3-27_percent,-0.0,0.975,1,1
23,10,Terra Jole,0.205,1,1,S3-27_percent,0.0,0.195,1,1
23,10,James Hinchcliffe,0.201,3,0,S3-27_percent,0.003999999999999976,0.979,1,1
23,10,Jana Kramer,0.198,4,0,S3-27_percent,0.0069999999999999785,0.982,1,1
23,10,Calvin Johnson Jr.,0.191,5,0,S3-27_percent,0.013999999999999985,0.989,1,1
23,11,Laurie Hernandez,0.258,1,0,S3-27_percent,0.0,1.0,1,1
23,11,James Hinchcliffe,0.256,2,0,S3-27_percent,0.0,1.0,1,1
23,11,Calvin Johnson Jr.,0.252,3,0,S3-27_percent,0.0,1.0,1,1
23,11,Jana Kramer,0.233,4,1,S3-27_percent,0.0,0.26674999999999993,1,1
24,1,Simone Biles,0.106,1,0,S3-27_percent,0.0,1.0,1,1
24,1,Rashad Jennings,0.103,2,0,S3-27_percent,0.0,1.0,1,1
24,1,David Ross,0.093,3,0,S3-27_percent,0.0,1.0,1,1
24,1,Heather Morris,0.093,3,0,S3-27_percent,0.0,1.0,1,1
24,1,Nancy Kerrigan,0.093,3,0,S3-27_percent,0.0,1.0,1,1
24,1,Normani,0.089,6,0,S3-27_percent,0.0,1.0,1,1
24,1,Erika Jayne,0.079,7,0,S3-27_percent,0.0,1.0,1,1
24,1,Nick Viall,0.079,7,0,S3-27_percent,0.0,1.0,1,1
24,1,Bonner Bolton,0.073,9,0,S3-27_percent,0.0,1.0,1,1
24,1,Charo,0.07,10,0,S3-27_percent,0.0,1.0,1,1
24,1,Mr. T,0.066,11,0,S3-27_percent,0.0,1.0,1,1
24,1,Chris Kattan,0.056,12,0,S3-27_percent,0.0,1.0,1,1
24,2,Normani,0.098,1,0,S3-27_percent,0.0,1.0,1,1
24,2,Rashad Jennings,0.098,1,0,S3-27_percent,0.0,1.0,1,1
24,2,Heather Morris,0.091,3,0,S3-27_percent,0.0,1.0,1,1
24,2,Simone Biles,0.088,4,0,S3-27_percent,0.0,1.0,1,1
24,2,Bonner Bolton,0.085,5,0,S3-27_percent,0.0,1.0,1,1
24,2,Erika Jayne,0.085,5,0,S3-27_percent,0.0,1.0,1,1
24,2,Nancy Kerrigan,0.085,5,0,S3-27_percent,0.0,1.0,1,1
24,2,David Ross,0.082,8,0,S3-27_percent,0.0,1.0,1,1
24,2,Charo,0.076,9,0,S3-27_percent,0.0,1.0,1,1
24,2,Nick Viall,0.076,9,0,S3-27_percent,0.0,1.0,1,1
24,2,Chris Kattan,0.067,11,1,S3-27_percent,0.0,0.09949999999999996,1,1
24,2,Mr. T,0.067,11,0,S3-27_percent,-0.0,1.0,1,1
24,3,Normani,0.108,1,0,S3-27_percent,0.0,1.0,1,1
24,3,Heather Morris,0.105,2,0,S3-27_percent,0.0,1.0,1,1
24,3,Nancy Kerrigan,0.105,2,0,S3-27_percent,0.0,1.0,1,1
24,3,Simone Biles,0.102,4,0,S3-27_percent,0.0,1.0,1,1
24,3,David Ross,0.098,5,0,S3-27_percent,0.0,1.0,1,1
24,3,Rashad Jennings,0.089,6,0,S3-27_percent,0.0,1.0,1,1
24,3,Erika Jayne,0.083,7,0,S3-27_percent,0.0,1.0,1,1
24,3,Nick Viall,0.083,7,0,S3-27_percent,0.0,1.0,1,1
24,3,Bonner Bolton,0.076,9,0,S3-27_percent,-0.0,1.0,1,1
24,3,Charo,0.076,9,1,S3-27_percent,0.0,0.10590909090909091,1,1
24,3,Mr. T,0.076,9,0,S3-27_percent,0.0,1.0,1,1
24,4,Rashad Jennings,0.12,1,0,S3-27_percent,0.0,1.0,1,1
24,4,Simone Biles,0.11,2,0,S3-27_percent,0.0,1.0,1,1
24,4,Heather Morris,0.107,3,0,S3-27_percent,0.0,1.0,1,1
24,4,Nancy Kerrigan,0.101,4,0,S3-27_percent,0.0,1.0,1,1
24,4,Bonner Bolton,0.098,5,0,S3-27_percent,0.0,1.0,1,1
24,4,Normani,0.098,5,0,S3-27_percent,0.0,1.0,1,1
24,4,David Ross,0.095,7,0,S3-27_percent,0.0,1.0,1,1
24,4,Erika Jayne,0.092,8,0,S3-27_percent,0.0,1.0,1,1
24,4,Nick Viall,0.092,8,0,S3-27_percent,0.0,1.0,1,1
24,4,Mr. T,0.086,10,1,S3-27_percent,0.0,0.1139,1,1
24,5,Normani,0.128,1,0,S3-27_percent,0.0,0.984,1,1
24,5,Simone Biles,0.125,2,0,S3-27_percent,0.0,0.984,1,1
24,5,Nancy Kerrigan,0.118,3,0,S3-27_percent,0.0,0.984,1,1
24,5,Heather Morris,0.112,4,0,S3-27_percent,0.0,0.984,1,1
24,5,Nick Viall,0.112,4,0,S3-27_percent,0.0,0.984,1,1
24,5,Erika Jayne,0.105,6,1,S3-27_percent,0.0,0.1171111111111111,1,1
24,5,Rashad Jennings,0.105,6,0,S3-27_percent,-0.0,0.984,1,1
24,5,Bonner Bolton,0.099,8,0,S3-27_percent,0.0059999999999999915,0.99,1,1
24,5,David Ross,0.095,9,0,S3-27_percent,0.009999999999999995,0.994,1,1
24,6,Heather Morris,0.138,1,1,S3-27_percent,0.0,0.11199999999999999,1,1
24,6,Normani,0.134,2,0,S3-27_percent,0.0040000000000000036,0.8999999999999999,1,1
24,6,Rashad Jennings,0.13,3,0,S3-27_percent,0.008000000000000007,0.9039999999999999,1,1
24,6,Simone Biles,0.128,4,0,S3-27_percent,0.010000000000000009,0.9059999999999999,1,1
24,6,Nancy Kerrigan,0.125,5,0,S3-27_percent,0.013000000000000012,0.9089999999999999,1,1
24,6,Bonner Bolton,0.117,6,0,S3-27_percent,0.021000000000000005,0.9169999999999999,1,1
24,6,David Ross,0.115,7,0,S3-27_percent,0.023000000000000007,0.9189999999999999,1,1
24,6,Nick Viall,0.113,8,0,S3-27_percent,0.02500000000000001,0.9209999999999999,1,1
24,7,Normani,0.166,1,0,S3-27_percent,0.0,0.965,1,1
24,7,Rashad Jennings,0.154,2,0,S3-27_percent,0.0,0.965,1,1
24,7,Simone Biles,0.154,2,0,S3-27_percent,0.0,0.965,1,1
24,7,Nancy Kerrigan,0.142,4,1,S3-27_percent,0.0,0.16883333333333334,1,1
24,7,Nick Viall,0.134,5,1,S3-27_percent,0.0,0.1755,1,1
24,7,David Ross,0.126,6,0,S3-27_percent,0.015999999999999986,0.981,1,1
24,7,Bonner Bolton,0.123,7,0,S3-27_percent,0.01899999999999999,0.984,1,1
24,8,Normani,0.226,1,0,S3-27_percent,0.0,1.0,1,1
24,8,Rashad Jennings,0.215,2,0,S3-27_percent,0.0,1.0,1,1
24,8,Simone Biles,0.206,3,0,S3-27_percent,0.0,1.0,1,1
24,8,David Ross,0.186,4,0,S3-27_percent,0.0,1.0,1,1
24,8,Bonner Bolton,0.166,5,1,S3-27_percent,0.0,0.2338,1,1
24,9,Simone Biles,0.264,1,1,S3-27_percent,0.0,0.236,1,1
24,9,Rashad Jennings,0.254,2,0,S3-27_percent,0.010000000000000009,0.954,1,1
24,9,Normani,0.251,3,0,S3-27_percent,0.013000000000000012,0.957,1,1
24,9,David Ross,0.231,4,0,S3-27_percent,0.033,0.977,1,1
24,10,Rashad Jennings,0.344,1,0,S3-27_percent,0.0,1.0,1,1
24,10,Normani,0.341,2,0,S3-27_percent,0.0,1.0,1,1
24,10,David Ross,0.315,3,0,S3-27_percent,0.0,1.0,1,1
25,1,Jordan Fisher,0.092,1,0,S3-27_percent,0.0,1.0,1,1
25,1,Lindsey Stirling,0.092,1,0,S3-27_percent,0.0,1.0,1,1
25,1,Vanessa Lachey,0.088,3,0,S3-27_percent,0.0,1.0,1,1
25,1,Nikki Bella,0.084,4,0,S3-27_percent,0.0,1.0,1,1
25,1,Frankie Muniz,0.079,5,0,S3-27_percent,0.0,1.0,1,1
25,1,Victoria Arlen,0.079,5,0,S3-27_percent,0.0,1.0,1,1
25,1,Derek Fisher,0.075,7,0,S3-27_percent,0.0,1.0,1,1
25,1,Nick Lachey,0.075,7,0,S3-27_percent,0.0,1.0,1,1
25,1,Sasha Pieterse,0.075,7,0,S3-27_percent,0.0,1.0,1,1
25,1,Debbie Gibson,0.071,10,0,S3-27_percent,0.0,1.0,1,1
25,1,Drew Scott,0.067,11,0,S3-27_percent,0.0,1.0,1,1
25,1,Terrell Owens,0.063,12,0,S3-27_percent,0.0,1.0,1,1
25,1,Barbara Corcoran,0.059,13,0,S3-27_percent,0.0,1.0,1,1
25,2,Frankie Muniz,0.088,1,0,S3-27_percent,0.0,0.98,1,1
25,2,Jordan Fisher,0.088,1,0,S3-27_percent,0.0,0.98,1,1
25,2,Vanessa Lachey,0.086,3,0,S3-27_percent,0.0,0.98,1,1
25,2,Lindsey Stirling,0.082,4,0,S3-27_percent,0.0,0.98,1,1
25,2,Sasha Pieterse,0.082,4,0,S3-27_percent,0.0,0.98,1,1
25,2,Victoria Arlen,0.08,6,0,S3-27_percent,0.0,0.98,1,1
25,2,Debbie Gibson,0.075,7,1,S3-27_percent,0.0,0.08633333333333332,1,1
25,2,Drew Scott,0.075,7,0,S3-27_percent,-0.0,0.98,1,1
25,2,Nikki Bella,0.071,9,0,S3-27_percent,0.0040000000000000036,0.984,1,1
25,2,Terrell Owens,0.071,9,0,S3-27_percent,0.0040000000000000036,0.984,1,1
25,2,Derek Fisher,0.069,11,0,S3-27_percent,0.0059999999999999915,0.986,1,1
25,2,Nick Lachey,0.069,11,0,S3-27_percent,0.0059999999999999915,0.986,1,1
25,2,Barbara Corcoran,0.062,13,1,S3-27_percent,0.0,0.09825,1,1
25,3,Lindsey Stirling,0.111,1,0,S3-27_percent,0.0,1.0,1,1
25,3,Jordan Fisher,0.102,2,0,S3-27_percent,0.0,1.0,1,1
25,3,Drew Scott,0.094,3,0,S3-27_percent,0.0,1.0,1,1
25,3,Vanessa Lachey,0.094,3,0,S3-27_percent,0.0,1.0,1,1
25,3,Victoria Arlen,0.09,5,0,S3-27_percent,0.0,1.0,1,1
25,3,Derek Fisher,0.086,6,0,S3-27_percent,0.0,1.0,1,1
25,3,Frankie Muniz,0.086,6,0,S3-27_percent,0.0,1.0,1,1
25,3,Nick Lachey,0.086,6,0,S3-27_percent,0.0,1.0,1,1
25,3,Nikki Bella,0.086,6,0,S3-27_percent,0.0,1.0,1,1
25,3,Terrell Owens,0.086,6,0,S3-27_percent,0.0,1.0,1,1
25,3,Sasha Pieterse,0.078,11,0,S3-27_percent,0.0,1.0,1,1
25,4,Jordan Fisher,0.107,1,0,S3-27_percent,0.0,0.996,1,1
25,4,Victoria Arlen,0.1,2,0,S3-27_percent,0.0,0.996,1,1
25,4,Lindsey Stirling,0.096,3,0,S3-27_percent,0.0,0.996,1,1
25,4,Drew Scott,0.089,4,0,S3-27_percent,0.0,0.996,1,1
25,4,Frankie Muniz,0.089,4,0,S3-27_percent,0.0,0.996,1,1
25,4,Nikki Bella,0.089,4,0,S3-27_percent,0.0,0.996,1,1
25,4,Sasha Pieterse,0.089,4,0,S3-27_percent,0.0,0.996,1,1
25,4,Terrell Owens,0.089,4,0,S3-27_percent,0.0,0.996,1,1
25,4,Vanessa Lachey,0.089,4,0,S3-27_percent,0.0,0.996,1,1
25,4,Derek Fisher,0.085,10,1,S3-27_percent,0.0,0.09709090909090907,1,1
25,4,Nick Lachey,0.081,11,0,S3-27_percent,0.0040000000000000036,1.0,1,1
25,5,Jordan Fisher,0.115,1,0,S3-27_percent,0.0,0.992,1,1
25,5,Frankie Muniz,0.111,2,0,S3-27_percent,0.0,0.992,1,1
25,5,Lindsey Stirling,0.107,3,0,S3-27_percent,0.0,0.992,1,1
25,5,Nikki Bella,0.103,4,0,S3-27_percent,0.0,0.992,1,1
25,5,Victoria Arlen,0.103,4,0,S3-27_percent,0.0,0.992,1,1
25,5,Drew Scott,0.096,6,0,S3-27_percent,0.0,0.992,1,1
25,5,Terrell Owens,0.096,6,0,S3-27_percent,0.0,0.992,1,1
25,5,Sasha Pieterse,0.092,8,1,S3-27_percent,0.0,0.10789999999999995,1,1
25,5,Vanessa Lachey,0.092,8,0,S3-27_percent,-0.0,0.992,1,1
25,5,Nick Lachey,0.084,10,0,S3-27_percent,0.007999999999999993,1.0,1,1
25,6,Lindsey Stirling,0.131,1,0,S3-27_percent,0.0,1.0,1,1
25,6,Jordan Fisher,0.127,2,0,S3-27_percent,0.0,1.0,1,1
25,6,Terrell Owens,0.121,3,0,S3-27_percent,0.0,1.0,1,1
25,6,Nikki Bella,0.118,4,0,S3-27_percent,0.0,1.0,1,1
25,6,Vanessa Lachey,0.118,4,0,S3-27_percent,0.0,1.0,1,1
25,6,Frankie Muniz,0.101,6,0,S3-27_percent,0.0,1.0,1,1
25,6,Victoria Arlen,0.101,6,0,S3-27_percent,0.0,1.0,1,1
25,6,Drew Scott,0.098,8,0,S3-27_percent,0.0,1.0,1,1
25,6,Nick Lachey,0.085,9,1,S3-27_percent,0.0,0.13722222222222222,1,1
25,7,Frankie Muniz,0.14,1,0,S3-27_percent,0.0,0.981,1,1
25,7,Drew Scott,0.133,2,0,S3-27_percent,0.0,0.981,1,1
25,7,Victoria Arlen,0.133,2,0,S3-27_percent,0.0,0.981,1,1
25,7,Jordan Fisher,0.126,4,0,S3-27_percent,-0.0,0.981,1,1
25,7,Vanessa Lachey,0.126,4,1,S3-27_percent,0.0,0.14414285714285716,1,1
25,7,Lindsey Stirling,0.119,6,0,S3-27_percent,0.007000000000000006,0.988,1,1
25,7,Terrell Owens,0.114,7,0,S3-27_percent,0.011999999999999997,0.993,1,1
25,7,Nikki Bella,0.112,8,1,S3-27_percent,0.0,0.15614285714285708,1,1
25,8,Jordan Fisher,0.192,1,0,S3-27_percent,0.0,0.977,1,1
25,8,Lindsey Stirling,0.173,2,0,S3-27_percent,0.0,0.977,1,1
25,8,Frankie Muniz,0.169,3,0,S3-27_percent,0.0,0.977,1,1
25,8,Terrell Owens,0.163,4,1,S3-27_percent,0.0,0.17033333333333334,1,1
25,8,Victoria Arlen,0.153,5,0,S3-27_percent,0.010000000000000009,0.987,1,1
25,8,Drew Scott,0.15,6,0,S3-27_percent,0.013000000000000012,0.99,1,1
25,9,Jordan Fisher,0.215,1,0,S3-27_percent,0.0,0.953,1,1
25,9,Lindsey Stirling,0.211,2,0,S3-27_percent,0.0,0.953,1,1
25,9,Victoria Arlen,0.207,3,1,S3-27_percent,0.0,0.193,1,1
25,9,Frankie Muniz,0.189,4,0,S3-27_percent,0.017999999999999988,0.971,1,1
25,9,Drew Scott,0.178,5,0,S3-27_percent,0.028999999999999998,0.982,1,1
25,10,Jordan Fisher,0.256,1,0,S3-27_percent,0.0,1.0,1,1
25,10,Lindsey Stirling,0.256,1,0,S3-27_percent,0.0,1.0,1,1
25,10,Frankie Muniz,0.249,3,0,S3-27_percent,0.0,1.0,1,1
25,10,Drew Scott,0.24,4,1,S3-27_percent,0.0,0.26025,1,1
26,1,Adam Rippon,0.114,1,0,S3-27_percent,0.0,0.991,1,1
26,1,Josh Norman,0.114,1,0,S3-27_percent,0.0,0.991,1,1
26,1,Mirai Nagasu,0.11,3,0,S3-27_percent,0.0,0.991,1,1
26,1,Tonya Harding,0.11,3,0,S3-27_percent,0.0,0.991,1,1
26,1,Chris Mazdzer,0.1,5,0,S3-27_percent,0.0,0.991,1,1
26,1,Jennie Finch Daigle,0.1,5,0,S3-27_percent,0.0,0.991,1,1
26,1,Arike Ogunbowale,0.095,7,0,S3-27_percent,0.0,0.991,1,1
26,1,Jamie Anderson,0.09,8,1,S3-27_percent,0.0,0.12266666666666667,1,1
26,1,Johnny Damon,0.086,9,1,S3-27_percent,0.0,0.12622222222222224,1,1
26,1,Kareem Abdul-Jabbar,0.081,10,0,S3-27_percent,0.008999999999999994,1.0,1,1
26,2,Adam Rippon,0.138,1,0,S3-27_percent,0.0,0.958,1,1
26,2,Mirai Nagasu,0.138,1,0,S3-27_percent,0.0,0.958,1,1
26,2,Arike Ogunbowale,0.131,3,1,S3-27_percent,0.0,0.13885714285714285,1,1
26,2,Chris Mazdzer,0.123,4,0,S3-27_percent,0.008000000000000007,0.966,1,1
26,2,Tonya Harding,0.123,4,0,S3-27_percent,0.008000000000000007,0.966,1,1
26,2,Jennie Finch Daigle,0.118,6,0,S3-27_percent,0.013000000000000012,0.971,1,1
26,2,Josh Norman,0.118,6,0,S3-27_percent,0.013000000000000012,0.971,1,1
26,2,Kareem Abdul-Jabbar,0.11,8,1,S3-27_percent,0.0,0.15685714285714286,1,1
26,3,Adam Rippon,0.194,1,0,S3-27_percent,0.0,1.0,1,1
26,3,Josh Norman,0.18,2,0,S3-27_percent,0.0,1.0,1,1
26,3,Mirai Nagasu,0.166,3,1,S3-27_percent,0.0,0.2605,1,1
26,3,Tonya Harding,0.166,3,0,S3-27_percent,-0.0,1.0,1,1
26,3,Chris Mazdzer,0.156,5,1,S3-27_percent,0.0,0.268,1,1
26,3,Jennie Finch Daigle,0.137,6,1,S3-27_percent,0.0,0.28224999999999995,1,1
26,4,Adam Rippon,0.339,1,0,S3-27_percent,0.0,1.0,1,1
26,4,Josh Norman,0.333,2,0,S3-27_percent,0.0,1.0,1,1
26,4,Tonya Harding,0.327,3,0,S3-27_percent,0.0,1.0,1,1
27,1,DeMarcus Ware,0.09,1,0,S3-27_percent,0.0,0.986,1,1
27,1,Tinashe,0.09,1,0,S3-27_percent,0.0,0.986,1,1
27,1,Alexis Ren,0.086,3,0,S3-27_percent,0.0,0.986,1,1
27,1,Juan Pablo Di Pace,0.086,3,0,S3-27_percent,0.0,0.986,1,1
27,1,Bobby Bones,0.078,5,0,S3-27_percent,0.0,0.986,1,1
27,1,Mary Lou Retton,0.078,5,0,S3-27_percent,0.0,0.986,1,1
27,1,Milo Manheim,0.078,5,0,S3-27_percent,0.0,0.986,1,1
27,1,Nancy McKeon,0.076,8,0,S3-27_percent,0.0,0.986,1,1
27,1,Danelle Umstead,0.071,9,0,S3-27_percent,0.0,0.986,1,1
27,1,Evanna Lynch,0.071,9,0,S3-27_percent,0.0,0.986,1,1
27,1,John Schneider,0.071,9,0,S3-27_percent,0.0,0.986,1,1
27,1,Nikki Glaser,0.069,12,1,S3-27_percent,0.0,0.08476923076923072,1,1
27,1,Joe Amabile,0.055,13,0,S3-27_percent,0.014000000000000005,1.0,1,1
27,2,Juan Pablo Di Pace,0.096,1,0,S3-27_percent,0.0,0.997,1,1
27,2,Milo Manheim,0.096,1,0,S3-27_percent,0.0,0.997,1,1
27,2,Tinashe,0.096,1,0,S3-27_percent,0.0,0.997,1,1
27,2,Alexis Ren,0.091,4,0,S3-27_percent,0.0,0.997,1,1
27,2,Evanna Lynch,0.089,5,0,S3-27_percent,0.0,0.997,1,1
27,2,DeMarcus Ware,0.087,6,0,S3-27_percent,0.0,0.997,1,1
27,2,Mary Lou Retton,0.085,7,0,S3-27_percent,0.0,0.997,1,1
27,2,John Schneider,0.079,8,0,S3-27_percent,0.0,0.997,1,1
27,2,Nancy McKeon,0.076,9,0,S3-27_percent,0.0,0.997,1,1
27,2,Bobby Bones,0.072,10,0,S3-27_percent,0.0,0.997,1,1
27,2,Danelle Umstead,0.068,11,1,S3-27_percent,0.0,0.09866666666666662,1,1
27,2,Joe Amabile,0.065,12,0,S3-27_percent,0.0030000000000000027,1.0,1,1
27,3,Juan Pablo Di Pace,0.111,1,0,S3-27_percent,0.0,0.981,1,1
27,3,Evanna Lynch,0.1,2,0,S3-27_percent,0.0,0.981,1,1
27,3,Milo Manheim,0.1,2,0,S3-27_percent,0.0,0.981,1,1
27,3,Tinashe,0.1,2,0,S3-27_percent,0.0,0.981,1,1
27,3,Alexis Ren,0.096,5,0,S3-27_percent,0.0,0.981,1,1
27,3,DeMarcus Ware,0.096,5,0,S3-27_percent,0.0,0.981,1,1
27,3,Mary Lou Retton,0.089,7,0,S3-27_percent,0.0,0.981,1,1
27,3,Bobby Bones,0.085,8,0,S3-27_percent,0.0,0.981,1,1
27,3,Nancy McKeon,0.081,9,1,S3-27_percent,0.0,0.10090909090909086,1,1
27,3,John Schneider,0.077,10,0,S3-27_percent,0.0040000000000000036,0.985,1,1
27,3,Joe Amabile,0.066,11,0,S3-27_percent,0.015,0.996,1,1
27,4,Milo Manheim,0.125,1,0,S3-27_percent,0.0,0.8669999999999999,1,1
27,4,Mary Lou Retton,0.112,2,0,S3-27_percent,0.0,0.8669999999999999,1,1
27,4,Tinashe,0.112,2,1,S3-27_percent,0.0,0.08799999999999998,1,1
27,4,Alexis Ren,0.108,4,0,S3-27_percent,0.0040000000000000036,0.8709999999999999,1,1
27,4,Evanna Lynch,0.103,5,0,S3-27_percent,0.009000000000000008,0.8759999999999999,1,1
27,4,Juan Pablo Di Pace,0.103,5,0,S3-27_percent,0.009000000000000008,0.8759999999999999,1,1
27,4,DeMarcus Ware,0.095,7,0,S3-27_percent,0.017,0.8839999999999999,1,1
27,4,John Schneider,0.091,8,0,S3-27_percent,0.021000000000000005,0.8879999999999999,1,1
27,4,Bobby Bones,0.086,9,0,S3-27_percent,0.02600000000000001,0.8929999999999999,1,1
27,4,Joe Amabile,0.065,10,0,S3-27_percent,0.047,0.9139999999999999,1,1
27,5,Alexis Ren,0.131,1,0,S3-27_percent,0.0,1.0,1,1
27,5,Juan Pablo Di Pace,0.131,1,0,S3-27_percent,0.0,1.0,1,1
27,5,Milo Manheim,0.122,3,0,S3-27_percent,0.0,1.0,1,1
27,5,DeMarcus Ware,0.117,4,0,S3-27_percent,0.0,1.0,1,1
27,5,Mary Lou Retton,0.113,5,0,S3-27_percent,0.0,1.0,1,1
27,5,Evanna Lynch,0.108,6,0,S3-27_percent,0.0,1.0,1,1
27,5,John Schneider,0.108,6,0,S3-27_percent,0.0,1.0,1,1
27,5,Bobby Bones,0.095,8,0,S3-27_percent,0.0,1.0,1,1
27,5,Joe Amabile,0.077,9,0,S3-27_percent,0.0,1.0,1,1
27,6,Juan Pablo Di Pace,0.131,1,0,S3-27_percent,0.0,0.96,1,1
27,6,Milo Manheim,0.131,1,0,S3-27_percent,0.0,0.96,1,1
27,6,Evanna Lynch,0.127,3,0,S3-27_percent,0.0,0.96,1,1
27,6,Alexis Ren,0.118,4,0,S3-27_percent,0.0,0.96,1,1
27,6,DeMarcus Ware,0.114,5,0,S3-27_percent,0.0,0.96,1,1
27,6,Mary Lou Retton,0.105,6,1,S3-27_percent,0.0,0.11733333333333333,1,1
27,6,Bobby Bones,0.096,7,0,S3-27_percent,0.008999999999999994,0.969,1,1
27,6,Joe Amabile,0.096,7,0,S3-27_percent,0.008999999999999994,0.969,1,1
27,6,John Schneider,0.083,9,0,S3-27_percent,0.021999999999999992,0.982,1,1
27,7,Evanna Lynch,0.136,1,0,S3-27_percent,0.0,0.982,1,1
27,7,Milo Manheim,0.133,2,0,S3-27_percent,0.0,0.982,1,1
27,7,Juan Pablo Di Pace,0.129,3,0,S3-27_percent,0.0,0.982,1,1
27,7,Alexis Ren,0.126,4,0,S3-27_percent,0.0,0.982,1,1
27,7,John Schneider,0.124,5,1,S3-27_percent,0.0,0.1442857142857143,1,1
27,7,Bobby Bones,0.122,6,0,S3-27_percent,0.0020000000000000018,0.984,1,1
27,7,DeMarcus Ware,0.122,6,1,S3-27_percent,0.0,0.146,1,1
27,7,Joe Amabile,0.108,8,0,S3-27_percent,0.016,0.998,1,1
27,8,Juan Pablo Di Pace,0.186,1,1,S3-27_percent,0.0,0.18539999999999998,1,1
27,8,Alexis Ren,0.18,2,0,S3-27_percent,0.006000000000000005,0.9329999999999999,1,1
27,8,Evanna Lynch,0.18,2,0,S3-27_percent,0.006000000000000005,0.9329999999999999,1,1
27,8,Milo Manheim,0.171,4,0,S3-27_percent,0.014999999999999986,0.942,1,1
27,8,Joe Amabile,0.143,5,1,S3-27_percent,0.0,0.21979999999999997,1,1
27,8,Bobby Bones,0.14,6,0,S3-27_percent,0.045999999999999985,0.973,1,1
27,9,Evanna Lynch,0.26,1,0,S3-27_percent,0.0,1.0,1,1
27,9,Milo Manheim,0.26,1,0,S3-27_percent,0.0,1.0,1,1
27,9,Alexis Ren,0.247,3,0,S3-27_percent,0.0,1.0,1,1
27,9,Bobby Bones,0.234,4,0,S3-27_percent,0.0,1.0,1,1
28,1,James Van Der Beek,0.107,1,0,S28+_bottom2,0.0,1.0,1,1
28,1,Hannah Brown,0.102,2,0,S28+_bottom2,0.0,1.0,1,1
28,1,Lauren Alaina,0.096,3,0,S28+_bottom2,0.0,1.0,1,1
28,1,Sailor Brinkley-Cook,0.091,4,0,S28+_bottom2,0.0,1.0,1,1
28,1,Karamo Brown,0.086,5,0,S28+_bottom2,0.0,1.0,1,1
28,1,Mary Wilson,0.086,5,0,S28+_bottom2,0.0,1.0,1,1
28,1,Ally Brooke,0.081,7,0,S28+_bottom2,0.0,1.0,1,1
28,1,Kel Mitchell,0.081,7,0,S28+_bottom2,0.0,1.0,1,1
28,1,Kate Flannery,0.076,9,0,S28+_bottom2,0.0,1.0,1,1
28,1,Ray Lewis,0.076,9,0,S28+_bottom2,0.0,1.0,1,1
28,1,Sean Spicer,0.061,11,0,S28+_bottom2,0.0,1.0,1,1
28,1,Lamar Odom,0.056,12,0,S28+_bottom2,0.0,1.0,1,1
28,2,Hannah Brown,0.11,1,0,S28+_bottom2,1.7412680617430748e-14,0.9618929975037863,1,1
28,2,Kate Flannery,0.096,2,0,S28+_bottom2,0.0,0.9618929975034272,1,1
28,2,Ally Brooke,0.091,3,0,S28+_bottom2,3.603432154063846e-15,0.9618929975034337,1,1
28,2,James Van Der Beek,0.091,3,0,S28+_bottom2,0.0,0.9618929975034235,1,1
28,2,Kel Mitchell,0.091,3,0,S28+_bottom2,0.0,0.9618929975034219,1,1
28,2,Karamo Brown,0.087,6,0,S28+_bottom2,8.016731094909826e-15,0.9618929975034167,1,1
28,2,Lauren Alaina,0.087,6,0,S28+_bottom2,0.0,0.9618929975034035,1,1
28,2,Sailor Brinkley-Cook,0.082,8,0,S28+_bottom2,6.106226635438361e-16,0.9618929975034223,1,1
28,2,Sean Spicer,0.073,9,0,S28+_bottom2,0.0,0.9618929975034147,1,1
28,2,Mary Wilson,0.068,10,1,S28+_bottom2,6.506505792478994e-15,0.19146531462543956,1,1
28,2,Ray Lewis,0.068,10,1,S28+_bottom2,1.771814836978836e-15,0.1914653146295037,1,1
28,2,Lamar Odom,0.055,12,0,S28+_bottom2,0.03710949106359021,1.0,1,1
28,3,Ally Brooke,0.121,1,0,S28+_bottom2,0.0,1.0,1,1
28,3,Kate Flannery,0.121,1,0,S28+_bottom2,0.0,1.0,1,1
28,3,James Van Der Beek,0.116,3,0,S28+_bottom2,0.0,1.0,1,1
28,3,Sailor Brinkley-Cook,0.116,3,0,S28+_bottom2,0.0,1.0,1,1
28,3,Hannah Brown,0.106,5,0,S28+_bottom2,0.0,1.0,1,1
28,3,Kel Mitchell,0.101,6,0,S28+_bottom2,0.0,1.0,1,1
28,3,Lauren Alaina,0.101,6,0,S28+_bottom2,0.0,1.0,1,1
28,3,Karamo Brown,0.081,8,0,S28+_bottom2,0.0,1.0,1,1
28,3,Sean Spicer,0.076,9,0,S28+_bottom2,0.0,1.0,1,1
28,3,Lamar Odom,0.061,10,0,S28+_bottom2,0.0,1.0,1,1
28,4,Ally Brooke,0.113,1,0,S28+_bottom2,0.0,1.0,1,1
28,4,Hannah Brown,0.113,1,0,S28+_bottom2,0.0,1.0,1,1
28,4,Kel Mitchell,0.113,1,0,S28+_bottom2,0.0,1.0,1,1
28,4,Lauren Alaina,0.113,1,0,S28+_bottom2,0.0,1.0,1,1
28,4,Sailor Brinkley-Cook,0.11,5,0,S28+_bottom2,0.0,1.0,1,1
28,4,James Van Der Beek,0.099,6,0,S28+_bottom2,3.0531133177191805e-16,1.0,1,1
28,4,Karamo Brown,0.099,6,0,S28+_bottom2,0.0,0.9999999999999951,1,1
28,4,Kate Flannery,0.092,8,0,S28+_bottom2,0.0,1.0,1,1
28,4,Sean Spicer,0.074,9,0,S28+_bottom2,2.220446049250313e-16,1.0,1,1
28,4,Lamar Odom,0.071,10,1,S28+_bottom2,0.0,0.33610779929158324,1,1
28,5,Ally Brooke,0.126,1,0,S28+_bottom2,0.0,1.0,1,1
28,5,James Van Der Beek,0.121,2,0,S28+_bottom2,0.0,1.0,1,1
28,5,Kel Mitchell,0.121,2,0,S28+_bottom2,0.0,1.0,1,1
28,5,Hannah Brown,0.116,4,0,S28+_bottom2,0.0,1.0,1,1
28,5,Kate Flannery,0.112,5,0,S28+_bottom2,0.0,1.0,1,1
28,5,Sailor Brinkley-Cook,0.112,5,0,S28+_bottom2,0.0,1.0,1,1
28,5,Lauren Alaina,0.107,7,0,S28+_bottom2,0.0,1.0,1,1
28,5,Karamo Brown,0.098,8,0,S28+_bottom2,0.0,1.0,1,1
28,5,Sean Spicer,0.088,9,0,S28+_bottom2,0.0,1.0,1,1
28,6,James Van Der Beek,0.118,1,0,S28+_bottom2,,,0,0
28,6,Kate Flannery,0.118,1,0,S28+_bottom2,,,0,0
28,6,Sailor Brinkley-Cook,0.118,1,1,S28+_bottom2,,,0,0
28,6,Kel Mitchell,0.114,4,0,S28+_bottom2,,,0,0
28,6,Lauren Alaina,0.114,4,0,S28+_bottom2,,,0,0
28,6,Ally Brooke,0.11,6,0,S28+_bottom2,,,0,0
28,6,Karamo Brown,0.11,6,0,S28+_bottom2,,,0,0
28,6,Hannah Brown,0.105,8,0,S28+_bottom2,,,0,0
28,6,Sean Spicer,0.092,9,0,S28+_bottom2,,,0,0
28,7,Ally Brooke,0.134,1,0,S28+_bottom2,0.0,0.9059403351370418,1,1
28,7,James Van Der Beek,0.134,1,0,S28+_bottom2,2.8088970794605636e-15,0.9059403351370457,1,1
28,7,Lauren Alaina,0.134,1,0,S28+_bottom2,0.0,0.9059403351370823,1,1
28,7,Hannah Brown,0.129,4,0,S28+_bottom2,2.7755575615628914e-17,0.9059403351370515,1,1
28,7,Kel Mitchell,0.126,5,0,S28+_bottom2,0.0,0.9059403351370803,1,1
28,7,Karamo Brown,0.121,6,1,S28+_bottom2,0.0,0.18654283693061363,1,1
28,7,Kate Flannery,0.119,7,0,S28+_bottom2,0.028937778094742843,0.9350358516485194,1,1
28,7,Sean Spicer,0.104,8,0,S28+_bottom2,0.0602130509817959,0.9706106668472323,1,1
28,8,James Van Der Beek,0.166,1,0,S28+_bottom2,0.0,0.885817797585231,1,1
28,8,Hannah Brown,0.161,2,0,S28+_bottom2,0.0,0.8858177975851824,1,1
28,8,Ally Brooke,0.155,3,0,S28+_bottom2,8.326672684688674e-17,0.8858177975876956,1,1
28,8,Kel Mitchell,0.155,4,0,S28+_bottom2,0.0,0.8858177975851592,1,1
28,8,Kate Flannery,0.135,5,1,S28+_bottom2,1.6653345369377348e-16,0.18733869165544242,1,1
28,8,Lauren Alaina,0.124,6,0,S28+_bottom2,0.041204374054707824,0.9195281068516772,1,1
28,8,Sean Spicer,0.104,7,0,S28+_bottom2,0.0720938508642679,0.9653426411265839,1,1
28,9,Ally Brooke,0.192,1,0,S28+_bottom2,0.0,0.9999999999999992,1,1
28,9,Kel Mitchell,0.177,2,0,S28+_bottom2,8.326672684688674e-17,1.0,1,1
28,9,James Van Der Beek,0.173,3,0,S28+_bottom2,0.0,1.0,1,1
28,9,Hannah Brown,0.17,4,0,S28+_bottom2,5.551115123125783e-17,1.0,1,1
28,9,Lauren Alaina,0.168,5,0,S28+_bottom2,0.0,1.0,1,1
28,9,Sean Spicer,0.12,6,1,S28+_bottom2,0.0,0.40041280007563657,1,1
28,10,Ally Brooke,0.215,1,0,S28+_bottom2,3.0531133177191805e-16,1.0,1,1
28,10,Kel Mitchell,0.207,2,0,S28+_bottom2,8.326672684688674e-17,0.9999999999999966,1,1
28,10,Hannah Brown,0.196,3,0,S28+_bottom2,1.3877787807814457e-16,1.0,1,1
28,10,Lauren Alaina,0.196,3,0,S28+_bottom2,0.0,1.0,1,1
28,10,James Van Der Beek,0.185,5,1,S28+_bottom2,0.0,0.8901388253498107,1,1
28,11,Ally Brooke,0.256,1,0,S28+_bottom2,0.0,1.0,1,1
28,11,Kel Mitchell,0.252,2,0,S28+_bottom2,0.0,1.0,1,1
28,11,Hannah Brown,0.248,3,0,S28+_bottom2,0.0,1.0,1,1
28,11,Lauren Alaina,0.244,4,0,S28+_bottom2,0.0,1.0,1,1
29,1,Justina Machado,0.081,1,0,S28+_bottom2,0.0,1.0,1,1
29,1,Skai Jackson,0.081,1,0,S28+_bottom2,0.0,1.0,1,1
29,1,Kaitlyn Bristowe,0.077,3,0,S28+_bottom2,0.0,1.0,1,1
29,1,Nev Schulman,0.077,3,0,S28+_bottom2,0.0,1.0,1,1
29,1,Monica Aldama,0.073,5,0,S28+_bottom2,0.0,1.0,1,1
29,1,AJ McLean,0.069,6,0,S28+_bottom2,0.0,1.0,1,1
29,1,Anne Heche,0.069,6,0,S28+_bottom2,0.0,1.0,1,1
29,1,Jeannie Mai,0.069,6,0,S28+_bottom2,0.0,1.0,1,1
29,1,Jesse Metcalfe,0.069,6,0,S28+_bottom2,0.0,1.0,1,1
29,1,Johnny Weir,0.069,6,0,S28+_bottom2,0.0,1.0,1,1
29,1,Veron Davis,0.065,11,0,S28+_bottom2,0.0,1.0,1,1
29,1,Nelly,0.062,12,0,S28+_bottom2,0.0,1.0,1,1
29,1,Chrishell Stause,0.05,13,0,S28+_bottom2,0.0,1.0,1,1
29,1,Charles Oakley,0.046,14,0,S28+_bottom2,0.0,1.0,1,1
29,1,Carole Baskin,0.042,15,0,S28+_bottom2,0.0,1.0,1,1
29,2,Kaitlyn Bristowe,0.081,1,0,S28+_bottom2,2.3592239273284576e-16,0.9999999999999974,1,1
29,2,Justina Machado,0.077,2,0,S28+_bottom2,0.0,0.9999999999999987,1,1
29,2,Nev Schulman,0.077,2,0,S28+_bottom2,0.0,0.9999999999999961,1,1
29,2,Jesse Metcalfe,0.073,4,0,S28+_bottom2,5.273559366969494e-16,0.9999999999999943,1,1
29,2,AJ McLean,0.07,5,0,S28+_bottom2,8.326672684688674e-17,0.9999999999999977,1,1
29,2,Anne Heche,0.066,6,0,S28+_bottom2,0.0,0.9999999999999988,1,1
29,2,Chrishell Stause,0.066,6,0,S28+_bottom2,6.661338147750939e-16,1.0,1,1
29,2,Jeannie Mai,0.066,6,0,S28+_bottom2,0.0,1.0,1,1
29,2,Johnny Weir,0.066,6,0,S28+_bottom2,2.498001805406602e-16,1.0,1,1
29,2,Nelly,0.066,6,0,S28+_bottom2,0.0,1.0,1,1
29,2,Veron Davis,0.066,6,0,S28+_bottom2,0.0,0.999999999999989,1,1
29,2,Carole Baskin,0.059,12,0,S28+_bottom2,2.0816681711721685e-16,1.0,1,1
29,2,Monica Aldama,0.059,12,0,S28+_bottom2,1.8041124150158794e-16,0.9999999999999937,1,1
29,2,Charles Oakley,0.055,14,1,S28+_bottom2,0.0,0.3094129417327586,1,1
29,2,Skai Jackson,0.055,14,0,S28+_bottom2,0.0,1.0,1,1
29,3,Johnny Weir,0.085,1,0,S28+_bottom2,1.8041124150158794e-16,1.0,1,1
29,3,Nev Schulman,0.085,1,0,S28+_bottom2,0.0,1.0,1,1
29,3,Kaitlyn Bristowe,0.082,3,0,S28+_bottom2,0.0,0.9999999999999956,1,1
29,3,Chrishell Stause,0.078,4,0,S28+_bottom2,4.0245584642661925e-16,1.0,1,1
29,3,Jeannie Mai,0.078,4,0,S28+_bottom2,5.412337245047638e-16,0.9999999999999974,1,1
29,3,Veron Davis,0.078,4,0,S28+_bottom2,1.942890293094024e-16,1.0,1,1
29,3,AJ McLean,0.075,7,0,S28+_bottom2,0.0,1.0,1,1
29,3,Monica Aldama,0.075,7,0,S28+_bottom2,0.0,0.9999999999999931,1,1
29,3,Jesse Metcalfe,0.071,9,0,S28+_bottom2,0.0,0.9999999999999972,1,1
29,3,Justina Machado,0.068,10,0,S28+_bottom2,4.163336342344337e-17,0.9999999999999978,1,1
29,3,Nelly,0.064,11,0,S28+_bottom2,4.163336342344337e-17,0.9999999999999999,1,1
29,3,Skai Jackson,0.064,11,0,S28+_bottom2,2.3592239273284576e-16,1.0,1,1
29,3,Anne Heche,0.053,13,0,S28+_bottom2,4.163336342344337e-16,0.9999999999999891,1,1
29,3,Carole Baskin,0.043,14,1,S28+_bottom2,5.551115123125783e-17,0.259474080569863,1,1
29,4,Skai Jackson,0.093,1,0,S28+_bottom2,2.0816681711721685e-16,0.9999999999999992,1,1
29,4,Kaitlyn Bristowe,0.083,2,0,S28+_bottom2,0.0,0.9999999999999959,1,1
29,4,AJ McLean,0.08,3,0,S28+_bottom2,4.579669976578771e-16,0.9999999999999941,1,1
29,4,Johnny Weir,0.08,3,0,S28+_bottom2,0.0,0.9999999999999917,1,1
29,4,Justina Machado,0.08,3,0,S28+_bottom2,1.3877787807814457e-16,0.9999999999999979,1,1
29,4,Monica Aldama,0.08,3,0,S28+_bottom2,1.6653345369377348e-16,0.9999999999999878,1,1
29,4,Nev Schulman,0.08,3,0,S28+_bottom2,1.8041124150158794e-16,1.0,1,1
29,4,Chrishell Stause,0.073,8,0,S28+_bottom2,0.0,1.0,1,1
29,4,Veron Davis,0.073,8,0,S28+_bottom2,0.0,0.9999999999999948,1,1
29,4,Anne Heche,0.07,10,1,S28+_bottom2,3.3306690738754696e-16,0.18710220071635594,1,1
29,4,Jeannie Mai,0.07,10,0,S28+_bottom2,1.724532551733724e-11,1.0,1,1
29,4,Jesse Metcalfe,0.07,10,0,S28+_bottom2,3.591491237163299e-11,1.0,1,1
29,4,Nelly,0.07,10,0,S28+_bottom2,1.5940403686712032e-10,1.0,1,1
29,5,Johnny Weir,0.101,1,0,S28+_bottom2,4.3021142204224816e-16,0.9999999999999976,1,1
29,5,Kaitlyn Bristowe,0.094,2,0,S28+_bottom2,6.938893903907228e-17,0.9999999999999946,1,1
29,5,Monica Aldama,0.091,3,0,S28+_bottom2,0.0,1.0,1,1
29,5,Nev Schulman,0.091,3,0,S28+_bottom2,0.0,1.0,1,1
29,5,AJ McLean,0.084,5,0,S28+_bottom2,0.0,0.9999999999999911,1,1
29,5,Jeannie Mai,0.084,5,0,S28+_bottom2,4.3021142204224816e-16,1.0,1,1
29,5,Justina Machado,0.084,5,0,S28+_bottom2,1.3877787807814457e-16,1.0,1,1
29,5,Nelly,0.084,5,0,S28+_bottom2,0.0,0.9999999999999891,1,1
29,5,Skai Jackson,0.084,5,0,S28+_bottom2,1.249000902703301e-16,1.0,1,1
29,5,Veron Davis,0.073,10,0,S28+_bottom2,0.0,0.9999999999999967,1,1
29,5,Chrishell Stause,0.066,11,0,S28+_bottom2,9.76478935706532e-11,1.0,1,1
29,5,Jesse Metcalfe,0.066,11,1,S28+_bottom2,0.0,0.33868596432566717,1,1
29,6,AJ McLean,0.101,1,0,S28+_bottom2,0.0,0.9797267446333242,1,1
29,6,Justina Machado,0.101,1,0,S28+_bottom2,2.298867906457583e-15,0.9797267446267984,1,1
29,6,Kaitlyn Bristowe,0.101,1,0,S28+_bottom2,6.411384508663038e-15,0.979726744626794,1,1
29,6,Monica Aldama,0.101,1,0,S28+_bottom2,7.671830149972725e-15,0.979726744626801,1,1
29,6,Nev Schulman,0.097,5,0,S28+_bottom2,1.8631889926199266e-16,0.9797267446267962,1,1
29,6,Jeannie Mai,0.093,6,0,S28+_bottom2,0.0,0.9797267446268046,1,1
29,6,Chrishell Stause,0.09,7,0,S28+_bottom2,2.7755575615628914e-17,0.9797267446267951,1,1
29,6,Nelly,0.09,7,0,S28+_bottom2,0.0,0.9797267446268029,1,1
29,6,Johnny Weir,0.082,9,0,S28+_bottom2,1.6653345369377348e-16,0.9797267446349255,1,1
29,6,Veron Davis,0.078,10,1,S28+_bottom2,0.0,0.22583591259774344,1,1
29,6,Skai Jackson,0.067,11,0,S28+_bottom2,0.020107312168189624,0.999999999999999,1,1
29,7,Nev Schulman,0.115,1,0,S28+_bottom2,0.0,0.9774007438561098,1,1
29,7,Johnny Weir,0.104,2,0,S28+_bottom2,0.0,0.9774007438561134,1,1
29,7,Nelly,0.104,2,0,S28+_bottom2,1.1102230246251565e-16,0.9774007438561164,1,1
29,7,Skai Jackson,0.104,2,0,S28+_bottom2,6.938893903907228e-17,0.9774007438561196,1,1
29,7,AJ McLean,0.1,5,0,S28+_bottom2,0.0,0.9774007438561195,1,1
29,7,Chrishell Stause,0.1,5,0,S28+_bottom2,0.0,0.9774007438561377,1,1
29,7,Justina Machado,0.1,5,0,S28+_bottom2,1.3877787807814457e-16,0.9774007438561142,1,1
29,7,Jeannie Mai,0.096,8,1,S28+_bottom2,0.0,0.3009707110092027,1,1
29,7,Kaitlyn Bristowe,0.092,9,0,S28+_bottom2,0.022375829684103513,1.0,1,1
29,7,Monica Aldama,0.085,10,1,S28+_bottom2,1.8041124150158794e-16,0.6008099588636691,1,1
29,8,Johnny Weir,0.135,1,0,S28+_bottom2,4.884720624035004e-15,0.8128021815440127,1,1
29,8,Nev Schulman,0.135,1,0,S28+_bottom2,0.0,0.8128021814687686,1,1
29,8,Justina Machado,0.131,3,0,S28+_bottom2,0.0,0.8128021814687735,1,1
29,8,Kaitlyn Bristowe,0.126,4,0,S28+_bottom2,0.0,0.8128021814687738,1,1
29,8,AJ McLean,0.122,5,0,S28+_bottom2,0.0,0.8128021814757905,1,1
29,8,Chrishell Stause,0.122,5,1,S28+_bottom2,3.469446951953614e-16,0.1303384807390567,1,1
29,8,Skai Jackson,0.122,7,0,S28+_bottom2,0.06021305097657819,0.8717525667759591,1,1
29,8,Nelly,0.108,8,0,S28+_bottom2,0.09736546531229084,0.935035851648493,1,1
29,9,Johnny Weir,0.155,1,0,S28+_bottom2,0.0,0.9653426411341615,1,1
29,9,Kaitlyn Bristowe,0.155,1,0,S28+_bottom2,0.0,0.965342641126946,1,1
29,9,Nev Schulman,0.15,3,0,S28+_bottom2,2.7755575615628914e-17,0.9653426411269517,1,1
29,9,Skai Jackson,0.15,3,0,S28+_bottom2,4.718447854656915e-16,0.9653426411366282,1,1
29,9,Justina Machado,0.135,5,0,S28+_bottom2,2.498001805406602e-16,0.9653426411269483,1,1
29,9,AJ McLean,0.13,6,1,S28+_bottom2,1.249000902703301e-16,0.2960972986736954,1,1
29,9,Nelly,0.124,7,0,S28+_bottom2,0.051982701288100716,0.9999999999999999,1,1
29,10,Kaitlyn Bristowe,0.172,1,0,S28+_bottom2,0.0,0.8901387876225326,1,1
29,10,Nev Schulman,0.172,1,0,S28+_bottom2,0.0,0.8901387876225405,1,1
29,10,Justina Machado,0.167,3,0,S28+_bottom2,0.0,0.8901387876231611,1,1
29,10,Johnny Weir,0.164,4,1,S28+_bottom2,1.947653513389737e-15,0.1776903917993537,1,1
29,10,Skai Jackson,0.164,4,1,S28+_bottom2,0.0,0.17769039164929712,1,1
29,10,Nelly,0.161,6,0,S28+_bottom2,0.09539600804227112,1.0,1,1
29,11,Justina Machado,0.253,1,0,S28+_bottom2,0.0,1.0,1,1
29,11,Kaitlyn Bristowe,0.253,1,0,S28+_bottom2,0.0,1.0,1,1
29,11,Nev Schulman,0.253,1,0,S28+_bottom2,0.0,1.0,1,1
29,11,Nelly,0.241,4,0,S28+_bottom2,0.0,1.0,1,1
30,1,JoJo Siwa,0.079,1,0,S28+_bottom2,0.0,1.0,1,1
30,1,Amanda Kloots,0.077,2,0,S28+_bottom2,0.0,1.0,1,1
30,1,Suni Lee,0.077,2,0,S28+_bottom2,0.0,1.0,1,1
30,1,Melanie C,0.074,4,0,S28+_bottom2,0.0,1.0,1,1
30,1,Kenya Moore,0.071,5,0,S28+_bottom2,0.0,1.0,1,1
30,1,Melora Hardin,0.071,5,0,S28+_bottom2,0.0,1.0,1,1
30,1,Christine Chiu,0.068,7,0,S28+_bottom2,0.0,1.0,1,1
30,1,Olivia Jade,0.068,7,0,S28+_bottom2,0.0,1.0,1,1
30,1,Brian Austin Green,0.066,9,0,S28+_bottom2,0.0,1.0,1,1
30,1,Cody Rigsby,0.066,9,0,S28+_bottom2,0.0,1.0,1,1
30,1,Matt James,0.066,9,0,S28+_bottom2,0.0,1.0,1,1
30,1,"Mike ""The Miz"" Mizanin",0.066,9,0,S28+_bottom2,0.0,1.0,1,1
30,1,Jimmie Allen,0.06,13,0,S28+_bottom2,0.0,1.0,1,1
30,1,Iman Shumpert,0.057,14,0,S28+_bottom2,0.0,1.0,1,1
30,1,Martin Kove,0.036,15,0,S28+_bottom2,0.0,1.0,1,1
30,2,Amanda Kloots,0.083,1,0,S28+_bottom2,1.6653345369377348e-16,1.0,1,1
30,2,JoJo Siwa,0.081,2,0,S28+_bottom2,0.0,0.9999999999999979,1,1
30,2,Melanie C,0.078,3,0,S28+_bottom2,0.0,1.0,1,1
30,2,Suni Lee,0.073,4,0,S28+_bottom2,0.0,0.999999999999995,1,1
30,2,Jimmie Allen,0.07,5,0,S28+_bottom2,8.586881206085195e-17,0.9999999999999968,1,1
30,2,Melora Hardin,0.07,5,0,S28+_bottom2,8.366788165070638e-16,0.999999999999998,1,1
30,2,Olivia Jade,0.07,5,0,S28+_bottom2,0.0,0.9999999999999953,1,1
30,2,"Mike ""The Miz"" Mizanin",0.068,8,0,S28+_bottom2,0.0,1.0,1,1
30,2,Iman Shumpert,0.065,9,0,S28+_bottom2,2.6259376617598917e-16,0.9999999999999999,1,1
30,2,Christine Chiu,0.062,10,0,S28+_bottom2,0.0,0.9999999999999979,1,1
30,2,Cody Rigsby,0.062,10,0,S28+_bottom2,2.0751629581372555e-16,1.0,1,1
30,2,Kenya Moore,0.062,10,0,S28+_bottom2,2.6085904270001237e-16,0.9999999999999993,1,1
30,2,Brian Austin Green,0.06,13,0,S28+_bottom2,0.0,0.9999999999999997,1,1
30,2,Matt James,0.057,14,0,S28+_bottom2,0.0,0.9999999999999939,1,1
30,2,Martin Kove,0.039,15,1,S28+_bottom2,0.0,0.2629398161484803,1,1
30,3,Amanda Kloots,0.081,1,0,S28+_bottom2,6.375108774214766e-16,0.5000346301573017,1,1
30,3,JoJo Siwa,0.081,1,0,S28+_bottom2,5.551115123125783e-17,0.5000346301568742,1,1
30,3,Olivia Jade,0.081,1,0,S28+_bottom2,2.544080397737236e-16,0.5000346301568511,1,1
30,3,Melora Hardin,0.077,4,0,S28+_bottom2,2.3418766925686896e-17,0.5000346301572174,1,1
30,3,Melanie C,0.074,5,0,S28+_bottom2,0.0,0.500034630196852,1,1
30,3,"Mike ""The Miz"" Mizanin",0.074,5,0,S28+_bottom2,3.0444397003392965e-16,0.5000346301568195,1,1
30,3,Christine Chiu,0.07,7,1,S28+_bottom2,0.0,0.04467794140923308,1,1
30,3,Kenya Moore,0.07,7,0,S28+_bottom2,0.0,0.5000346301568941,1,1
30,3,Suni Lee,0.07,7,0,S28+_bottom2,4.692164329299397e-11,0.5000346301569321,1,1
30,3,Jimmie Allen,0.067,10,0,S28+_bottom2,0.05442411777658347,0.5292555909537525,1,1
30,3,Matt James,0.067,10,0,S28+_bottom2,0.05442411777666173,0.5292555909537227,1,1
30,3,Brian Austin Green,0.064,12,0,S28+_bottom2,0.08441528713052096,0.5797963579051837,1,1
30,3,Iman Shumpert,0.064,12,0,S28+_bottom2,0.08441528712824756,0.5797963579057541,1,1
30,3,Cody Rigsby,0.06,14,0,S28+_bottom2,0.11650415630684437,0.7013089678186706,1,1
30,4,Melora Hardin,0.088,1,0,S28+_bottom2,1.1611805267319752e-16,0.9999999999999988,1,1
30,4,JoJo Siwa,0.084,2,0,S28+_bottom2,0.0,0.9999999999999991,1,1
30,4,Olivia Jade,0.084,2,0,S28+_bottom2,0.0,0.9999999999999984,1,1
30,4,Amanda Kloots,0.082,4,0,S28+_bottom2,0.0,0.9999999999999991,1,1
30,4,Suni Lee,0.082,4,0,S28+_bottom2,0.0,1.0,1,1
30,4,Melanie C,0.079,6,0,S28+_bottom2,8.348356728138384e-17,1.0,1,1
30,4,Jimmie Allen,0.078,7,0,S28+_bottom2,0.0,1.0,1,1
30,4,"Mike ""The Miz"" Mizanin",0.078,7,0,S28+_bottom2,0.0,1.0,1,1
30,4,Iman Shumpert,0.076,9,0,S28+_bottom2,2.8709673527416157e-16,0.9999999999999942,1,1
30,4,Kenya Moore,0.071,10,0,S28+_bottom2,1.124100812432971e-15,0.9999999999999999,1,1
30,4,Cody Rigsby,0.07,11,0,S28+_bottom2,1.6458188978329957e-16,1.0,1,1
30,4,Matt James,0.068,12,1,S28+_bottom2,0.0,0.27117946826596057,1,1
30,4,Brian Austin Green,0.062,13,1,S28+_bottom2,0.0,0.4980738584815486,1,1
30,5,JoJo Siwa,0.104,1,0,S28+_bottom2,,,0,0
30,5,Amanda Kloots,0.101,2,0,S28+_bottom2,,,0,0
30,5,Kenya Moore,0.094,3,0,S28+_bottom2,,,0,0
30,5,Melanie C,0.094,3,1,S28+_bottom2,,,0,0
30,5,Melora Hardin,0.094,3,0,S28+_bottom2,,,0,0
30,5,Olivia Jade,0.094,3,0,S28+_bottom2,,,0,0
30,5,Suni Lee,0.094,3,0,S28+_bottom2,,,0,0
30,5,Jimmie Allen,0.088,8,0,S28+_bottom2,,,0,0
30,5,Cody Rigsby,0.083,9,0,S28+_bottom2,,,0,0
30,5,"Mike ""The Miz"" Mizanin",0.083,9,0,S28+_bottom2,,,0,0
30,5,Iman Shumpert,0.073,11,0,S28+_bottom2,,,0,0
30,6,Iman Shumpert,0.11,1,0,S28+_bottom2,0.0,0.9999999999999957,1,1
30,6,JoJo Siwa,0.11,1,0,S28+_bottom2,0.0,0.9999999999999983,1,1
30,6,Amanda Kloots,0.104,3,0,S28+_bottom2,2.7755575615628914e-16,1.0,1,1
30,6,Jimmie Allen,0.104,3,0,S28+_bottom2,4.521123059264553e-16,0.9999999999999993,1,1
30,6,Cody Rigsby,0.099,5,0,S28+_bottom2,0.0,1.0,1,1
30,6,Olivia Jade,0.099,5,0,S28+_bottom2,3.625572064791527e-16,0.9999999999999962,1,1
30,6,Suni Lee,0.099,5,0,S28+_bottom2,8.326672684688674e-17,0.9999999999999971,1,1
30,6,Melora Hardin,0.093,8,0,S28+_bottom2,1.6653345369377348e-16,0.9999999999999999,1,1
30,6,"Mike ""The Miz"" Mizanin",0.093,8,0,S28+_bottom2,0.0,1.0,1,1
30,6,Kenya Moore,0.088,10,1,S28+_bottom2,0.0,0.40866954500547575,1,1
30,7,Olivia Jade,0.128,1,0,S28+_bottom2,2.6703899508317974e-16,0.9999999999999978,1,1
30,7,JoJo Siwa,0.119,2,0,S28+_bottom2,5.551115123125783e-17,1.0,1,1
30,7,Jimmie Allen,0.116,3,0,S28+_bottom2,1.5959455978986625e-16,1.0,1,1
30,7,Melora Hardin,0.116,3,0,S28+_bottom2,5.551115123125783e-17,1.0,1,1
30,7,Cody Rigsby,0.11,5,0,S28+_bottom2,3.916138247017642e-16,0.9999999999999907,1,1
30,7,Amanda Kloots,0.104,6,0,S28+_bottom2,0.0,1.0,1,1
30,7,Iman Shumpert,0.104,6,0,S28+_bottom2,5.48172618408671e-16,1.0,1,1
30,7,Suni Lee,0.104,6,0,S28+_bottom2,0.0,1.0,1,1
30,7,"Mike ""The Miz"" Mizanin",0.098,9,1,S28+_bottom2,4.3021142204224816e-16,0.7022946712463812,1,1
30,8,Amanda Kloots,0.136,1,0,S28+_bottom2,0.0,0.9706106668545736,1,1
30,8,Melora Hardin,0.136,1,0,S28+_bottom2,0.0,0.9706106668475025,1,1
30,8,Suni Lee,0.136,1,0,S28+_bottom2,0.0,0.9706106668468638,1,1
30,8,JoJo Siwa,0.133,4,0,S28+_bottom2,4.473994697175462e-16,0.9706106668465514,1,1
30,8,Cody Rigsby,0.123,5,0,S28+_bottom2,0.0,0.9706106668463571,1,1
30,8,Olivia Jade,0.117,6,1,S28+_bottom2,8.808640442338415e-16,0.28381464221748864,1,1
30,8,Iman Shumpert,0.114,7,0,S28+_bottom2,0.02893777809692511,0.9999999999999998,1,1
30,8,Jimmie Allen,0.104,8,1,S28+_bottom2,3.7730644593289173e-16,0.5639935699805202,1,1
30,9,JoJo Siwa,0.177,1,0,S28+_bottom2,0.0,0.6549690287744082,1,1
30,9,Amanda Kloots,0.175,2,0,S28+_bottom2,0.0,0.6549690288249407,1,1
30,9,Iman Shumpert,0.166,3,0,S28+_bottom2,2.5574279726985715e-15,0.6549690289311104,1,1
30,9,Suni Lee,0.166,3,1,S28+_bottom2,1.200628038089787e-16,0.13479527571729336,1,1
30,9,Melora Hardin,0.159,5,1,S28+_bottom2,2.920595277819041e-16,0.33710416255315234,1,1
30,9,Cody Rigsby,0.157,6,0,S28+_bottom2,0.16902547257654646,0.999999997526619,1,1
30,10,Iman Shumpert,0.255,1,0,S28+_bottom2,0.0,1.0,1,1
30,10,JoJo Siwa,0.255,1,0,S28+_bottom2,0.0,1.0,1,1
30,10,Amanda Kloots,0.248,3,0,S28+_bottom2,0.0,1.0,1,1
30,10,Cody Rigsby,0.242,4,0,S28+_bottom2,0.0,1.0,1,1
31,1,Charli D'Amelio,0.084,1,0,S28+_bottom2,0.0,0.9865868006817756,1,1
31,1,Wayne Brady,0.076,2,0,S28+_bottom2,2.9749520538685317e-15,0.9865868006817816,1,1
31,1,Gabby Windey,0.073,3,0,S28+_bottom2,2.8788075314221304e-15,0.9865868006817701,1,1
31,1,Selma Blair,0.073,3,0,S28+_bottom2,5.0764046603868615e-15,0.98658680068251,1,1
31,1,Shangela,0.073,3,0,S28+_bottom2,0.0,0.9865868006817861,1,1
31,1,Daniel Durant,0.071,6,0,S28+_bottom2,3.712660211649752e-15,0.9865868006815408,1,1
31,1,Jordin Sparks,0.068,7,0,S28+_bottom2,0.0,0.9865868006815878,1,1
31,1,Heidi D'Amelio,0.063,8,0,S28+_bottom2,0.0,0.9865868006818103,1,1
31,1,Joseph Baena,0.06,9,0,S28+_bottom2,2.583561178607189e-15,0.9865868006818425,1,1
31,1,Cheryl Ladd,0.055,10,0,S28+_bottom2,3.4902087371559505e-16,0.9865868006815778,1,1
31,1,Trevor Donovan,0.055,10,0,S28+_bottom2,3.3832182743845245e-15,0.9865868006817975,1,1
31,1,Jessie James Decker,0.052,12,0,S28+_bottom2,0.0,0.9865868006818156,1,1
31,1,Sam Champion,0.052,12,0,S28+_bottom2,1.3877787807814457e-17,0.9865868006817768,1,1
31,1,Teresa Giudice,0.052,12,0,S28+_bottom2,2.0816681711721685e-16,0.9865868006833599,1,1
31,1,Jason Lewis,0.047,15,1,S28+_bottom2,2.636779683484747e-16,0.1897448422290062,1,1
31,1,Vinny Guadagnino,0.045,16,0,S28+_bottom2,0.017010312297020255,1.0,1,1
31,2,Charli D'Amelio,0.078,1,0,S28+_bottom2,0.0,0.9856158963908518,1,1
31,2,Gabby Windey,0.078,1,0,S28+_bottom2,1.0691253065568653e-14,0.9856158963908505,1,1
31,2,Wayne Brady,0.078,1,0,S28+_bottom2,9.105111725141948e-15,0.9856158963908582,1,1
31,2,Trevor Donovan,0.073,4,0,S28+_bottom2,6.462945768244598e-16,0.98561589639087,1,1
31,2,Daniel Durant,0.07,5,0,S28+_bottom2,8.497842252450875e-16,0.9856158963916235,1,1
31,2,Heidi D'Amelio,0.068,6,0,S28+_bottom2,0.0,0.9856158963908711,1,1
31,2,Selma Blair,0.068,6,0,S28+_bottom2,7.071244143602666e-15,0.985615896390764,1,1
31,2,Shangela,0.068,6,0,S28+_bottom2,0.0,0.9856158963908522,1,1
31,2,Jordin Sparks,0.066,9,0,S28+_bottom2,0.0,0.9856158963907818,1,1
31,2,Vinny Guadagnino,0.066,9,0,S28+_bottom2,7.745552195241317e-15,0.9856158964041767,1,1
31,2,Sam Champion,0.063,11,0,S28+_bottom2,0.0,0.9856158963908401,1,1
31,2,Jessie James Decker,0.061,12,0,S28+_bottom2,0.0,0.9856158963908701,1,1
31,2,Joseph Baena,0.058,13,0,S28+_bottom2,2.0816681711721685e-16,0.9856158963909363,1,1
31,2,Teresa Giudice,0.056,14,1,S28+_bottom2,0.0,0.2019048347726264,1,1
31,2,Cheryl Ladd,0.051,15,0,S28+_bottom2,0.01432052127214314,0.9999999999999863,1,1
31,3,Charli D'Amelio,0.082,1,0,S28+_bottom2,4.440892098500626e-16,0.9844922536009136,1,1
31,3,Gabby Windey,0.082,1,0,S28+_bottom2,1.249000902703301e-16,0.9844922536009165,1,1
31,3,Wayne Brady,0.082,1,0,S28+_bottom2,0.0,0.9844922536009216,1,1
31,3,Heidi D'Amelio,0.079,4,0,S28+_bottom2,0.0,0.9844922536009133,1,1
31,3,Daniel Durant,0.077,5,0,S28+_bottom2,0.0,0.9844922536009142,1,1
31,3,Shangela,0.074,6,0,S28+_bottom2,4.3021142204224816e-16,0.9844922536009136,1,1
31,3,Jordin Sparks,0.072,7,0,S28+_bottom2,0.0,0.9844922536009135,1,1
31,3,Joseph Baena,0.072,7,0,S28+_bottom2,0.0,0.9844922536009149,1,1
31,3,Selma Blair,0.069,9,0,S28+_bottom2,2.7755575615628914e-17,0.9844922536009117,1,1
31,3,Trevor Donovan,0.067,10,0,S28+_bottom2,0.0,0.9844922536009136,1,1
31,3,Jessie James Decker,0.065,11,0,S28+_bottom2,8.326672684688674e-17,0.9844922536009215,1,1
31,3,Sam Champion,0.062,12,0,S28+_bottom2,0.0,0.9844922536009131,1,1
31,3,Cheryl Ladd,0.06,13,1,S28+_bottom2,0.0,0.19435284150462687,1,1
31,3,Vinny Guadagnino,0.057,14,0,S28+_bottom2,0.015429111602739303,1.0,1,1
31,4,Charli D'Amelio,0.088,1,0,S28+_bottom2,6.938893903907228e-17,0.9999999999999963,1,1
31,4,Gabby Windey,0.088,1,0,S28+_bottom2,0.0,0.9999999999999958,1,1
31,4,Wayne Brady,0.088,1,0,S28+_bottom2,3.191891195797325e-16,0.9999999999999978,1,1
31,4,Heidi D'Amelio,0.083,4,0,S28+_bottom2,5.967448757360216e-16,1.0,1,1
31,4,Jordin Sparks,0.083,4,0,S28+_bottom2,1.3877787807814457e-16,1.0,1,1
31,4,Selma Blair,0.078,6,0,S28+_bottom2,0.0,0.9999999999999959,1,1
31,4,Shangela,0.078,6,0,S28+_bottom2,3.191891195797325e-16,0.999999999999992,1,1
31,4,Jessie James Decker,0.076,8,0,S28+_bottom2,4.718447854656915e-16,0.9999999999999933,1,1
31,4,Daniel Durant,0.071,9,0,S28+_bottom2,8.326672684688674e-17,1.0,1,1
31,4,Vinny Guadagnino,0.071,9,0,S28+_bottom2,0.0,1.0,1,1
31,4,Joseph Baena,0.068,11,0,S28+_bottom2,0.0,0.9999999999999948,1,1
31,4,Trevor Donovan,0.068,11,0,S28+_bottom2,0.0,0.999999999999989,1,1
31,4,Sam Champion,0.061,13,1,S28+_bottom2,1.942890293094024e-16,0.28372896550854,1,1
31,5,Charli D'Amelio,0.094,1,0,S28+_bottom2,1.1593536248955135e-14,0.15807827871100227,1,1
31,5,Gabby Windey,0.091,2,0,S28+_bottom2,0.0,0.15807827871085886,1,1
31,5,Wayne Brady,0.091,2,0,S28+_bottom2,0.0,0.15807827870473834,1,1
31,5,Selma Blair,0.089,4,1,S28+_bottom2,2.0086772245248973e-16,0.010097413426549552,1,1
31,5,Heidi D'Amelio,0.087,5,0,S28+_bottom2,0.02297428458192591,0.15808182694355805,1,1
31,5,Shangela,0.086,6,0,S28+_bottom2,0.04452023251778734,0.15985685561570837,1,1
31,5,Jessie James Decker,0.08,7,0,S28+_bottom2,0.06558202763085988,0.16539118827313387,1,1
31,5,Trevor Donovan,0.08,7,0,S28+_bottom2,0.0655820276294697,0.16539118826262705,1,1
31,5,Jordin Sparks,0.079,9,0,S28+_bottom2,0.10670228101132512,0.1909925875471277,1,1
31,5,Joseph Baena,0.078,10,1,S28+_bottom2,0.0,0.15711239116757536,1,1
31,5,Daniel Durant,0.075,11,0,S28+_bottom2,0.1539978302013355,0.26136270959841856,1,1
31,5,Vinny Guadagnino,0.069,12,0,S28+_bottom2,0.18709582304940553,0.3643330196204549,1,1
31,6,Charli D'Amelio,0.116,1,0,S28+_bottom2,6.106226635438361e-16,0.977400743856123,1,1
31,6,Gabby Windey,0.107,2,0,S28+_bottom2,0.0,0.9774007438561152,1,1
31,6,Heidi D'Amelio,0.104,3,0,S28+_bottom2,0.0,0.9774007438561445,1,1
31,6,Shangela,0.104,3,0,S28+_bottom2,0.0,0.977400743965606,1,1
31,6,Daniel Durant,0.099,5,0,S28+_bottom2,0.0,0.9774007438606693,1,1
31,6,Jordin Sparks,0.099,5,0,S28+_bottom2,2.498001805406602e-16,0.9774007438561173,1,1
31,6,Trevor Donovan,0.099,5,0,S28+_bottom2,1.1102230246251565e-16,0.977400743856099,1,1
31,6,Wayne Brady,0.099,5,0,S28+_bottom2,1.942890293094024e-16,0.9774007438561363,1,1
31,6,Jessie James Decker,0.093,9,1,S28+_bottom2,0.0,0.32773938342255704,1,1
31,6,Vinny Guadagnino,0.081,10,0,S28+_bottom2,0.022375829686885052,1.0,1,1
31,7,Charli D'Amelio,0.12,1,0,S28+_bottom2,0.0,0.9744587188727715,1,1
31,7,Trevor Donovan,0.12,1,0,S28+_bottom2,0.0,0.9744587188728592,1,1
31,7,Wayne Brady,0.117,3,0,S28+_bottom2,0.0,0.9744587188727682,1,1
31,7,Daniel Durant,0.112,4,0,S28+_bottom2,0.0,0.9744587188746802,1,1
31,7,Shangela,0.112,4,0,S28+_bottom2,0.0,0.974458718872773,1,1
31,7,Gabby Windey,0.109,6,0,S28+_bottom2,0.0,0.9744587188727719,1,1
31,7,Heidi D'Amelio,0.108,7,0,S28+_bottom2,1.942890293094024e-16,0.9744587188729582,1,1
31,7,Jordin Sparks,0.106,8,1,S28+_bottom2,0.0,0.2525084822909647,1,1
31,7,Vinny Guadagnino,0.097,9,0,S28+_bottom2,0.025230261519935043,0.9999999999999998,1,1
31,8,Charli D'Amelio,0.143,1,0,S28+_bottom2,0.0,1.0,1,1
31,8,Wayne Brady,0.143,1,0,S28+_bottom2,4.163336342344337e-16,1.0,1,1
31,8,Shangela,0.134,3,0,S28+_bottom2,0.0,1.0,1,1
31,8,Gabby Windey,0.127,4,0,S28+_bottom2,0.0,0.9999999999999958,1,1
31,8,Daniel Durant,0.124,5,0,S28+_bottom2,1.3877787807814457e-16,1.0,1,1
31,8,Trevor Donovan,0.124,5,0,S28+_bottom2,0.0,1.0,1,1
31,8,Heidi D'Amelio,0.111,7,1,S28+_bottom2,0.0,0.47482760744270447,1,1
31,8,Vinny Guadagnino,0.092,8,1,S28+_bottom2,9.71445146547012e-17,0.8940946487721031,1,1
31,9,Charli D'Amelio,0.182,1,0,S28+_bottom2,1.942890293094024e-16,1.0,1,1
31,9,Gabby Windey,0.182,1,0,S28+_bottom2,3.3306690738754696e-16,0.9999999999999949,1,1
31,9,Shangela,0.166,3,0,S28+_bottom2,1.1102230246251565e-16,1.0,1,1
31,9,Wayne Brady,0.166,3,0,S28+_bottom2,0.0,1.0,1,1
31,9,Daniel Durant,0.157,5,1,S28+_bottom2,5.551115123125783e-17,0.8390564313595623,1,1
31,9,Trevor Donovan,0.148,6,1,S28+_bottom2,8.326672684688674e-17,0.999999999999867,1,1
31,10,Charli D'Amelio,0.256,1,0,S28+_bottom2,0.0,1.0,1,1
31,10,Gabby Windey,0.256,1,0,S28+_bottom2,0.0,1.0,1,1
31,10,Shangela,0.244,3,0,S28+_bottom2,0.0,1.0,1,1
31,10,Wayne Brady,0.244,3,0,S28+_bottom2,0.0,1.0,1,1
32,1,Charity Lawson,0.095,1,0,S28+_bottom2,5.551115123125783e-16,1.0,1,1
32,1,Ariana Madix,0.091,2,0,S28+_bottom2,0.0,1.0,1,1
32,1,Jason Mraz,0.091,2,0,S28+_bottom2,1.1102230246251565e-16,1.0,1,1
32,1,Lele Pons,0.082,4,0,S28+_bottom2,1.5265566588595902e-16,1.0,1,1
32,1,Adrian Peterson,0.078,5,0,S28+_bottom2,0.0,0.9999999999999949,1,1
32,1,Xochitl Gomez,0.078,5,0,S28+_bottom2,4.718447854656915e-16,0.9999999999999956,1,1
32,1,Mira Sorvino,0.074,7,0,S28+_bottom2,1.942890293094024e-16,0.9999999999999993,1,1
32,1,Barry Williams,0.069,8,0,S28+_bottom2,1.249000902703301e-16,1.0,1,1
32,1,Jamie Lynn Spears,0.065,9,0,S28+_bottom2,0.0,0.9999999999999919,1,1
32,1,Mauricio Umansky,0.065,9,0,S28+_bottom2,3.3306690738754696e-16,1.0,1,1
32,1,Alyson Hannigan,0.056,11,0,S28+_bottom2,2.0816681711721685e-16,1.0,1,1
32,1,Harry Jowsey,0.052,12,0,S28+_bottom2,1.2591893759538487e-10,0.9999999999999905,1,1
32,1,Matt Walsh,0.052,12,1,S28+_bottom2,8.326672684688674e-17,0.1694216600927635,1,1
32,1,Tyson Beckford,0.052,12,0,S28+_bottom2,0.0,1.0,1,1
32,2,Jason Mraz,0.101,1,0,S28+_bottom2,0.0,0.8701738390851913,1,1
32,2,Xochitl Gomez,0.101,1,0,S28+_bottom2,3.308890516264906e-15,0.8701738390851834,1,1
32,2,Charity Lawson,0.088,3,0,S28+_bottom2,0.0,0.8701738391701922,1,1
32,2,Lele Pons,0.088,3,0,S28+_bottom2,0.0,0.8701738390851917,1,1
32,2,Ariana Madix,0.084,5,0,S28+_bottom2,0.0,0.8701738390851812,1,1
32,2,Alyson Hannigan,0.08,6,0,S28+_bottom2,0.0,0.8701738390930789,1,1
32,2,Mira Sorvino,0.076,7,0,S28+_bottom2,4.163336342344337e-17,0.8701738390833017,1,1
32,2,Tyson Beckford,0.076,7,0,S28+_bottom2,0.0,0.8701738390851858,1,1
32,2,Jamie Lynn Spears,0.067,9,1,S28+_bottom2,5.551115123125783e-16,0.10936453912993617,1,1
32,2,Adrian Peterson,0.063,10,0,S28+_bottom2,0.016744258364619395,0.8866495847267125,1,1
32,2,Barry Williams,0.063,10,0,S28+_bottom2,0.01674425836479034,0.886649584736267,1,1
32,2,Harry Jowsey,0.063,10,0,S28+_bottom2,0.016744258451914917,0.8866495847267049,1,1
32,2,Mauricio Umansky,0.05,13,0,S28+_bottom2,0.07641417669987437,0.949529164623969,1,1
32,3,Ariana Madix,0.105,1,0,S28+_bottom2,0.0,1.0,1,1
32,3,Jason Mraz,0.105,1,0,S28+_bottom2,0.0,0.9999999999999946,1,1
32,3,Charity Lawson,0.099,3,0,S28+_bottom2,2.914335439641036e-16,1.0,1,1
32,3,Xochitl Gomez,0.099,3,0,S28+_bottom2,0.0,1.0,1,1
32,3,Lele Pons,0.084,5,0,S28+_bottom2,0.0,1.0,1,1
32,3,Mira Sorvino,0.08,6,0,S28+_bottom2,0.0,0.9999999999999886,1,1
32,3,Barry Williams,0.077,7,0,S28+_bottom2,0.0,0.9999999999999949,1,1
32,3,Alyson Hannigan,0.074,8,0,S28+_bottom2,1.249000902703301e-16,0.9999999999999958,1,1
32,3,Harry Jowsey,0.074,8,0,S28+_bottom2,1.6653345369377348e-16,1.0,1,1
32,3,Mauricio Umansky,0.071,10,0,S28+_bottom2,0.0,1.0,1,1
32,3,Adrian Peterson,0.068,11,0,S28+_bottom2,0.0,1.0,1,1
32,3,Tyson Beckford,0.062,12,1,S28+_bottom2,2.7755575615628914e-16,0.27396283801081023,1,1
32,4,Xochitl Gomez,0.112,1,0,S28+_bottom2,8.287738019520381e-15,0.7142307183795875,1,1
32,4,Ariana Madix,0.104,2,0,S28+_bottom2,3.869901927784409e-15,0.7142307183795876,1,1
32,4,Charity Lawson,0.1,3,0,S28+_bottom2,7.0700107866002696e-15,0.7142307183796275,1,1
32,4,Jason Mraz,0.1,3,0,S28+_bottom2,4.012591612462488e-15,0.7142307183795885,1,1
32,4,Lele Pons,0.092,5,0,S28+_bottom2,2.7755575615628914e-16,0.7142307183799611,1,1
32,4,Adrian Peterson,0.088,6,1,S28+_bottom2,1.3877787807814457e-16,0.08274629332410494,1,1
32,4,Harry Jowsey,0.088,6,0,S28+_bottom2,9.848836402381954e-16,0.7142307183795834,1,1
32,4,Mira Sorvino,0.088,6,0,S28+_bottom2,0.0,0.7142307183796192,1,1
32,4,Mauricio Umansky,0.079,9,0,S28+_bottom2,0.07708158203956884,0.7802776906684369,1,1
32,4,Alyson Hannigan,0.075,10,0,S28+_bottom2,0.09638350879882539,0.8225541204609133,1,1
32,4,Barry Williams,0.075,10,0,S28+_bottom2,0.0963835087988367,0.8225541204609298,1,1
32,5,Charity Lawson,0.117,1,0,S28+_bottom2,0.0,0.9296761409754074,1,1
32,5,Xochitl Gomez,0.117,1,0,S28+_bottom2,4.3723797346247794e-15,0.9296761409753803,1,1
32,5,Jason Mraz,0.112,3,0,S28+_bottom2,0.0,0.9296761409751362,1,1
32,5,Ariana Madix,0.1,4,0,S28+_bottom2,9.71445146547012e-17,0.9296761409753923,1,1
32,5,Barry Williams,0.1,4,0,S28+_bottom2,9.71445146547012e-17,0.9296761409750429,1,1
32,5,Lele Pons,0.1,4,0,S28+_bottom2,1.5265566588595902e-16,0.9296761409748923,1,1
32,5,Mauricio Umansky,0.1,4,0,S28+_bottom2,3.3306690738754696e-16,0.929676140983966,1,1
32,5,Mira Sorvino,0.092,8,1,S28+_bottom2,3.0531133177191805e-16,0.19903456515610524,1,1
32,5,Alyson Hannigan,0.088,9,0,S28+_bottom2,0.02237582968780354,0.9522244279860697,1,1
32,5,Harry Jowsey,0.075,10,0,S28+_bottom2,0.045703195421656434,0.9774007438564546,1,1
32,6,Xochitl Gomez,0.13,1,0,S28+_bottom2,0.0,0.8251528720899827,1,1
32,6,Ariana Madix,0.127,2,0,S28+_bottom2,0.0,0.8251528720899811,1,1
32,6,Jason Mraz,0.121,3,0,S28+_bottom2,0.0,0.8251528720899737,1,1
32,6,Charity Lawson,0.118,4,0,S28+_bottom2,0.0,0.825152872089973,1,1
32,6,Lele Pons,0.115,5,0,S28+_bottom2,1.1102230246251565e-16,0.8251528720972161,1,1
32,6,Mauricio Umansky,0.102,6,1,S28+_bottom2,0.0,0.1302532064350242,1,1
32,6,Barry Williams,0.099,7,0,S28+_bottom2,0.025689893237839028,0.849221499727057,1,1
32,6,Alyson Hannigan,0.096,8,0,S28+_bottom2,0.05190293588874042,0.8788150500438742,1,1
32,6,Harry Jowsey,0.09,9,0,S28+_bottom2,0.10520182826209895,0.9196419192643601,1,1
32,7,Ariana Madix,0.131,1,0,S28+_bottom2,0.0,0.2826113960223818,1,1
32,7,Xochitl Gomez,0.131,1,0,S28+_bottom2,8.248959801153915e-15,0.28261139602237717,1,1
32,7,Lele Pons,0.129,3,1,S28+_bottom2,0.0,0.050370093018221075,1,1
32,7,Charity Lawson,0.128,4,0,S28+_bottom2,0.03666897233014643,0.28261139602273183,1,1
32,7,Jason Mraz,0.128,4,0,S28+_bottom2,0.03666897233018671,0.28261139602241336,1,1
32,7,Alyson Hannigan,0.124,6,0,S28+_bottom2,0.10727721077055259,0.31643784609574893,1,1
32,7,Barry Williams,0.115,7,0,S28+_bottom2,0.15576492394610136,0.37442434362440086,1,1
32,7,Harry Jowsey,0.113,8,0,S28+_bottom2,0.18747061965589704,0.5890755049204526,1,1
32,8,Ariana Madix,0.166,1,0,S28+_bottom2,2.7755575615628914e-16,0.8858177975852096,1,1
32,8,Xochitl Gomez,0.158,2,0,S28+_bottom2,1.1102230246251565e-16,0.8858177975852173,1,1
32,8,Charity Lawson,0.154,3,0,S28+_bottom2,0.0,0.8858177975852111,1,1
32,8,Alyson Hannigan,0.142,4,0,S28+_bottom2,1.3877787807814457e-16,0.8858177975851623,1,1
32,8,Barry Williams,0.138,5,1,S28+_bottom2,0.0,0.18733869165469477,1,1
32,8,Jason Mraz,0.13,6,0,S28+_bottom2,0.033964685564628144,0.9195281068516793,1,1
32,8,Harry Jowsey,0.111,7,0,S28+_bottom2,0.07209385086210955,0.9653426411265873,1,1
32,9,Jason Mraz,0.195,1,0,S28+_bottom2,0.0,1.0,1,1
32,9,Xochitl Gomez,0.186,2,0,S28+_bottom2,0.0,1.0,1,1
32,9,Charity Lawson,0.172,3,0,S28+_bottom2,0.0,0.999999999999993,1,1
32,9,Ariana Madix,0.167,4,0,S28+_bottom2,2.7755575615628914e-17,0.9999999999999974,1,1
32,9,Alyson Hannigan,0.145,5,0,S28+_bottom2,0.0,0.9999999999999852,1,1
32,9,Harry Jowsey,0.136,6,1,S28+_bottom2,0.0,0.40041280005639396,1,1
32,10,Xochitl Gomez,0.211,1,0,S28+_bottom2,0.0,1.0,1,1
32,10,Charity Lawson,0.207,2,0,S28+_bottom2,0.0,1.0,1,1
32,10,Ariana Madix,0.204,3,0,S28+_bottom2,0.0,1.0,1,1
32,10,Jason Mraz,0.2,4,0,S28+_bottom2,0.0,1.0,1,1
32,10,Alyson Hannigan,0.179,5,0,S28+_bottom2,0.0,1.0,1,1
32,11,Jason Mraz,0.206,1,0,S28+_bottom2,0.0,1.0,1,1
32,11,Xochitl Gomez,0.206,1,0,S28+_bottom2,0.0,1.0,1,1
32,11,Ariana Madix,0.203,3,0,S28+_bottom2,0.0,1.0,1,1
32,11,Charity Lawson,0.203,3,0,S28+_bottom2,0.0,1.0,1,1
32,11,Alyson Hannigan,0.182,5,0,S28+_bottom2,0.0,1.0,1,1
33,1,Chandler Kinney,0.093,1,0,S28+_bottom2,0.0,1.0,1,1
33,1,Dwight Howard ,0.089,2,0,S28+_bottom2,0.0,1.0,1,1
33,1,Joey Graziadei,0.085,3,0,S28+_bottom2,0.0,1.0,1,1
33,1,Stephen Nedoroscik,0.085,3,0,S28+_bottom2,0.0,1.0,1,1
33,1,Danny Amendola,0.081,5,0,S28+_bottom2,0.0,1.0,1,1
33,1,Jenn Tran,0.077,6,0,S28+_bottom2,0.0,1.0,1,1
33,1,Phaedra Parks,0.077,6,0,S28+_bottom2,0.0,1.0,1,1
33,1,Anna Delvey,0.073,8,0,S28+_bottom2,0.0,1.0,1,1
33,1,Brooks Nader,0.073,8,0,S28+_bottom2,0.0,1.0,1,1
33,1,Ilona Maher,0.073,8,0,S28+_bottom2,0.0,1.0,1,1
33,1,Tori Spelling,0.069,11,0,S28+_bottom2,0.0,1.0,1,1
33,1,Reginald VelJohnson,0.065,12,0,S28+_bottom2,0.0,1.0,1,1
33,1,Eric Roberts,0.061,13,0,S28+_bottom2,0.0,1.0,1,1
33,2,Chandler Kinney,0.093,1,0,S28+_bottom2,3.604007070528226e-15,0.8901387727821041,1,1
33,2,Dwight Howard ,0.085,2,0,S28+_bottom2,0.0,0.8901387727845844,1,1
33,2,Joey Graziadei,0.085,2,0,S28+_bottom2,2.8610021589882726e-15,0.8901387727821153,1,1
33,2,Stephen Nedoroscik,0.085,2,0,S28+_bottom2,0.0,0.8901387727821218,1,1
33,2,Danny Amendola,0.081,5,0,S28+_bottom2,0.0,0.8901387727821183,1,1
33,2,Ilona Maher,0.081,5,0,S28+_bottom2,0.0,0.8901387727820994,1,1
33,2,Phaedra Parks,0.081,5,0,S28+_bottom2,0.0,0.8901387727820995,1,1
33,2,Brooks Nader,0.078,8,0,S28+_bottom2,4.163336342344337e-17,0.8901387727823572,1,1
33,2,Jenn Tran,0.074,9,0,S28+_bottom2,1.5425684415396644e-16,0.8901387727821222,1,1
33,2,Tori Spelling,0.074,9,1,S28+_bottom2,4.926614671774132e-16,0.12528975597817774,1,1
33,2,Anna Delvey,0.066,11,1,S28+_bottom2,0.0,0.21307506563316275,1,1
33,2,Eric Roberts,0.058,12,0,S28+_bottom2,0.060738898573010416,0.9450693858414343,1,1
33,2,Reginald VelJohnson,0.058,12,0,S28+_bottom2,0.06073889857322918,0.9450693858414162,1,1
33,3,Joey Graziadei,0.11,1,0,S28+_bottom2,0.0,0.9999999999999949,1,1
33,3,Chandler Kinney,0.108,2,0,S28+_bottom2,0.0,0.9999999999999992,1,1
33,3,Jenn Tran,0.097,3,0,S28+_bottom2,3.3306690738754696e-16,0.9999999999999852,1,1
33,3,Stephen Nedoroscik,0.097,3,0,S28+_bottom2,0.0,0.9999999999999971,1,1
33,3,Brooks Nader,0.096,5,0,S28+_bottom2,3.7470027081099033e-16,0.9999999999999897,1,1
33,3,Danny Amendola,0.094,6,0,S28+_bottom2,0.0,1.0,1,1
33,3,Ilona Maher,0.088,7,0,S28+_bottom2,6.938893903907228e-17,0.9999999999999961,1,1
33,3,Phaedra Parks,0.088,7,0,S28+_bottom2,0.0,0.9999999999999949,1,1
33,3,Dwight Howard ,0.082,9,0,S28+_bottom2,4.136137775089467e-15,0.9999999999999998,1,1
33,3,Eric Roberts,0.072,10,1,S28+_bottom2,0.0,0.31088061358313057,1,1
33,3,Reginald VelJohnson,0.066,11,1,S28+_bottom2,4.579669976578771e-16,0.6763428504077428,1,1
33,4,Danny Amendola,0.122,1,0,S28+_bottom2,6.914133330913972e-15,0.5287316185035729,1,1
33,4,Joey Graziadei,0.122,1,0,S28+_bottom2,3.696340423454982e-15,0.5287316185019317,1,1
33,4,Stephen Nedoroscik,0.112,3,0,S28+_bottom2,0.0,0.5287316184835079,1,1
33,4,Brooks Nader,0.109,4,1,S28+_bottom2,0.0,0.07252092135151478,1,1
33,4,Chandler Kinney,0.109,4,0,S28+_bottom2,6.427909126200257e-14,0.5287316186225495,1,1
33,4,Ilona Maher,0.109,4,0,S28+_bottom2,1.3453744296060018e-16,0.5287316184512831,1,1
33,4,Jenn Tran,0.109,4,0,S28+_bottom2,2.158766998071003e-17,0.5287316184601376,1,1
33,4,Phaedra Parks,0.109,4,0,S28+_bottom2,1.1146714907863924e-14,0.5287316186640882,1,1
33,4,Dwight Howard ,0.099,9,0,S28+_bottom2,0.15516087107521054,0.8993112389165944,1,1
33,5,Chandler Kinney,0.134,1,0,S28+_bottom2,4.440892098500626e-16,0.9999999999999996,1,1
33,5,Ilona Maher,0.129,2,0,S28+_bottom2,1.3877787807814457e-16,1.0,1,1
33,5,Joey Graziadei,0.129,2,0,S28+_bottom2,1.3877787807814457e-16,1.0,1,1
33,5,Danny Amendola,0.126,4,0,S28+_bottom2,1.3877787807814457e-17,1.0,1,1
33,5,Jenn Tran,0.126,4,0,S28+_bottom2,0.0,0.9999999999999992,1,1
33,5,Dwight Howard ,0.119,6,0,S28+_bottom2,3.86886739129366e-15,1.0,1,1
33,5,Phaedra Parks,0.119,6,1,S28+_bottom2,6.245004513516506e-16,0.2250087111750273,1,1
33,5,Stephen Nedoroscik,0.119,6,0,S28+_bottom2,3.37600690942395e-16,0.999999999999998,1,1
33,6,Chandler Kinney,0.155,1,0,S28+_bottom2,0.0,0.48638371137530256,1,1
33,6,Joey Graziadei,0.155,1,0,S28+_bottom2,8.326672684688674e-17,0.4863837113751865,1,1
33,6,Dwight Howard ,0.15,3,0,S28+_bottom2,0.0,0.48638371137050895,1,1
33,6,Jenn Tran,0.15,3,1,S28+_bottom2,0.0,0.08969190654236825,1,1
33,6,Danny Amendola,0.136,5,0,S28+_bottom2,0.07374355061165962,0.4986923897967739,1,1
33,6,Stephen Nedoroscik,0.136,5,0,S28+_bottom2,0.07374355061164334,0.49869238983035613,1,1
33,6,Ilona Maher,0.117,7,0,S28+_bottom2,0.19180206597072155,0.8390562335085976,1,1
33,7,Chandler Kinney,0.188,1,0,S28+_bottom2,0.0,0.9999999999999962,1,1
33,7,Joey Graziadei,0.172,2,0,S28+_bottom2,0.0,0.9999999999999959,1,1
33,7,Stephen Nedoroscik,0.169,3,0,S28+_bottom2,0.0,0.9999999999999957,1,1
33,7,Ilona Maher,0.162,4,0,S28+_bottom2,1.3877787807814457e-16,0.9999999999999999,1,1
33,7,Danny Amendola,0.159,5,0,S28+_bottom2,8.326672684688674e-17,1.0,1,1
33,7,Dwight Howard ,0.15,6,1,S28+_bottom2,1.1102230246251565e-16,0.4004127999919283,1,1
33,8,Chandler Kinney,0.207,1,0,S28+_bottom2,0.0,1.0,1,1
33,8,Joey Graziadei,0.207,1,0,S28+_bottom2,0.0,1.0,1,1
33,8,Ilona Maher,0.204,3,0,S28+_bottom2,0.0,1.0,1,1
33,8,Danny Amendola,0.193,4,0,S28+_bottom2,0.0,1.0,1,1
33,8,Stephen Nedoroscik,0.189,5,0,S28+_bottom2,0.0,1.0,1,1
33,9,Chandler Kinney,0.206,1,0,S28+_bottom2,0.0,1.0,1,1
33,9,Joey Graziadei,0.203,2,0,S28+_bottom2,0.0,1.0,1,1
33,9,Stephen Nedoroscik,0.203,2,0,S28+_bottom2,0.0,1.0,1,1
33,9,Ilona Maher,0.196,4,0,S28+_bottom2,0.0,1.0,1,1
33,9,Danny Amendola,0.192,5,0,S28+_bottom2,0.0,1.0,1,1
34,1,Robert Irwin,0.091,1,0,S28+_bottom2,0.0,1.0,1,1
34,1,Whitney Leavitt,0.091,1,0,S28+_bottom2,0.0,1.0,1,1
34,1,Hilaria Baldwin,0.085,3,0,S28+_bottom2,0.0,1.0,1,1
34,1,Alix Earle,0.079,4,0,S28+_bottom2,0.0,1.0,1,1
34,1,Lauren Jauregui,0.079,4,0,S28+_bottom2,0.0,1.0,1,1
34,1,Danielle Fishel,0.073,6,0,S28+_bottom2,0.0,1.0,1,1
34,1,Elaine Hendrix,0.073,6,0,S28+_bottom2,0.0,1.0,1,1
34,1,Jen Affleck,0.073,6,0,S28+_bottom2,0.0,1.0,1,1
34,1,Baron Davis,0.061,9,0,S28+_bottom2,0.0,1.0,1,1
34,1,Dylan Efron,0.061,9,0,S28+_bottom2,0.0,1.0,1,1
34,1,Jordan Chiles,0.061,9,0,S28+_bottom2,0.0,1.0,1,1
34,1,Scott Hoying,0.061,9,0,S28+_bottom2,0.0,1.0,1,1
34,1,Andy Richter,0.055,13,0,S28+_bottom2,0.0,1.0,1,1
34,1,Corey Feldman,0.055,13,0,S28+_bottom2,0.0,1.0,1,1
34,2,Jen Affleck,0.079,1,0,S28+_bottom2,0.0,0.968200561722801,1,1
34,2,Jordan Chiles,0.079,1,0,S28+_bottom2,4.156838334672945e-15,0.9682005617228033,1,1
34,2,Robert Irwin,0.079,1,0,S28+_bottom2,0.0,0.9682005617228056,1,1
34,2,Whitney Leavitt,0.079,1,0,S28+_bottom2,0.0,0.9682005617228107,1,1
34,2,Alix Earle,0.076,5,0,S28+_bottom2,0.0,0.968200561722807,1,1
34,2,Elaine Hendrix,0.076,5,0,S28+_bottom2,0.0,0.968200561722816,1,1
34,2,Hilaria Baldwin,0.076,5,0,S28+_bottom2,3.346802474594562e-15,0.9682005617228261,1,1
34,2,Lauren Jauregui,0.076,5,0,S28+_bottom2,0.0,0.9682005617228103,1,1
34,2,Dylan Efron,0.072,9,0,S28+_bottom2,1.249000902703301e-16,0.968200561722806,1,1
34,2,Danielle Fishel,0.068,10,0,S28+_bottom2,6.938893903907228e-17,0.9682005617228129,1,1
34,2,Baron Davis,0.065,11,1,S28+_bottom2,4.163336342344337e-16,0.18065925508552905,1,1
34,2,Scott Hoying,0.065,11,0,S28+_bottom2,0.0,0.9682005617228069,1,1
34,2,Andy Richter,0.058,13,0,S28+_bottom2,0.03867092543744003,0.9999999999999795,1,1
34,2,Corey Feldman,0.054,14,1,S28+_bottom2,0.0,0.4135677319079777,1,1
34,3,Jordan Chiles,0.093,1,0,S28+_bottom2,8.326672684688674e-17,0.9999999999999971,1,1
34,3,Whitney Leavitt,0.093,1,0,S28+_bottom2,5.967448757360216e-16,0.9999999999999964,1,1
34,3,Alix Earle,0.089,3,0,S28+_bottom2,5.551115123125783e-17,0.999999999999993,1,1
34,3,Dylan Efron,0.089,3,0,S28+_bottom2,8.326672684688674e-17,0.9999999999999984,1,1
34,3,Hilaria Baldwin,0.086,5,0,S28+_bottom2,5.134781488891349e-16,0.9999999999999981,1,1
34,3,Robert Irwin,0.086,5,0,S28+_bottom2,0.0,0.9999999999999963,1,1
34,3,Scott Hoying,0.086,5,0,S28+_bottom2,0.0,1.0,1,1
34,3,Danielle Fishel,0.082,8,0,S28+_bottom2,0.0,1.0,1,1
34,3,Elaine Hendrix,0.082,8,0,S28+_bottom2,1.1102230246251565e-16,0.9999999999999951,1,1
34,3,Jen Affleck,0.074,10,0,S28+_bottom2,1.3877787807814457e-16,0.9999999999999998,1,1
34,3,Andy Richter,0.07,11,0,S28+_bottom2,0.0,1.0,1,1
34,3,Lauren Jauregui,0.07,11,1,S28+_bottom2,0.0,0.24186858530000013,1,1
34,4,Whitney Leavitt,0.101,1,0,S28+_bottom2,5.3688671105304085e-15,0.4286039942687009,1,1
34,4,Alix Earle,0.097,2,0,S28+_bottom2,0.0,0.4286039942686907,1,1
34,4,Elaine Hendrix,0.097,2,0,S28+_bottom2,0.0,0.4286039942664923,1,1
34,4,Jordan Chiles,0.097,2,0,S28+_bottom2,1.1995437225935576e-15,0.42860399426812407,1,1
34,4,Dylan Efron,0.093,5,0,S28+_bottom2,8.008128197713652e-16,0.4286039943121738,1,1
34,4,Hilaria Baldwin,0.093,5,1,S28+_bottom2,0.0,0.04935166365691877,1,1
34,4,Jen Affleck,0.093,5,0,S28+_bottom2,0.0,0.42860399427044277,1,1
34,4,Robert Irwin,0.089,8,0,S28+_bottom2,0.0667278022326833,0.45501890638173775,1,1
34,4,Danielle Fishel,0.085,9,0,S28+_bottom2,0.09660125151091774,0.4858688982537125,1,1
34,4,Scott Hoying,0.085,9,0,S28+_bottom2,0.09660125151091778,0.4858688982521388,1,1
34,4,Andy Richter,0.073,11,0,S28+_bottom2,0.13751879180248172,0.7142307183793896,1,1
34,5,Dylan Efron,0.115,1,0,S28+_bottom2,0.0,1.0,1,1
34,5,Alix Earle,0.112,2,0,S28+_bottom2,0.0,1.0,1,1
34,5,Robert Irwin,0.112,2,0,S28+_bottom2,0.0,1.0,1,1
34,5,Whitney Leavitt,0.105,4,0,S28+_bottom2,0.0,1.0,1,1
34,5,Jordan Chiles,0.102,5,0,S28+_bottom2,0.0,1.0,1,1
34,5,Elaine Hendrix,0.096,6,0,S28+_bottom2,0.0,1.0,1,1
34,5,Scott Hoying,0.096,6,0,S28+_bottom2,0.0,1.0,1,1
34,5,Danielle Fishel,0.093,8,0,S28+_bottom2,0.0,1.0,1,1
34,5,Jen Affleck,0.093,8,0,S28+_bottom2,0.0,1.0,1,1
34,5,Andy Richter,0.077,10,0,S28+_bottom2,0.0,1.0,1,1
34,6,Jordan Chiles,0.115,1,0,S28+_bottom2,0.0,0.9774007438561169,1,1
34,6,Whitney Leavitt,0.115,1,0,S28+_bottom2,0.0,0.9774007438561209,1,1
34,6,Danielle Fishel,0.106,3,0,S28+_bottom2,2.636779683484747e-16,0.9774007438561131,1,1
34,6,Elaine Hendrix,0.106,3,0,S28+_bottom2,0.0,0.9774007438561135,1,1
34,6,Robert Irwin,0.106,3,0,S28+_bottom2,0.0,0.9774007438561129,1,1
34,6,Alix Earle,0.103,6,0,S28+_bottom2,0.0,0.9774007438561133,1,1
34,6,Dylan Efron,0.094,7,0,S28+_bottom2,0.0,0.9774007438561199,1,1
34,6,Jen Affleck,0.094,7,0,S28+_bottom2,1.3877787807814457e-16,0.9774007438561152,1,1
34,6,Scott Hoying,0.082,9,1,S28+_bottom2,0.0,0.26588811247086364,1,1
34,6,Andy Richter,0.079,10,0,S28+_bottom2,0.02237582996505554,1.0,1,1
34,7,Alix Earle,0.13,1,0,S28+_bottom2,0.0,0.9196419192643785,1,1
34,7,Whitney Leavitt,0.127,2,0,S28+_bottom2,0.0,0.9196419192968481,1,1
34,7,Robert Irwin,0.123,3,0,S28+_bottom2,3.0531133177191805e-16,0.9196419192643672,1,1
34,7,Dylan Efron,0.114,4,0,S28+_bottom2,0.0,0.9196419192710387,1,1
34,7,Jordan Chiles,0.114,4,0,S28+_bottom2,1.3877787807814457e-17,0.9196419192643618,1,1
34,7,Danielle Fishel,0.105,6,0,S28+_bottom2,2.498001805406602e-16,0.9196419192701664,1,1
34,7,Jen Affleck,0.102,7,1,S28+_bottom2,0.0,0.1856165016991702,1,1
34,7,Elaine Hendrix,0.096,8,0,S28+_bottom2,0.028931788530269363,0.9450693859788296,1,1
34,7,Andy Richter,0.087,9,0,S28+_bottom2,0.05190293590698422,0.9744587188738043,1,1
34,8,Whitney Leavitt,0.131,1,0,S28+_bottom2,2.8248082922809926e-16,0.9706106668494274,1,1
34,8,Jordan Chiles,0.129,2,0,S28+_bottom2,0.0,0.9706106668561045,1,1
34,8,Alix Earle,0.128,3,0,S28+_bottom2,8.326672684688674e-17,0.9706106668561164,1,1
34,8,Dylan Efron,0.126,4,0,S28+_bottom2,0.0,0.9706106668627286,1,1
34,8,Robert Irwin,0.126,4,0,S28+_bottom2,0.0,0.9706106668561064,1,1
34,8,Elaine Hendrix,0.124,6,0,S28+_bottom2,0.0,0.9706106668561103,1,1
34,8,Danielle Fishel,0.123,7,1,S28+_bottom2,2.498001805406602e-16,0.27081745033929566,1,1
34,8,Andy Richter,0.113,8,0,S28+_bottom2,0.028937778097552314,0.999999999999994,1,1
34,9,Dylan Efron,0.156,1,0,S28+_bottom2,2.7755575615628914e-17,1.0,1,1
34,9,Robert Irwin,0.156,1,0,S28+_bottom2,0.0,1.0,1,1
34,9,Whitney Leavitt,0.156,1,0,S28+_bottom2,5.689893001203927e-16,0.9999999999999951,1,1
34,9,Alix Earle,0.148,4,0,S28+_bottom2,2.498001805406602e-16,1.0,1,1
34,9,Jordan Chiles,0.144,5,0,S28+_bottom2,1.3877787807814457e-16,0.9999999999999999,1,1
34,9,Elaine Hendrix,0.133,6,0,S28+_bottom2,5.551115123125783e-17,0.9999999999999999,1,1
34,9,Andy Richter,0.107,7,1,S28+_bottom2,4.440892098500626e-16,0.41113166368316284,1,1
34,10,Robert Irwin,0.172,1,0,S28+_bottom2,1.5612511283791264e-15,0.33537174025610533,1,1
34,10,Alix Earle,0.169,2,0,S28+_bottom2,1.4085954624931674e-15,0.33537174024696803,1,1
34,10,Whitney Leavitt,0.169,2,1,S28+_bottom2,0.0,0.0807655893404774,1,1
34,10,Elaine Hendrix,0.166,4,0,S28+_bottom2,0.09539579946070863,0.3734301362070783,1,1
34,10,Jordan Chiles,0.166,4,0,S28+_bottom2,0.09539579946060535,0.3734301360110719,1,1
34,10,Dylan Efron,0.16,6,0,S28+_bottom2,0.2493949641219597,0.7534034244384227,1,1
34,11,Alix Earle,0.203,1,0,S28+_bottom2,0.0,1.0,1,1
34,11,Jordan Chiles,0.201,2,0,S28+_bottom2,0.0,1.0,1,1
34,11,Robert Irwin,0.201,2,0,S28+_bottom2,0.0,1.0,1,1
34,11,Dylan Efron,0.199,4,0,S28+_bottom2,0.0,1.0,1,1
34,11,Elaine Hendrix,0.196,5,0,S28+_bottom2,0.0,1.0,1,1
