season,week,celebrity_name,judge_percent,judge_rank,eliminated_this_week,rule_type,baseline_share,min_feasible_share,max_feasible_share
1,1,Joey McIntyre,0.183,1,0,S1-2_rank,0.19117990902153495,0.0,0.9999999999999987
1,1,John O'Hurley,0.183,1,0,S1-2_rank,0.18420009985184235,0.0,1.0
1,1,Rachel Hunter,0.183,1,0,S1-2_rank,0.14502504021185395,1.4795401647362023e-16,0.9999999999999976
1,1,Evander Holyfield,0.165,4,0,S1-2_rank,0.17825943245351356,0.0,0.9999999999999925
1,1,Trista Sutter,0.165,4,0,S1-2_rank,0.11713540630222855,0.0,1.0
1,1,Kelly Monaco,0.119,6,0,S1-2_rank,0.18420011215902657,0.0,0.9999999999999987
1,2,John O'Hurley,0.215,1,0,S1-2_rank,0.18992843129312906,0.0,0.8523642898048831
1,2,Rachel Hunter,0.198,2,0,S1-2_rank,0.13879753914832713,0.0,0.852364289807538
1,2,Joey McIntyre,0.174,3,0,S1-2_rank,0.19876784308300705,0.0,0.8523642898087099
1,2,Trista Sutter,0.157,4,1,S1-2_rank,0.10022912952296323,2.576607064970155e-16,0.19223608368300474
1,2,Kelly Monaco,0.14,5,0,S1-2_rank,0.18992843731554476,0.04470104301573477,0.8901387887013791
1,2,Evander Holyfield,0.116,6,0,S1-2_rank,0.18234861963702884,0.09105071580237811,0.9576351072861952
1,3,Rachel Hunter,0.245,1,0,S1-2_rank,0.14125637843708633,0.0,0.9999999999999779
1,3,John O'Hurley,0.226,2,0,S1-2_rank,0.22391123664878693,3.321793363973414e-17,0.9999999999999745
1,3,Joey McIntyre,0.208,3,0,S1-2_rank,0.23716550214090984,0.0,1.0
1,3,Kelly Monaco,0.198,4,0,S1-2_rank,0.22391123137230354,1.6374841566088504e-15,0.9999999999999997
1,3,Evander Holyfield,0.123,5,1,S1-2_rank,0.17375565140091342,2.7755575615628914e-17,0.44789452973952393
1,4,Kelly Monaco,0.283,1,0,S1-2_rank,0.2791669758959249,2.4515323306642165e-13,0.4713225339567234
1,4,Rachel Hunter,0.272,2,1,S1-2_rank,0.14195450263499232,0.0,0.19506874131898586
1,4,John O'Hurley,0.228,3,0,S1-2_rank,0.2791669983343197,0.07563075430562664,0.4999818441473341
1,4,Joey McIntyre,0.217,4,0,S1-2_rank,0.29971152313476324,0.29970297418980335,0.919528109333501
1,5,John O'Hurley,0.37,1,0,S1-2_rank,0.3659718893152155,6.071225286696642e-11,1.0
1,5,Kelly Monaco,0.322,2,0,S1-2_rank,0.3659718655402639,2.4341639814906557e-14,1.0
1,5,Joey McIntyre,0.308,3,1,S1-2_rank,0.2680562451445205,1.1102230246251565e-16,0.6782458608378269
1,6,Kelly Monaco,0.505,1,0,S1-2_rank,0.4999999953934841,0.0,1.0
1,6,John O'Hurley,0.495,2,0,S1-2_rank,0.500000004606516,0.0,1.0
2,1,Drew Lachey,0.123,1,0,S1-2_rank,0.10610361826792712,1.124100812432971e-15,0.977400743856397
2,1,Giselle Fernandez,0.118,2,0,S1-2_rank,0.08470181240691782,0.0,0.9774007447268672
2,1,Tatum O'Neal,0.118,2,0,S1-2_rank,0.09258040975555222,3.891317112974017e-16,0.9774007447268285
2,1,Stacy Keibler,0.113,4,0,S1-2_rank,0.10610362888260873,0.0,0.9774007438563177
2,1,Jerry Rice,0.108,5,0,S1-2_rank,0.10610362800500532,2.8355231267064804e-16,0.9774007447265062
2,1,Tia Carrere,0.103,6,0,S1-2_rank,0.10070186036507443,0.0,0.9774007447265227
2,1,Lisa Rinna,0.097,7,0,S1-2_rank,0.10253094692518942,0.0,0.9774007438561167
2,1,George Hamilton,0.092,8,0,S1-2_rank,0.10174311217426733,0.0,0.9774007447265929
2,1,Kenny Mayne,0.067,9,1,S1-2_rank,0.08412206277061351,1.1895449118880254e-14,0.2232515725699618
2,1,Master P,0.062,10,0,S1-2_rank,0.11530892044684403,0.022375829301226953,1.0
2,2,Stacy Keibler,0.145,1,0,S1-2_rank,0.11771100959882114,1.111518152056724e-16,0.9744587188740471
2,2,Drew Lachey,0.135,2,0,S1-2_rank,0.11771100191726694,0.0,0.9744587188728131
2,2,Giselle Fernandez,0.12,3,0,S1-2_rank,0.08504523097580113,1.7309310802952759e-15,0.974458718872495
2,2,Jerry Rice,0.115,4,0,S1-2_rank,0.11771100795895253,8.716880429261383e-16,0.9744587188727729
2,2,George Hamilton,0.11,5,0,S1-2_rank,0.11125224872885114,5.298129736865594e-15,0.9744587188724444
2,2,Tia Carrere,0.11,5,0,S1-2_rank,0.10969665586935665,0.0,0.9744587188727749
2,2,Lisa Rinna,0.1,7,0,S1-2_rank,0.11242575206331984,4.4389869100364393e-16,0.9744587188728608
2,2,Tatum O'Neal,0.085,8,1,S1-2_rank,0.09737086401490223,0.0,0.2515488105434478
2,2,Master P,0.08,9,0,S1-2_rank,0.13107622887272846,0.02523026138925747,0.9999999999999993
2,3,Drew Lachey,0.148,1,0,S1-2_rank,0.13401321613652112,3.503612478367228e-15,0.8128021814688007
2,3,Stacy Keibler,0.148,1,0,S1-2_rank,0.13401322191053602,4.528249106862654e-16,0.8128021883318088
2,3,Tia Carrere,0.143,3,0,S1-2_rank,0.11986061858971322,2.738401971351337e-15,0.8128021819323182
2,3,Lisa Rinna,0.137,4,0,S1-2_rank,0.12471842209044993,1.9615289997429767e-16,0.812802181468799
2,3,George Hamilton,0.121,5,0,S1-2_rank,0.12263459673738093,0.0,0.812802181932415
2,3,Giselle Fernandez,0.121,5,1,S1-2_rank,0.07383101221673762,0.0,0.1303384816886173
2,3,Jerry Rice,0.104,7,0,S1-2_rank,0.13401322125676512,0.060213049301638795,0.8717525667588014
2,3,Master P,0.077,8,0,S1-2_rank,0.15691569106189593,0.09736546523781521,0.9350358516484586
2,4,Drew Lachey,0.177,1,0,S1-2_rank,0.1535041449722562,1.6653345369377348e-16,1.0
2,4,Lisa Rinna,0.165,2,0,S1-2_rank,0.1357859486096975,6.563406444695936e-16,0.9999999999999993
2,4,Stacy Keibler,0.165,2,0,S1-2_rank,0.153504143652033,0.0,1.0
2,4,Tia Carrere,0.158,4,0,S1-2_rank,0.1263636212459443,0.0,0.9999999999999987
2,4,Jerry Rice,0.152,5,0,S1-2_rank,0.1535041474281453,9.701170173466298e-17,0.9999999999999983
2,4,George Hamilton,0.133,6,0,S1-2_rank,0.1317577197909605,0.0,0.9999999999999991
2,4,Master P,0.051,7,1,S1-2_rank,0.1455802743009631,0.0,0.41113165840883026
2,5,Stacy Keibler,0.199,1,0,S1-2_rank,0.18698048877828938,0.0,1.0
2,5,Drew Lachey,0.179,2,0,S1-2_rank,0.18698050768766458,1.6653345369377348e-16,1.0
2,5,Lisa Rinna,0.166,3,0,S1-2_rank,0.15470651083237397,0.0,1.0
2,5,George Hamilton,0.159,4,0,S1-2_rank,0.14722812523463055,0.0,0.9999999999999993
2,5,Jerry Rice,0.152,5,0,S1-2_rank,0.18698050275004058,1.8210181682797198e-17,1.0
2,5,Tia Carrere,0.146,6,1,S1-2_rank,0.13712386471700086,1.0198731800143351e-16,0.27937406114239244
2,6,Drew Lachey,0.226,1,0,S1-2_rank,0.22520259709228005,2.7755575615628914e-16,1.0
2,6,Stacy Keibler,0.226,1,0,S1-2_rank,0.22520256038755876,0.0,0.9999999994372858
2,6,Lisa Rinna,0.203,3,0,S1-2_rank,0.16889906857362694,0.0,1.0
2,6,George Hamilton,0.173,4,1,S1-2_rank,0.15549320340095701,0.0,0.35992430668927344
2,6,Jerry Rice,0.173,4,0,S1-2_rank,0.22520257054557727,7.830827375432392e-10,1.0
2,7,Drew Lachey,0.27,1,0,S1-2_rank,0.27367952686364805,0.0,0.919528109677368
2,7,Stacy Keibler,0.27,1,0,S1-2_rank,0.27367948615824306,0.0,0.9195281093480976
2,7,Lisa Rinna,0.26,3,1,S1-2_rank,0.17896150892136461,0.0,0.33331207567282145
2,7,Jerry Rice,0.201,4,0,S1-2_rank,0.27367947805674436,0.07563075430566342,1.0
2,8,Drew Lachey,0.344,1,0,S1-2_rank,0.3333333699837746,0.0,1.0
2,8,Stacy Keibler,0.34,2,0,S1-2_rank,0.3333333305776684,8.756052933765056e-17,1.0
2,8,Jerry Rice,0.316,3,0,S1-2_rank,0.3333332994385569,0.0,1.0
3,1,Mario Lopez,0.123,1,0,S3-27_percent,0.09704772900340121,2.2478204762728774e-16,0.999999999999998
3,1,Emmitt Smith,0.113,2,0,S3-27_percent,0.09704749910188841,0.0,1.0
3,1,Vivica A. Fox,0.104,3,0,S3-27_percent,0.08851556874602813,9.71445146547012e-17,0.9999999999999933
3,1,Willa Ford,0.104,3,0,S3-27_percent,0.09025066384912221,4.463028825176158e-16,0.9999999999999992
3,1,Joey Lawrence,0.099,5,0,S3-27_percent,0.0944313627532463,0.0,1.0
3,1,Monique Coleman,0.09,6,0,S3-27_percent,0.09409358975093157,0.0,1.0
3,1,Shanna Moakler,0.085,7,0,S3-27_percent,0.08543122676332335,0.0,0.9999999999999993
3,1,Harry Hamlin,0.08,8,0,S3-27_percent,0.08870275125417322,0.0,0.9999999999999964
3,1,Jerry Springer,0.075,9,0,S3-27_percent,0.09377296795059487,3.4429749971364153e-17,1.0
3,1,Sara Evans,0.071,10,0,S3-27_percent,0.0920464666059667,0.0,1.0
3,1,Tucker Carlson,0.057,11,1,S3-27_percent,0.0786601742213241,1.4926304688322563e-17,0.12490909090909084
3,2,Joey Lawrence,0.126,1,0,S3-27_percent,0.10356856973575335,0.0,0.972000000000002
3,2,Monique Coleman,0.113,2,0,S3-27_percent,0.10305168728455077,1.6653397086226132e-16,0.9719999999999995
3,2,Emmitt Smith,0.104,3,0,S3-27_percent,0.10755107402034865,8.326672684688674e-17,0.971999999999997
3,2,Vivica A. Fox,0.104,3,0,S3-27_percent,0.0944178288902629,0.0,0.9719999999999954
3,2,Willa Ford,0.1,5,0,S3-27_percent,0.09712361428250098,7.407269242420966e-16,0.9719999999999982
3,2,Shanna Moakler,0.096,6,1,S3-27_percent,0.08956013497577717,0.0,0.10389999999999966
3,2,Harry Hamlin,0.091,7,0,S3-27_percent,0.09471096533087797,0.005000000000000828,0.9770000000000016
3,2,Mario Lopez,0.091,7,0,S3-27_percent,0.1075512937994372,0.0050000000000000305,0.9770000000000016
3,2,Sara Evans,0.091,7,0,S3-27_percent,0.09990469670471375,0.004999999999999865,0.9769999999999991
3,2,Jerry Springer,0.083,10,0,S3-27_percent,0.10256013497577716,0.012999999999999842,0.9849999999999988
3,3,Monique Coleman,0.13,1,0,S3-27_percent,0.11468387661467913,0.0,0.9810000000000003
3,3,Vivica A. Fox,0.13,1,0,S3-27_percent,0.09861896433145052,0.0,0.9810000000000014
3,3,Sara Evans,0.121,3,0,S3-27_percent,0.1088863249339721,0.0,0.9809999999999999
3,3,Harry Hamlin,0.106,4,1,S3-27_percent,0.09917291968518005,1.4780297358752675e-15,0.11599999999999996
3,3,Joey Lawrence,0.106,4,0,S3-27_percent,0.11562959219026994,4.649058915617843e-16,0.9810000000000014
3,3,Mario Lopez,0.106,4,0,S3-27_percent,0.12286559598875607,0.0,0.9810000000000016
3,3,Willa Ford,0.106,4,0,S3-27_percent,0.1037082186791404,2.1591929880500636e-17,0.9810000000000013
3,3,Jerry Springer,0.101,8,0,S3-27_percent,0.11356903344846632,0.00500000000000031,0.9859999999999955
3,3,Emmitt Smith,0.092,9,0,S3-27_percent,0.12286547412808538,0.01399999999999997,0.9949999999999938
3,4,Mario Lopez,0.146,1,0,S3-27_percent,0.14442935456527506,1.9994745089533764e-16,0.9700000000000001
3,4,Willa Ford,0.141,2,0,S3-27_percent,0.10806696741054579,0.0,0.9700000000000012
3,4,Joey Lawrence,0.136,3,0,S3-27_percent,0.13090524048722532,2.1429766087451614e-17,0.9699999999999982
3,4,Emmitt Smith,0.121,4,0,S3-27_percent,0.14442926492448052,5.551115123125783e-17,0.9700000000000012
3,4,Monique Coleman,0.121,4,0,S3-27_percent,0.12912008714464074,0.0,0.9700000000000004
3,4,Vivica A. Fox,0.121,4,1,S3-27_percent,0.09807801981569453,0.0,0.1287499999999997
3,4,Jerry Springer,0.111,7,0,S3-27_percent,0.1268930458364434,0.009999999999999542,0.9799999999999979
3,4,Sara Evans,0.101,8,0,S3-27_percent,0.11807801981569462,0.019999999999999785,0.9899999999999961
3,5,Emmitt Smith,0.149,1,0,S3-27_percent,0.1734706661744399,1.942890293094024e-16,0.9730000000000021
3,5,Mario Lopez,0.149,1,0,S3-27_percent,0.1734707331123376,0.0,0.9729999999999985
3,5,Monique Coleman,0.149,1,0,S3-27_percent,0.14543208672344773,0.0,0.9729999999999964
3,5,Willa Ford,0.149,1,1,S3-27_percent,0.10540110632427863,8.343722355055561e-17,0.16216666666666663
3,5,Joey Lawrence,0.138,5,0,S3-27_percent,0.1487428734385589,0.010999999999999857,0.9840000000000013
3,5,Jerry Springer,0.133,6,0,S3-27_percent,0.1412223795612623,0.0159999999999996,0.989000000000001
3,5,Sara Evans,0.133,6,1,S3-27_percent,0.11226015466567484,0.0,0.17549999999999985
3,6,Mario Lopez,0.237,1,0,S3-27_percent,0.2300898811708049,1.3354943283869565e-16,0.9999999999999982
3,6,Emmitt Smith,0.212,2,0,S3-27_percent,0.23008959150192224,0.0,1.0
3,6,Joey Lawrence,0.203,3,0,S3-27_percent,0.18646865968127668,0.0,0.9999999999999991
3,6,Monique Coleman,0.195,4,0,S3-27_percent,0.18050655008118532,2.1564327297169338e-16,0.9999999999999972
3,6,Jerry Springer,0.153,5,0,S3-27_percent,0.17284531756481092,0.0,1.0
3,7,Emmitt Smith,0.211,1,0,S3-27_percent,0.2505660398725441,2.220446049250313e-16,1.0
3,7,Joey Lawrence,0.211,1,0,S3-27_percent,0.17754185276287118,0.0,1.0
3,7,Mario Lopez,0.207,3,0,S3-27_percent,0.2505665933551589,0.0,1.0
3,7,Monique Coleman,0.2,4,0,S3-27_percent,0.16730361685857237,0.0,1.0
3,7,Jerry Springer,0.17,5,1,S3-27_percent,0.1540218971508534,0.0,0.22980000000000045
3,8,Mario Lopez,0.261,1,0,S3-27_percent,0.3141985565431586,1.8722773914461692e-16,1.0
3,8,Emmitt Smith,0.248,2,0,S3-27_percent,0.3141976227124478,0.0,1.0
3,8,Joey Lawrence,0.248,2,0,S3-27_percent,0.19454404210201856,0.0,0.9999999999999982
3,8,Monique Coleman,0.243,4,1,S3-27_percent,0.17705977864237515,0.0,0.25700000000000045
3,9,Emmitt Smith,0.333,1,0,S3-27_percent,0.3967500631724636,0.0,1.0
3,9,Joey Lawrence,0.333,1,1,S3-27_percent,0.20649849241464743,0.0,0.3333333333333328
3,9,Mario Lopez,0.333,1,0,S3-27_percent,0.396751444412889,0.0,1.0
3,10,Emmitt Smith,0.5,1,0,S3-27_percent,0.499999263129789,0.0,0.9999999999999958
3,10,Mario Lopez,0.5,1,0,S3-27_percent,0.5000007368702111,4.3298697960381105e-15,1.0
4,1,Joey Fatone,0.117,1,0,S3-27_percent,0.0930233504798119,2.7632751789711843e-17,1.0
4,1,Laila Ali,0.112,2,0,S3-27_percent,0.09302359239115772,7.565841733408758e-17,0.9999999999999973
4,1,Apolo Anton Ohno,0.102,3,0,S3-27_percent,0.09302379835984906,3.191891195797325e-16,1.0
4,1,Ian Ziering,0.102,3,0,S3-27_percent,0.09213914662217534,2.7993338753444465e-16,0.9999999999999982
4,1,Paulina Porizkova,0.092,5,0,S3-27_percent,0.08408274749621829,5.454651573514504e-17,1.0
4,1,Shandi Finnessey,0.092,5,0,S3-27_percent,0.08660508447652764,0.0,0.9999999999999998
4,1,Heather Mills,0.087,7,0,S3-27_percent,0.09081346245998817,2.2534491671257108e-17,0.9999999999999991
4,1,John Ratzenberger,0.083,8,0,S3-27_percent,0.09186686165112083,4.714690704224595e-16,0.9999999999999982
4,1,Clyde Drexler,0.078,9,0,S3-27_percent,0.09338338113761148,1.8737631573040844e-17,0.9999999999999968
4,1,Leeza Gibbons,0.073,10,0,S3-27_percent,0.08986677196008148,0.0,1.0
4,1,Billy Ray Cyrus,0.063,11,0,S3-27_percent,0.0921718029654581,0.0,1.0
4,2,Laila Ali,0.11,1,0,S3-27_percent,0.09419868079237516,1.9298939533525387e-16,0.983
4,2,Apolo Anton Ohno,0.106,2,0,S3-27_percent,0.09419886362726518,2.3592239273284576e-16,0.9830000000000008
4,2,Heather Mills,0.098,3,0,S3-27_percent,0.09078627938164376,1.0289627914647261e-16,0.9830000000000003
4,2,Joey Fatone,0.098,3,0,S3-27_percent,0.09419843082291889,1.0272877994361832e-16,0.9829999999999977
4,2,Ian Ziering,0.09,5,0,S3-27_percent,0.0928368100485473,3.1376818801735963e-16,0.9830000000000025
4,2,Billy Ray Cyrus,0.086,6,0,S3-27_percent,0.09288697902565043,1.9081958235744878e-17,0.9829999999999997
4,2,John Ratzenberger,0.086,6,0,S3-27_percent,0.09241634184493733,4.060131228539073e-16,0.983000000000001
4,2,Leeza Gibbons,0.086,6,0,S3-27_percent,0.0893153878132221,3.031626320415472e-16,0.9829999999999965
4,2,Paulina Porizkova,0.086,6,1,S3-27_percent,0.0802053934739044,0.0,0.09590909090909094
4,2,Shandi Finnessey,0.082,10,0,S3-27_percent,0.0842053934739045,0.004000000000000212,0.9869999999999983
4,2,Clyde Drexler,0.073,11,0,S3-27_percent,0.09475143969563107,0.013000000000000208,0.9960000000000044
4,3,Heather Mills,0.11,1,0,S3-27_percent,0.09804598564451161,0.0,0.972999999999999
4,3,Ian Ziering,0.11,1,0,S3-27_percent,0.10193842737213486,0.0,0.9729999999999999
4,3,Joey Fatone,0.11,1,0,S3-27_percent,0.10450519828134314,1.5159054240775188e-17,0.9729999999999994
4,3,Leeza Gibbons,0.11,1,0,S3-27_percent,0.09523457694400717,5.749933026110346e-17,0.9729999999999984
4,3,Apolo Anton Ohno,0.106,5,0,S3-27_percent,0.10450577640985874,0.0,0.9730000000000034
4,3,Billy Ray Cyrus,0.096,6,0,S3-27_percent,0.10203307429034691,0.0,0.9730000000000053
4,3,Laila Ali,0.096,6,0,S3-27_percent,0.10450562862399483,0.0,0.9729999999999971
4,3,Shandi Finnessey,0.096,6,1,S3-27_percent,0.08254432138602064,9.130892439961035e-16,0.1039
4,3,John Ratzenberger,0.092,9,0,S3-27_percent,0.10114268966176143,0.004000000000000426,0.9769999999999954
4,3,Clyde Drexler,0.073,10,0,S3-27_percent,0.10554432138602074,0.022999999999999656,0.9960000000000009
4,4,Joey Fatone,0.147,1,0,S3-27_percent,0.11736723400469531,0.0,0.9950000000000008
4,4,Apolo Anton Ohno,0.137,2,0,S3-27_percent,0.11736771065248325,0.0,0.9949999999999938
4,4,Ian Ziering,0.126,3,0,S3-27_percent,0.11235166227809547,4.6307840210081056e-18,0.994999999999999
4,4,Heather Mills,0.121,4,0,S3-27_percent,0.10467081936489069,6.476421147497927e-17,0.9949999999999983
4,4,Billy Ray Cyrus,0.111,5,0,S3-27_percent,0.11253700156071396,1.0859368959614812e-15,0.9950000000000023
4,4,Laila Ali,0.111,5,0,S3-27_percent,0.11736749554479695,3.284457593518638e-16,0.9949999999999983
4,4,John Ratzenberger,0.084,7,0,S3-27_percent,0.11078871585631987,3.7015192826441475e-17,0.9950000000000001
4,4,Leeza Gibbons,0.084,7,1,S3-27_percent,0.0990640275496562,2.266788152095025e-16,0.13822222222222214
4,4,Clyde Drexler,0.079,9,0,S3-27_percent,0.10848533318834837,0.004999999999999517,0.9999999999999989
4,5,Apolo Anton Ohno,0.17,1,0,S3-27_percent,0.13487661450190272,1.942890293094024e-16,0.9999999999999989
4,5,Laila Ali,0.159,2,0,S3-27_percent,0.13487655480630836,0.0,0.9999999999999984
4,5,Joey Fatone,0.142,3,0,S3-27_percent,0.13487624378465116,5.452632442591482e-17,0.9999999999999994
4,5,Ian Ziering,0.136,4,0,S3-27_percent,0.1252286011334781,0.0,0.9999999999999978
4,5,Heather Mills,0.119,5,0,S3-27_percent,0.11021835453140262,3.0531133177191805e-16,1.0
4,5,John Ratzenberger,0.102,6,0,S3-27_percent,0.12219790643111102,1.5130501820752126e-17,1.0
4,5,Billy Ray Cyrus,0.097,7,0,S3-27_percent,0.12558660839243674,6.591949208711867e-17,1.0
4,5,Clyde Drexler,0.074,8,1,S3-27_percent,0.1121391164187093,2.56405721180503e-18,0.17587500000000014
4,6,Apolo Anton Ohno,0.165,1,0,S3-27_percent,0.1579624381885644,0.0,0.9660000000000027
4,6,Laila Ali,0.165,1,0,S3-27_percent,0.15796245868768416,2.6452113251775223e-16,0.9659999999999999
4,6,Joey Fatone,0.159,3,0,S3-27_percent,0.15796235770365033,1.0061396160665481e-16,0.9659999999999999
4,6,Ian Ziering,0.141,4,0,S3-27_percent,0.13997148728166978,0.0,0.966
4,6,Heather Mills,0.135,5,1,S3-27_percent,0.11124816190707452,0.0,0.15085714285714236
4,6,Billy Ray Cyrus,0.124,6,0,S3-27_percent,0.1406449343242823,0.010999999999999595,0.9769999999999968
4,6,John Ratzenberger,0.112,7,0,S3-27_percent,0.1342481619070745,0.023000000000000215,0.9889999999999998
4,7,Joey Fatone,0.191,1,0,S3-27_percent,0.18628027111514678,2.0564718477738255e-16,0.9769999999999991
4,7,Laila Ali,0.191,1,0,S3-27_percent,0.18628019343821678,0.0,0.9769999999999983
4,7,Apolo Anton Ohno,0.175,3,0,S3-27_percent,0.18628025857561634,8.326672684688674e-17,0.9770000000000001
4,7,Ian Ziering,0.175,3,0,S3-27_percent,0.15390051032481372,7.006661482893833e-17,0.9769999999999984
4,7,John Ratzenberger,0.146,5,1,S3-27_percent,0.13212938327310322,0.0,0.1875000000000002
4,7,Billy Ray Cyrus,0.123,6,0,S3-27_percent,0.15512938327310313,0.023000000000001034,0.9999999999999981
4,8,Apolo Anton Ohno,0.231,1,0,S3-27_percent,0.22405658300039716,0.0,0.9999999999999987
4,8,Joey Fatone,0.219,2,0,S3-27_percent,0.22405686374599693,3.608224830031759e-16,0.9999999999999984
4,8,Laila Ali,0.211,3,0,S3-27_percent,0.2240565919388871,1.2764325201524845e-16,0.9999999999999983
4,8,Ian Ziering,0.187,4,0,S3-27_percent,0.1677407768686607,0.0,0.9999999999999991
4,8,Billy Ray Cyrus,0.151,5,1,S3-27_percent,0.16008918444605813,2.0726872512773886e-16,0.24879999999999947
4,9,Joey Fatone,0.253,1,0,S3-27_percent,0.27368169006665033,5.551115123125783e-17,1.0
4,9,Laila Ali,0.253,1,0,S3-27_percent,0.2736813684462171,0.0,0.9999999999999973
4,9,Apolo Anton Ohno,0.249,3,0,S3-27_percent,0.27368152590859546,0.0,0.999999999999998
4,9,Ian Ziering,0.245,4,1,S3-27_percent,0.1789554155785372,1.6449236898868663e-16,0.25499999999999984
4,10,Apolo Anton Ohno,0.34,1,0,S3-27_percent,0.33333332797893395,0.0,0.9999999999999988
4,10,Joey Fatone,0.332,2,0,S3-27_percent,0.333333577005386,7.494005416219807e-16,1.0
4,10,Laila Ali,0.328,3,0,S3-27_percent,0.33333309501568004,0.0,1.0
5,1,Sabrina Bryan,0.101,1,0,S3-27_percent,0.08436809022921644,1.2151704138565643e-16,0.9999999999999984
5,1,Helio Castroneves,0.097,2,0,S3-27_percent,0.08622175474353515,1.3574486114965385e-17,0.999999999999996
5,1,Jane Seymour,0.093,3,0,S3-27_percent,0.08512191347891104,1.690158661437109e-16,1.0
5,1,Mel B,0.093,3,0,S3-27_percent,0.08622166650048914,0.0,1.0
5,1,Albert Reed,0.082,5,0,S3-27_percent,0.07252356278189544,1.6653345369377348e-16,1.0
5,1,Cameron Mathison,0.082,5,0,S3-27_percent,0.08518403868227144,0.0,0.9999999999999988
5,1,Jennie Garth,0.082,5,0,S3-27_percent,0.08537193407245804,0.0,1.0
5,1,Marie Osmond,0.082,5,0,S3-27_percent,0.08622193921297054,1.3877787807814457e-17,0.9999999999999998
5,1,Mark Cuban,0.082,5,0,S3-27_percent,0.08404992306813004,1.474514954580286e-16,0.9999999999999989
5,1,Wayne Newton,0.074,10,0,S3-27_percent,0.08790588496863536,0.0,0.9999999999999996
5,1,Floyd Mayweather Jr. ,0.07,11,0,S3-27_percent,0.08322178752786843,0.0,1.0
5,1,Josie Maran,0.062,12,1,S3-27_percent,0.07358750473361904,0.0,0.10466666666666664
5,2,Helio Castroneves,0.113,1,0,S3-27_percent,0.09414418161789034,1.4751292740711752e-16,0.9630000000000007
5,2,Sabrina Bryan,0.109,2,0,S3-27_percent,0.09120379631731035,1.630217264221611e-16,0.9629999999999966
5,2,Marie Osmond,0.101,3,0,S3-27_percent,0.09414432067434304,3.198007993912917e-16,0.9629999999999963
5,2,Mel B,0.097,4,0,S3-27_percent,0.09414408600379955,3.7953420849794307e-16,0.9630000000000007
5,2,Albert Reed,0.088,5,1,S3-27_percent,0.07179537968794203,0.0,0.09372727272727249
5,2,Cameron Mathison,0.088,5,0,S3-27_percent,0.09250103912434975,0.0,0.9630000000000011
5,2,Floyd Mayweather Jr. ,0.088,5,0,S3-27_percent,0.08937351560646094,0.0,0.9629999999999994
5,2,Jane Seymour,0.088,5,0,S3-27_percent,0.09240246171389684,5.827007504161544e-16,0.9629999999999993
5,2,Jennie Garth,0.088,5,0,S3-27_percent,0.09279911586963234,0.0,0.9629999999999995
5,2,Mark Cuban,0.076,10,0,S3-27_percent,0.09069672369643283,0.012000000000000163,0.9750000000000014
5,2,Wayne Newton,0.063,11,0,S3-27_percent,0.09679537968794204,0.02500000000000016,0.9879999999999975
5,3,Jane Seymour,0.113,1,0,S3-27_percent,0.10047247342062836,2.1830389059010664e-17,0.9999999999999998
5,3,Mel B,0.113,1,0,S3-27_percent,0.10378972789301366,0.0,0.9999999999999999
5,3,Sabrina Bryan,0.113,1,0,S3-27_percent,0.09817615823707175,0.0,1.0
5,3,Jennie Garth,0.109,4,0,S3-27_percent,0.10123000037650096,1.9107535299901316e-17,1.0
5,3,Marie Osmond,0.109,4,0,S3-27_percent,0.10378984464390335,0.0,0.9999999999999989
5,3,Helio Castroneves,0.1,6,0,S3-27_percent,0.10378981898480195,0.0,1.0
5,3,Cameron Mathison,0.096,7,0,S3-27_percent,0.10066085507629216,1.3877787807814457e-16,1.0
5,3,Floyd Mayweather Jr. ,0.088,8,0,S3-27_percent,0.09464826081483725,0.0,1.0
5,3,Mark Cuban,0.084,9,0,S3-27_percent,0.09720147290270055,1.673070273474231e-17,0.9999999999999996
5,3,Wayne Newton,0.075,10,1,S3-27_percent,0.09624138765024995,0.0,0.12500000000000022
5,4,Sabrina Bryan,0.128,1,0,S3-27_percent,0.10669769489802965,0.0,0.9960000000000033
5,4,Cameron Mathison,0.115,2,0,S3-27_percent,0.11161952964276606,0.0,0.9960000000000018
5,4,Helio Castroneves,0.115,2,0,S3-27_percent,0.11776485061608606,2.3592239273284576e-16,0.9959999999999987
5,4,Jennie Garth,0.115,2,0,S3-27_percent,0.11274172038864766,6.785158828138888e-17,0.9960000000000004
5,4,Jane Seymour,0.111,5,0,S3-27_percent,0.11124771804653885,1.186550857568136e-15,0.9959999999999976
5,4,Marie Osmond,0.111,5,0,S3-27_percent,0.11776474872980196,2.4363674017289755e-16,0.9959999999999986
5,4,Mel B,0.111,5,0,S3-27_percent,0.11776478619736926,6.784776222584164e-17,0.9960000000000004
5,4,Floyd Mayweather Jr. ,0.098,8,1,S3-27_percent,0.09964239115805344,0.0,0.12399999999999974
5,4,Mark Cuban,0.094,9,0,S3-27_percent,0.10475656032270714,0.00399999999999983,1.0
5,5,Mel B,0.146,1,0,S3-27_percent,0.13510085942231864,0.0,0.9999999999999941
5,5,Sabrina Bryan,0.141,2,0,S3-27_percent,0.11364568304228824,9.957312752106873e-16,0.9999999999999998
5,5,Cameron Mathison,0.131,3,0,S3-27_percent,0.12325952357369835,0.0,1.0
5,5,Jane Seymour,0.131,3,0,S3-27_percent,0.12253744913374834,0.0,1.0
5,5,Jennie Garth,0.126,5,0,S3-27_percent,0.12543490756107945,0.0,0.9999999999999969
5,5,Helio Castroneves,0.116,6,0,S3-27_percent,0.13510080741671956,0.0,1.0
5,5,Marie Osmond,0.106,7,0,S3-27_percent,0.13510060610213587,2.049238510103491e-16,1.0
5,5,Mark Cuban,0.106,7,1,S3-27_percent,0.10982016374801154,0.0,0.144375
5,6,Mel B,0.167,1,0,S3-27_percent,0.15773207657294772,0.0,0.9719999999999993
5,6,Helio Castroneves,0.156,2,0,S3-27_percent,0.15773197344375284,0.0,0.971999999999998
5,6,Jennie Garth,0.15,3,0,S3-27_percent,0.13971156770946241,2.600218021072165e-16,0.9720000000000011
5,6,Cameron Mathison,0.139,4,0,S3-27_percent,0.13560831159167022,0.0,0.9720000000000021
5,6,Sabrina Bryan,0.139,4,1,S3-27_percent,0.11724216443805013,9.91170425786234e-16,0.14685714285714407
5,6,Marie Osmond,0.128,6,0,S3-27_percent,0.15773174180606653,0.010999999999999783,0.9830000000000001
5,6,Jane Seymour,0.122,7,0,S3-27_percent,0.13424216443805012,0.017000000000000043,0.9890000000000013
5,7,Mel B,0.173,1,0,S3-27_percent,0.18664029729708934,1.2456414522736745e-16,1.0
5,7,Jennie Garth,0.17,2,0,S3-27_percent,0.15419942195249503,0.0,0.9999999999999983
5,7,Helio Castroneves,0.167,3,0,S3-27_percent,0.18664021816213272,8.396061623727746e-16,1.0
5,7,Marie Osmond,0.167,3,0,S3-27_percent,0.18664002873206734,5.204170427930421e-16,0.9999999999999989
5,7,Cameron Mathison,0.163,5,0,S3-27_percent,0.14667785849685483,5.551115123125783e-17,0.9999999999999962
5,7,Jane Seymour,0.16,6,1,S3-27_percent,0.13920217535936072,1.627347088536509e-17,0.1733333333333334
5,8,Helio Castroneves,0.217,1,0,S3-27_percent,0.2252512337623564,4.163336342344337e-16,0.9879999999999968
5,8,Mel B,0.213,2,0,S3-27_percent,0.2252512931256754,4.535052436092739e-16,0.9880000000000009
5,8,Cameron Mathison,0.194,3,1,S3-27_percent,0.1554030052538426,0.0,0.2059999999999998
5,8,Jennie Garth,0.19,4,0,S3-27_percent,0.1688433030509938,0.004000000000001239,0.9919999999999998
5,8,Marie Osmond,0.186,5,0,S3-27_percent,0.2252511648071318,0.007999999999999712,0.9959999999999993
5,9,Helio Castroneves,0.256,1,0,S3-27_percent,0.27369680345631126,2.220446049250313e-16,0.9909999999999957
5,9,Mel B,0.256,1,0,S3-27_percent,0.27369681979330807,0.0,0.9909999999999994
5,9,Jennie Garth,0.248,3,1,S3-27_percent,0.17890946272167893,2.706336573275392e-16,0.2517500000000008
5,9,Marie Osmond,0.239,4,0,S3-27_percent,0.27369691402870167,0.008999999999997753,1.0
5,10,Mel B,0.357,1,0,S3-27_percent,0.33333321310311254,0.0,0.9999999999999976
5,10,Helio Castroneves,0.353,2,0,S3-27_percent,0.33333329264832434,1.6653345369377348e-16,0.9999999999999983
5,10,Marie Osmond,0.29,3,0,S3-27_percent,0.33333349424856323,8.326672684688674e-16,1.0
6,1,Kristi Yamaguchi,0.111,1,0,S3-27_percent,0.08617536755094414,0.0,1.0
6,1,Mario,0.099,2,0,S3-27_percent,0.08516366889996949,0.0,1.0
6,1,Priscilla Presley,0.099,2,0,S3-27_percent,0.08406423358398404,0.0,0.9999999999999996
6,1,Jason Taylor,0.091,4,0,S3-27_percent,0.08617602014249211,1.757013763127826e-17,1.0
6,1,Marlee Matlin,0.091,4,0,S3-27_percent,0.08457714297180116,0.0,1.0
6,1,Cristian de la Fuente,0.086,6,0,S3-27_percent,0.086175803253945,0.0,0.9999999999999996
6,1,Shannon Elizabeth,0.086,6,0,S3-27_percent,0.08492035670039601,0.0,1.0
6,1,Marissa Jaret Winokur,0.074,8,0,S3-27_percent,0.08534637009281124,0.0,0.9999999999999977
6,1,Steve Guttenberg,0.074,8,0,S3-27_percent,0.08191971311310405,0.0,0.9999999999999997
6,1,Penn Jillette,0.066,10,0,S3-27_percent,0.07611278150827949,2.143601166394324e-16,1.0
6,1,Adam Carolla,0.062,11,0,S3-27_percent,0.0832562271229676,0.0,1.0
6,1,Monica Seles,0.062,11,0,S3-27_percent,0.07611231505930567,0.0,0.9999999999999993
6,2,Jason Taylor,0.105,1,0,S3-27_percent,0.08789738180770125,0.0,0.9959999999999996
6,2,Kristi Yamaguchi,0.105,1,0,S3-27_percent,0.08789675129785376,1.2463640034382059e-16,0.9959999999999996
6,2,Mario,0.101,3,0,S3-27_percent,0.08629436350689859,1.3694318398831932e-16,0.9960000000000002
6,2,Marlee Matlin,0.093,4,0,S3-27_percent,0.08536222151251606,7.499084023425344e-17,0.9959999999999978
6,2,Shannon Elizabeth,0.093,4,0,S3-27_percent,0.08590814008723044,1.1405806854547507e-15,0.9959999999999984
6,2,Marissa Jaret Winokur,0.082,6,0,S3-27_percent,0.08658479615157709,1.1111056409608338e-16,0.995999999999996
6,2,Priscilla Presley,0.082,6,0,S3-27_percent,0.08454477946817791,2.220446049250313e-16,0.995999999999996
6,2,Cristian de la Fuente,0.078,8,0,S3-27_percent,0.08789704121543647,0.0,0.9959999999999974
6,2,Adam Carolla,0.074,9,0,S3-27_percent,0.08325477663841906,1.249000902703301e-16,0.9960000000000029
6,2,Penn Jillette,0.066,10,1,S3-27_percent,0.0716255420649419,2.3241039258233367e-17,0.11045454545454668
6,2,Steve Guttenberg,0.062,11,0,S3-27_percent,0.08110918037386233,0.004000000000000149,1.0
6,2,Monica Seles,0.058,12,1,S3-27_percent,0.07162502587538505,0.0,0.11772727272727226
6,3,Kristi Yamaguchi,0.118,1,0,S3-27_percent,0.10434113499900201,0.0,0.9910000000000003
6,3,Priscilla Presley,0.114,2,0,S3-27_percent,0.09780385951153324,0.0,0.9910000000000003
6,3,Cristian de la Fuente,0.11,3,0,S3-27_percent,0.10434135690071704,3.8510861166685117e-16,0.9910000000000012
6,3,Shannon Elizabeth,0.105,4,0,S3-27_percent,0.10047520280370606,0.0,0.9910000000000025
6,3,Jason Taylor,0.101,5,0,S3-27_percent,0.10434177015945827,4.8236070312173376e-17,0.9910000000000019
6,3,Adam Carolla,0.092,6,0,S3-27_percent,0.09526344359379998,3.0531133177191805e-16,0.9909999999999999
6,3,Mario,0.092,6,0,S3-27_percent,0.101228071899485,3.368787534677496e-17,0.990999999999995
6,3,Marlee Matlin,0.092,6,0,S3-27_percent,0.09940747080511274,0.0,0.9910000000000012
6,3,Steve Guttenberg,0.092,6,1,S3-27_percent,0.09100334836401824,0.0,0.1079
6,3,Marissa Jaret Winokur,0.083,10,0,S3-27_percent,0.10179434096316736,0.009000000000000657,1.0
6,4,Jason Taylor,0.129,1,0,S3-27_percent,0.11772993187387164,0.0,0.9999999999999996
6,4,Kristi Yamaguchi,0.129,1,0,S3-27_percent,0.1177291118211058,4.163714883562145e-17,0.9999999999999987
6,4,Shannon Elizabeth,0.124,3,0,S3-27_percent,0.11009800481993631,0.0,0.9999999999999987
6,4,Cristian de la Fuente,0.116,4,0,S3-27_percent,0.11772939893233206,0.0,1.0
6,4,Mario,0.107,5,0,S3-27_percent,0.11159103178485227,1.8507763880159248e-17,0.9999999999999971
6,4,Marissa Jaret Winokur,0.107,5,0,S3-27_percent,0.1127119963435183,1.8504217921734933e-16,1.0
6,4,Marlee Matlin,0.107,5,0,S3-27_percent,0.10797428443048868,0.0,1.0
6,4,Priscilla Presley,0.098,8,0,S3-27_percent,0.10477148948561166,0.0,1.0
6,4,Adam Carolla,0.084,9,1,S3-27_percent,0.09966475050828323,4.718447854656915e-16,0.13833333333333336
6,5,Kristi Yamaguchi,0.148,1,0,S3-27_percent,0.13504502087325052,0.0,1.0
6,5,Jason Taylor,0.138,2,0,S3-27_percent,0.13504597703005825,6.591949208711867e-16,1.0
6,5,Mario,0.138,2,0,S3-27_percent,0.12320441003126666,0.0,1.0
6,5,Marissa Jaret Winokur,0.122,4,0,S3-27_percent,0.12537987753548477,0.0,1.0
6,5,Cristian de la Fuente,0.117,5,0,S3-27_percent,0.13504532374603234,2.7755575615628914e-16,1.0
6,5,Shannon Elizabeth,0.117,5,0,S3-27_percent,0.1202982302377773,5.551115123125783e-17,0.9999999999999952
6,5,Marlee Matlin,0.112,7,0,S3-27_percent,0.11614450917581748,0.0,1.0
6,5,Priscilla Presley,0.107,8,1,S3-27_percent,0.10983665137031272,0.0,0.14287500000000006
6,6,Kristi Yamaguchi,0.167,1,0,S3-27_percent,0.1576262869424775,1.3823561292662338e-16,0.9999999999999991
6,6,Mario,0.156,2,0,S3-27_percent,0.13549502882800768,4.9244291000337447e-17,0.9999999999999998
6,6,Cristian de la Fuente,0.15,3,0,S3-27_percent,0.1576269851436188,3.885780586188048e-16,1.0
6,6,Marissa Jaret Winokur,0.144,4,0,S3-27_percent,0.1396004962191534,0.0,0.9999999999999998
6,6,Jason Taylor,0.133,5,0,S3-27_percent,0.15762762198718483,0.0,0.9999999999999967
6,6,Shannon Elizabeth,0.133,5,0,S3-27_percent,0.12998220092247784,0.0,1.0
6,6,Marlee Matlin,0.117,7,1,S3-27_percent,0.12204137995707999,7.365033442360028e-19,0.16871428571428648
6,7,Jason Taylor,0.178,1,0,S3-27_percent,0.1871057431105165,0.0,0.9839999999999998
6,7,Kristi Yamaguchi,0.175,2,0,S3-27_percent,0.1871046066961614,0.0,0.9840000000000013
6,7,Marissa Jaret Winokur,0.168,3,0,S3-27_percent,0.1546454330641068,0.0,0.9840000000000004
6,7,Mario,0.165,4,0,S3-27_percent,0.14711761735540133,0.0,0.9839999999999979
6,7,Shannon Elizabeth,0.165,4,1,S3-27_percent,0.13692143468486992,0.0,0.1683333333333336
6,7,Cristian de la Fuente,0.149,6,0,S3-27_percent,0.18710516508894412,0.015999999999999542,1.0
6,8,Cristian de la Fuente,0.213,1,0,S3-27_percent,0.22525684388113865,5.551115123125783e-17,0.9840000000000024
6,8,Kristi Yamaguchi,0.206,2,0,S3-27_percent,0.2252560874304403,0.0,0.9840000000000013
6,8,Mario,0.199,3,1,S3-27_percent,0.15539193436737264,0.0,0.2009999999999997
6,8,Jason Taylor,0.195,4,0,S3-27_percent,0.22525768383663863,0.00399999999999992,0.9879999999999989
6,8,Marissa Jaret Winokur,0.187,5,0,S3-27_percent,0.1688374504844097,0.0120000000000004,0.9959999999999966
6,9,Kristi Yamaguchi,0.259,1,0,S3-27_percent,0.2736979522610932,1.6226500320965285e-16,0.9999999999999986
6,9,Cristian de la Fuente,0.255,2,0,S3-27_percent,0.27369875200547816,2.7755575615628914e-16,0.9999999999999956
6,9,Jason Taylor,0.25,3,0,S3-27_percent,0.27369948751162465,2.0539125955565396e-15,0.9999999999999982
6,9,Marissa Jaret Winokur,0.236,4,1,S3-27_percent,0.17890380822180393,1.4648875648669039e-16,0.2639999999999998
6,10,Kristi Yamaguchi,0.355,1,0,S3-27_percent,0.33333242547336217,8.756052933765056e-17,0.9999999999999998
6,10,Jason Taylor,0.337,2,0,S3-27_percent,0.33333422869118157,0.0,1.0
6,10,Cristian de la Fuente,0.308,3,0,S3-27_percent,0.33333334583545626,5.551115123125783e-17,1.0
7,1,Brooke Burke,0.097,1,0,S3-27_percent,0.08249458490097225,5.551115123125783e-17,0.9860000000000059
7,1,Toni Braxton,0.089,2,0,S3-27_percent,0.08029353196889055,8.326672684688674e-17,0.9860000000000041
7,1,Lance Bass,0.085,3,0,S3-27_percent,0.08249452046451886,0.0,0.9860000000000004
7,1,Warren Sapp,0.085,3,0,S3-27_percent,0.08249457984239565,1.8323016715005025e-16,0.9860000000000054
7,1,Misty May-Treanor,0.083,5,0,S3-27_percent,0.06696253344778934,2.9170212382030954e-17,0.9860000000000009
7,1,Cody Linley,0.081,6,0,S3-27_percent,0.08163215447820006,0.0,0.9860000000000013
7,1,Maurice Greene,0.077,7,0,S3-27_percent,0.08144138498610126,0.0,0.9859999999999987
7,1,Kim Kardashian,0.073,8,0,S3-27_percent,0.07112686566515404,1.1102230246251565e-16,0.9859999999999997
7,1,Susan Lucci,0.073,8,0,S3-27_percent,0.08118849924162115,1.5964293280431015e-16,0.9860000000000003
7,1,Ted McGinley,0.073,8,1,S3-27_percent,0.06303567237627525,4.011179443869462e-16,0.08933333333333357
7,1,Rocco DiSpirito,0.069,11,0,S3-27_percent,0.08065818530290995,0.004000000000000196,0.9899999999999973
7,1,Cloris Leachman,0.063,12,0,S3-27_percent,0.08314182291965795,0.010000000000000396,0.995999999999997
7,1,Jeffrey Ross,0.048,13,1,S3-27_percent,0.06303566440551374,3.0296463593063085e-16,0.11224999999999966
7,2,Brooke Burke,0.109,1,0,S3-27_percent,0.09594616869217852,8.326672684688674e-17,0.9359999999999988
7,2,Warren Sapp,0.109,1,0,S3-27_percent,0.09594616719881013,0.0,0.9359999999999992
7,2,Toni Braxton,0.104,3,0,S3-27_percent,0.09239297145547863,0.0,0.9359999999999997
7,2,Cody Linley,0.095,4,0,S3-27_percent,0.09455827802952993,1.3785234958268113e-16,0.9359999999999994
7,2,Misty May-Treanor,0.095,4,1,S3-27_percent,0.06998417663025602,0.0,0.09729999999999966
7,2,Susan Lucci,0.095,4,0,S3-27_percent,0.09384213215347013,4.85722573273506e-17,0.9360000000000006
7,2,Lance Bass,0.09,7,0,S3-27_percent,0.09594612245263832,0.005000000000000199,0.9409999999999988
7,2,Maurice Greene,0.086,8,0,S3-27_percent,0.09425052378231302,0.009000000000001094,0.9449999999999994
7,2,Kim Kardashian,0.077,9,1,S3-27_percent,0.07716510634481302,0.0,0.11350000000000014
7,2,Rocco DiSpirito,0.072,10,0,S3-27_percent,0.09298417663025603,0.023000000000000034,0.9590000000000003
7,2,Cloris Leachman,0.068,11,0,S3-27_percent,0.09698417663025603,0.02700000000000022,0.9629999999999966
7,3,Brooke Burke,0.141,1,0,S3-27_percent,0.11425149019798544,1.3877787807814457e-16,0.9999999999999947
7,3,Warren Sapp,0.126,2,0,S3-27_percent,0.11425149717436194,0.0,1.0
7,3,Maurice Greene,0.121,3,0,S3-27_percent,0.11102187949177064,0.0,0.9999999999999991
7,3,Lance Bass,0.111,4,0,S3-27_percent,0.11425146868342564,0.0,1.0
7,3,Toni Braxton,0.111,4,0,S3-27_percent,0.10745935653449364,0.0,1.0
7,3,Cody Linley,0.106,6,0,S3-27_percent,0.11160960950966384,0.0,1.0
7,3,Susan Lucci,0.106,6,0,S3-27_percent,0.11024085299289105,7.864910578167783e-17,1.0
7,3,Rocco DiSpirito,0.101,8,0,S3-27_percent,0.10585229386388724,7.864576014204655e-17,0.9999999999999979
7,3,Cloris Leachman,0.08,9,0,S3-27_percent,0.11106155155152064,5.377642775528102e-16,1.0
7,4,Brooke Burke,0.128,1,0,S3-27_percent,0.11761671143105622,2.914335439641036e-16,0.9999999999999969
7,4,Lance Bass,0.128,1,0,S3-27_percent,0.11761671875622341,1.5424745776791986e-17,1.0
7,4,Susan Lucci,0.118,3,0,S3-27_percent,0.10991275242727121,0.0,0.9999999999999928
7,4,Cody Linley,0.113,4,0,S3-27_percent,0.11255111471953541,1.6452605029055868e-17,0.9999999999999998
7,4,Cloris Leachman,0.108,5,0,S3-27_percent,0.10878296343936301,2.8102520310824275e-16,0.9999999999999981
7,4,Toni Braxton,0.108,5,0,S3-27_percent,0.10452116348426731,1.0026701691145945e-15,1.0
7,4,Warren Sapp,0.108,5,0,S3-27_percent,0.11761672392922701,1.1954534171038484e-17,1.0
7,4,Maurice Greene,0.099,8,0,S3-27_percent,0.11141940232056201,0.0,1.0
7,4,Rocco DiSpirito,0.089,9,1,S3-27_percent,0.09996244949249432,0.0,0.13311111111111035
7,5,Brooke Burke,0.149,1,0,S3-27_percent,0.13500360054050164,0.0,0.9899999999999968
7,5,Cody Linley,0.144,2,0,S3-27_percent,0.12531311656701374,0.0,0.9900000000000011
7,5,Maurice Greene,0.138,3,0,S3-27_percent,0.12313210717046454,0.0,0.9899999999999993
7,5,Warren Sapp,0.128,4,0,S3-27_percent,0.13500361973056246,1.3877787807814457e-17,0.9899999999999951
7,5,Susan Lucci,0.113,5,0,S3-27_percent,0.12021911874878344,7.31686896580196e-17,0.9900000000000025
7,5,Toni Braxton,0.113,5,1,S3-27_percent,0.10970256252071034,6.752086961216383e-16,0.13712499999999925
7,5,Cloris Leachman,0.108,7,0,S3-27_percent,0.11662222920834224,0.005000000000000249,0.9949999999999978
7,5,Lance Bass,0.108,7,0,S3-27_percent,0.13500364551362165,0.004999999999999914,0.9949999999999986
7,6,Lance Bass,0.169,1,0,S3-27_percent,0.1575856163545868,0.0,0.9999999999999987
7,6,Brooke Burke,0.162,2,0,S3-27_percent,0.1575855536343798,0.0,1.0
7,6,Warren Sapp,0.156,3,0,S3-27_percent,0.1575855707736982,1.5737513092445793e-16,0.9999999999999998
7,6,Cody Linley,0.144,4,0,S3-27_percent,0.13954586648178488,0.0,1.0
7,6,Susan Lucci,0.144,4,0,S3-27_percent,0.12992125717877867,0.0,0.9999999999999984
7,6,Maurice Greene,0.131,6,0,S3-27_percent,0.13543767208285218,1.3631124738034103e-16,1.0
7,6,Cloris Leachman,0.094,7,1,S3-27_percent,0.12233846349391957,0.0,0.1917142857142861
7,7,Brooke Burke,0.204,1,0,S3-27_percent,0.18711015493549965,1.942890293094024e-16,0.9670000000000031
7,7,Lance Bass,0.17,2,0,S3-27_percent,0.18711019508997095,1.5812210303785474e-16,0.9670000000000001
7,7,Maurice Greene,0.17,2,0,S3-27_percent,0.14711299942263745,0.0,0.9670000000000005
7,7,Susan Lucci,0.163,4,1,S3-27_percent,0.13691402159942875,2.427580505991043e-16,0.17033333333333328
7,7,Cody Linley,0.15,5,0,S3-27_percent,0.15464246965386985,0.012999999999999023,0.9800000000000004
7,7,Warren Sapp,0.143,6,0,S3-27_percent,0.18711015929859345,0.020000000000000073,0.9869999999999988
7,8,Brooke Burke,0.216,1,0,S3-27_percent,0.22525920896760013,2.498001805406602e-16,0.999999999999996
7,8,Warren Sapp,0.212,2,0,S3-27_percent,0.22525920970881003,1.1102230246251565e-16,0.9999999999999978
7,8,Lance Bass,0.196,3,0,S3-27_percent,0.22525921025365503,1.402869717297656e-16,0.9999999999999978
7,8,Cody Linley,0.188,4,0,S3-27_percent,0.16883442183756353,1.429412144204889e-15,0.9999999999999988
7,8,Maurice Greene,0.188,4,1,S3-27_percent,0.15538794923237131,1.169436279608548e-16,0.21199999999999974
7,9,Lance Bass,0.284,1,0,S3-27_percent,0.2736996197408092,0.0,0.9999999999999947
7,9,Brooke Burke,0.244,2,0,S3-27_percent,0.2736996434019563,5.551115123125783e-17,0.9999999999999982
7,9,Warren Sapp,0.244,2,0,S3-27_percent,0.2736996636235682,2.248201624865942e-15,1.0
7,9,Cody Linley,0.229,4,1,S3-27_percent,0.1789010732336663,1.7503280727964975e-17,0.27124999999999977
7,10,Brooke Burke,0.353,1,0,S3-27_percent,0.3333333371007391,2.220446049250313e-16,0.9999999999999953
7,10,Lance Bass,0.324,2,0,S3-27_percent,0.3333332978086201,2.275957200481571e-15,0.9999999999999967
7,10,Warren Sapp,0.324,2,0,S3-27_percent,0.3333333650906408,4.043072453578444e-16,0.9999999999999982
8,1,Gilles Marini,0.099,1,0,S3-27_percent,0.07828144227950008,7.738575105910075e-17,1.0
8,1,Melissa Rycroft,0.095,2,0,S3-27_percent,0.07828148582015151,0.0,1.0
8,1,Shawn Johnson,0.095,2,0,S3-27_percent,0.0782813947990043,0.0,1.0
8,1,Lil' Kim,0.086,4,0,S3-27_percent,0.07782675633758052,0.0,1.0
8,1,Chuck Wicks,0.082,5,0,S3-27_percent,0.07775223369456963,7.051650929845721e-16,0.9999999999999992
8,1,David Alan Grier,0.078,6,0,S3-27_percent,0.0765680586646992,0.0,1.0
8,1,Denise Richards,0.074,7,0,S3-27_percent,0.07191218843219711,1.6845802617854983e-16,1.0
8,1,Holly Madison,0.074,7,0,S3-27_percent,0.0755826284978237,1.6177422943080245e-19,0.999999999999998
8,1,Belinda Carlisle,0.07,9,0,S3-27_percent,0.07102668702039529,0.0,0.999999999999989
8,1,Steve-O,0.07,9,0,S3-27_percent,0.08004810661855698,9.966715897430585e-17,1.0
8,1,Lawrence Taylor,0.066,11,0,S3-27_percent,0.0776080253312582,0.0,0.9999999999999978
8,1,Ty Murray,0.058,12,0,S3-27_percent,0.07795870511775943,0.0,0.9999999999999993
8,1,Steve Wozniak,0.053,13,0,S3-27_percent,0.078872287386504,5.826785981112759e-17,0.9999999999999989
8,2,Gilles Marini,0.102,1,0,S3-27_percent,0.07918487776778056,0.0,0.977
8,2,Melissa Rycroft,0.098,2,0,S3-27_percent,0.07918485543879104,5.928251820285695e-16,0.9769999999999991
8,2,Shawn Johnson,0.091,3,0,S3-27_percent,0.07918484431749022,4.63935448946719e-16,0.9770000000000045
8,2,Lil' Kim,0.087,4,0,S3-27_percent,0.07843900250553118,0.0,0.977
8,2,Denise Richards,0.079,5,0,S3-27_percent,0.06857223512898286,9.757021458625326e-17,0.977000000000001
8,2,Chuck Wicks,0.075,6,0,S3-27_percent,0.07831658086209789,0.0,0.9769999999999999
8,2,Lawrence Taylor,0.075,6,0,S3-27_percent,0.07807913592148816,1.4727625606405092e-16,0.9769999999999992
8,2,Ty Murray,0.075,6,0,S3-27_percent,0.07865555032564454,0.0,0.9769999999999996
8,2,Belinda Carlisle,0.068,9,1,S3-27_percent,0.06706731578632658,0.0,0.0857692307692309
8,2,Holly Madison,0.068,9,0,S3-27_percent,0.07473197102840443,0.0,0.977
8,2,David Alan Grier,0.064,11,0,S3-27_percent,0.07636479960017366,0.004000000000000097,0.9809999999999999
8,2,Steve Wozniak,0.064,11,0,S3-27_percent,0.08015151553096246,0.003999999999999859,0.9810000000000012
8,2,Steve-O,0.053,13,0,S3-27_percent,0.0820673157863265,0.015000000000000124,0.9920000000000011
8,3,Gilles Marini,0.106,1,0,S3-27_percent,0.08677627259671516,0.0,0.9719999999999956
8,3,Melissa Rycroft,0.106,1,0,S3-27_percent,0.08677633668703258,0.0,0.9720000000000002
8,3,Shawn Johnson,0.106,1,0,S3-27_percent,0.08677624186170456,0.0,0.9720000000000009
8,3,Lil' Kim,0.098,4,0,S3-27_percent,0.08526563171529822,0.0,0.9720000000000002
8,3,David Alan Grier,0.094,5,0,S3-27_percent,0.08103611294689039,1.2923689896027213e-16,0.9719999999999949
8,3,Chuck Wicks,0.091,6,0,S3-27_percent,0.08501740933252448,6.938893903907228e-17,0.9720000000000041
8,3,Ty Murray,0.091,6,0,S3-27_percent,0.08570518275479296,0.0,0.9720000000000006
8,3,Lawrence Taylor,0.079,8,0,S3-27_percent,0.08453504454989211,2.842550673551693e-16,0.972
8,3,Holly Madison,0.067,9,0,S3-27_percent,0.077675270414176,5.134781488891349e-16,0.9719999999999984
8,3,Denise Richards,0.063,10,1,S3-27_percent,0.06472511306472892,1.369308061440666e-15,0.10358333333333325
8,3,Steve-O,0.059,11,0,S3-27_percent,0.08698627101151593,0.003999999999999875,0.9760000000000023
8,3,Steve Wozniak,0.039,12,0,S3-27_percent,0.08872511306472874,0.023999999999999872,0.9959999999999978
8,4,Gilles Marini,0.124,1,0,S3-27_percent,0.09635753746211133,0.0,0.9960000000000019
8,4,Melissa Rycroft,0.12,2,0,S3-27_percent,0.09635753141654,0.0,0.9959999999999982
8,4,Lil' Kim,0.112,3,0,S3-27_percent,0.09320448905032985,3.578434886390414e-16,0.9960000000000007
8,4,Shawn Johnson,0.103,4,0,S3-27_percent,0.09635765907801117,7.74125911395934e-17,0.9959999999999987
8,4,Ty Murray,0.103,4,0,S3-27_percent,0.0941237418080096,4.2327252813834093e-16,0.9960000000000002
8,4,Chuck Wicks,0.091,6,0,S3-27_percent,0.09268442032323981,2.0816681711721685e-16,0.9960000000000008
8,4,David Alan Grier,0.091,6,0,S3-27_percent,0.08427544715005195,0.0,0.9960000000000007
8,4,Lawrence Taylor,0.079,8,0,S3-27_percent,0.09167220720263938,0.0,0.9959999999999961
8,4,Holly Madison,0.066,9,1,S3-27_percent,0.07706839668485853,0.0,0.12909999999999927
8,4,Steve-O,0.062,10,0,S3-27_percent,0.09401608798637613,0.004000000000000198,0.9999999999999946
8,4,Steve Wozniak,0.05,11,1,S3-27_percent,0.08388248183783222,0.0,0.1435000000000002
8,5,Gilles Marini,0.138,1,0,S3-27_percent,0.11771409416289749,0.0,0.9660000000000029
8,5,Lil' Kim,0.124,2,0,S3-27_percent,0.11125485740197315,3.6848475926718436e-16,0.9660000000000004
8,5,Shawn Johnson,0.124,2,0,S3-27_percent,0.1177142493981427,0.0,0.9659999999999991
8,5,Melissa Rycroft,0.119,4,0,S3-27_percent,0.11771426316404816,3.8241415728330827e-16,0.9660000000000022
8,5,Chuck Wicks,0.11,5,0,S3-27_percent,0.1101832956423366,0.0,0.9660000000000013
8,5,David Alan Grier,0.105,6,1,S3-27_percent,0.09259109886155606,0.0,0.1173333333333335
8,5,Ty Murray,0.1,7,0,S3-27_percent,0.11314470903391155,0.0049999999999997815,0.9709999999999996
8,5,Lawrence Taylor,0.095,8,0,S3-27_percent,0.10809233347357816,0.009999999999999409,0.975999999999998
8,5,Steve-O,0.086,9,0,S3-27_percent,0.11159109886155617,0.01900000000000076,0.985000000000001
8,6,Lil' Kim,0.151,1,0,S3-27_percent,0.12189279953358949,5.682301675907561e-17,0.9999999999999996
8,6,Melissa Rycroft,0.145,2,0,S3-27_percent,0.13448031128912571,5.14838569158019e-17,1.0
8,6,Gilles Marini,0.14,3,0,S3-27_percent,0.1344800864698026,0.0,0.9999999999999964
8,6,Shawn Johnson,0.14,3,0,S3-27_percent,0.1344803641793606,0.0,1.0
8,6,Chuck Wicks,0.124,5,0,S3-27_percent,0.11978599182847464,9.71445146547012e-17,1.0
8,6,Lawrence Taylor,0.118,6,0,S3-27_percent,0.1156582735870217,1.6793279336833101e-16,0.9999999999999971
8,6,Ty Murray,0.097,7,0,S3-27_percent,0.12559558816676186,2.7755575615628914e-17,0.9999999999999951
8,6,Steve-O,0.086,8,1,S3-27_percent,0.11362658494586331,0.0,0.1641250000000006
8,7,Melissa Rycroft,0.159,1,0,S3-27_percent,0.1576359105565953,0.0,0.9999999999999973
8,7,Shawn Johnson,0.154,2,0,S3-27_percent,0.15763589597864394,1.4374335070146757e-16,1.0
8,7,Chuck Wicks,0.148,3,0,S3-27_percent,0.1299925189418017,0.0,0.9999999999999968
8,7,Gilles Marini,0.148,3,0,S3-27_percent,0.1576356382870586,4.0939474033052647e-16,0.999999999999998
8,7,Lil' Kim,0.143,5,0,S3-27_percent,0.1340066465979579,8.326672684688674e-17,1.0
8,7,Ty Murray,0.132,6,0,S3-27_percent,0.14101853769447917,0.0,0.9999999999999987
8,7,Lawrence Taylor,0.115,7,1,S3-27_percent,0.12207485194346361,1.1529372129602416e-16,0.1705714285714286
8,8,Lil' Kim,0.179,1,0,S3-27_percent,0.14436643385639444,8.326672684688674e-17,0.9839999999999999
8,8,Gilles Marini,0.176,2,0,S3-27_percent,0.1871570768660917,8.326672684688674e-17,0.9840000000000024
8,8,Shawn Johnson,0.167,3,0,S3-27_percent,0.1871575832905071,1.0138140158842119e-17,0.984000000000003
8,8,Ty Murray,0.167,3,0,S3-27_percent,0.1572371951858849,0.0,0.9840000000000013
8,8,Chuck Wicks,0.163,5,1,S3-27_percent,0.13692446242741688,5.551115123125783e-17,0.1701666666666667
8,8,Melissa Rycroft,0.147,6,0,S3-27_percent,0.1871572483737051,0.016000000000000486,1.0
8,9,Melissa Rycroft,0.213,1,0,S3-27_percent,0.22537275168290294,1.1102230246251565e-16,0.9770000000000039
8,9,Gilles Marini,0.21,2,0,S3-27_percent,0.2253727221221187,1.3877787807814457e-16,0.9769999999999974
8,9,Shawn Johnson,0.21,2,0,S3-27_percent,0.225373345643467,0.0,0.9769999999999998
8,9,Lil' Kim,0.195,4,1,S3-27_percent,0.15044059027575563,1.127213682289161e-15,0.20499999999999985
8,9,Ty Murray,0.172,5,0,S3-27_percent,0.17344059027575573,0.02300000000000008,1.0
8,10,Gilles Marini,0.274,1,0,S3-27_percent,0.2729527164401507,1.1102230246251565e-16,0.9999999999999974
8,10,Shawn Johnson,0.256,2,0,S3-27_percent,0.2729533558156919,0.0,0.9999999999999996
8,10,Melissa Rycroft,0.251,3,0,S3-27_percent,0.27295267677641727,1.3600232051658168e-15,1.0
8,10,Ty Murray,0.219,4,1,S3-27_percent,0.1811412509677403,8.926754499659963e-17,0.2810000000000006
8,11,Shawn Johnson,0.343,1,0,S3-27_percent,0.3333337157098636,6.578323573515963e-17,0.9999999999999993
8,11,Gilles Marini,0.331,2,0,S3-27_percent,0.3333331982087683,0.0,1.0
8,11,Melissa Rycroft,0.326,3,0,S3-27_percent,0.33333308608136814,0.0,0.9999999999999983
9,1,Joanna Krupa,0.084,1,0,S3-27_percent,0.06448897267873455,4.8576755487054455e-17,0.9999999999999997
9,1,Aaron Carter,0.079,2,0,S3-27_percent,0.06438185168259804,9.71445146547012e-17,0.9999999999999859
9,1,Mya,0.076,3,0,S3-27_percent,0.06498073848813964,0.0,0.9999999999999984
9,1,Kelly Osbourne,0.076,4,0,S3-27_percent,0.06498076968063635,0.0,1.0
9,1,Donny Osmond,0.074,5,0,S3-27_percent,0.06498065149647395,1.6653700622770924e-16,1.0
9,1,Mark Dacascos,0.071,6,0,S3-27_percent,0.06401210199647264,0.0,0.9999999999999986
9,1,Louie Vito,0.067,7,0,S3-27_percent,0.06382513647900075,1.0411056386414278e-17,0.9999999999999998
9,1,Natalie Coughlin,0.067,7,0,S3-27_percent,0.06379637504776395,6.419036058952581e-17,1.0
9,1,Melissa Joan Hart,0.059,9,0,S3-27_percent,0.06378411939616384,1.222980050563649e-16,0.9999999999999979
9,1,Chuck Liddell,0.054,10,0,S3-27_percent,0.06334795710932684,4.163336342344337e-17,0.9999999999999912
9,1,Debi Mazar,0.054,10,0,S3-27_percent,0.06122619535133993,6.349087922075114e-16,0.9999999999999996
9,1,Kathy Ireland,0.049,12,0,S3-27_percent,0.06133704308901333,2.0816965746978599e-16,1.0
9,1,Tom DeLay,0.049,12,0,S3-27_percent,0.06161010197218154,0.0,0.9999999999999957
9,1,Michael Irvin,0.047,14,0,S3-27_percent,0.06431896458380384,3.2266180306659907e-16,1.0
9,1,Ashley Hamiliton,0.047,15,1,S3-27_percent,0.05446451047418563,7.033083045067978e-16,0.08319999999999964
9,1,Macy Gray,0.047,15,1,S3-27_percent,0.054464510474165326,0.0,0.08319999999999998
9,2,Aaron Carter,0.092,1,0,S3-27_percent,0.07274593175690615,0.0,1.0
9,2,Mya,0.092,1,0,S3-27_percent,0.07380770456099625,0.0,1.0
9,2,Donny Osmond,0.085,3,0,S3-27_percent,0.07380761163399756,0.0,1.0
9,2,Debi Mazar,0.071,4,0,S3-27_percent,0.06707745034831536,1.0264152371012201e-17,1.0
9,2,Mark Dacascos,0.071,4,0,S3-27_percent,0.07208809967071715,0.0,1.0
9,2,Natalie Coughlin,0.071,4,0,S3-27_percent,0.07170354863881226,0.0,0.999999999999998
9,2,Joanna Krupa,0.068,7,0,S3-27_percent,0.07293601399639825,0.0,0.9999999999999998
9,2,Michael Irvin,0.068,7,0,S3-27_percent,0.07263415558252166,9.427618048192368e-17,0.9999999999999996
9,2,Chuck Liddell,0.065,9,0,S3-27_percent,0.07090247400907786,0.0,0.9999999999999983
9,2,Kelly Osbourne,0.065,9,0,S3-27_percent,0.07380773180447796,1.942890293094024e-16,1.0
9,2,Louie Vito,0.065,9,0,S3-27_percent,0.07175511532154485,0.0,1.0
9,2,Melissa Joan Hart,0.065,9,0,S3-27_percent,0.07168171880051866,0.0,0.9999999999999982
9,2,Kathy Ireland,0.061,13,1,S3-27_percent,0.06727868824692605,0.0,0.08185714285714321
9,2,Tom DeLay,0.061,13,0,S3-27_percent,0.06777375562879015,9.618980547599308e-17,0.9999999999999988
9,3,Mya,0.105,1,0,S3-27_percent,0.08132392370085806,1.0284865968288468e-17,0.9880000000000002
9,3,Natalie Coughlin,0.101,2,0,S3-27_percent,0.07685379087112826,0.0,0.9880000000000001
9,3,Joanna Krupa,0.089,3,0,S3-27_percent,0.07947821607396865,8.39320760352327e-16,0.9879999999999995
9,3,Aaron Carter,0.081,4,0,S3-27_percent,0.07907478356241586,1.6653345369377348e-16,0.9879999999999987
9,3,Donny Osmond,0.081,4,0,S3-27_percent,0.08132390846636296,3.7470027081099033e-16,0.9880000000000002
9,3,Kelly Osbourne,0.078,6,0,S3-27_percent,0.08132396029779346,0.0,0.9880000000000018
9,3,Louie Vito,0.078,6,0,S3-27_percent,0.07696435629128236,2.4663766758497977e-16,0.9879999999999981
9,3,Melissa Joan Hart,0.074,8,0,S3-27_percent,0.07680730604774316,0.0,0.9880000000000007
9,3,Mark Dacascos,0.07,9,0,S3-27_percent,0.07767456497333115,3.957175214959627e-17,0.9880000000000001
9,3,Chuck Liddell,0.066,10,0,S3-27_percent,0.07513833541028035,3.946495907847236e-16,0.9879999999999989
9,3,Debi Mazar,0.066,10,1,S3-27_percent,0.06683732781135594,0.0,0.09591666666666676
9,3,Tom DeLay,0.058,12,1,S3-27_percent,0.06836219868212394,1.4854347188604626e-16,0.10324999999999988
9,3,Michael Irvin,0.054,13,0,S3-27_percent,0.07883732781135595,0.012000000000000227,0.9999999999999993
9,4,Melissa Joan Hart,0.116,1,0,S3-27_percent,0.08716850285993094,2.435582253531773e-16,0.9919999999999997
9,4,Mya,0.116,1,0,S3-27_percent,0.09693273500976195,0.0,0.9920000000000027
9,4,Joanna Krupa,0.107,3,0,S3-27_percent,0.09296506140384535,0.0,0.9919999999999987
9,4,Donny Osmond,0.099,4,0,S3-27_percent,0.09693268929797844,0.0,0.991999999999998
9,4,Natalie Coughlin,0.099,4,0,S3-27_percent,0.08726971045214164,0.0,0.9919999999999964
9,4,Kelly Osbourne,0.095,6,0,S3-27_percent,0.09693272477267884,0.0,0.9920000000000023
9,4,Mark Dacascos,0.091,7,0,S3-27_percent,0.08905794680258254,1.1005434529466034e-16,0.9919999999999979
9,4,Aaron Carter,0.074,8,0,S3-27_percent,0.09209389622685824,0.0,0.9920000000000015
9,4,Chuck Liddell,0.07,9,1,S3-27_percent,0.08351137546823455,0.0,0.11172727272727263
9,4,Louie Vito,0.066,10,0,S3-27_percent,0.08751137546823454,0.003999999999999606,0.9959999999999998
9,4,Michael Irvin,0.066,10,0,S3-27_percent,0.08962398223775295,0.004000000000000189,0.9959999999999984
9,5,Donny Osmond,0.12,1,0,S3-27_percent,0.11110889188686246,1.942890293094024e-16,0.9959999999999996
9,5,Mya,0.112,2,0,S3-27_percent,0.11110889540653605,0.0,0.9959999999999957
9,5,Mark Dacascos,0.107,3,0,S3-27_percent,0.09477222388566546,1.957666656006976e-16,0.9959999999999986
9,5,Aaron Carter,0.099,4,0,S3-27_percent,0.10111996853568185,0.0,0.996
9,5,Joanna Krupa,0.099,4,0,S3-27_percent,0.10292970068615055,1.782367683473848e-16,0.9960000000000027
9,5,Kelly Osbourne,0.099,4,0,S3-27_percent,0.11110890519477676,1.8648522127227592e-16,0.9960000000000013
9,5,Melissa Joan Hart,0.095,7,0,S3-27_percent,0.09078841908662405,2.394573552286187e-16,0.9960000000000016
9,5,Louie Vito,0.091,8,0,S3-27_percent,0.09100230045328725,0.0,0.9959999999999969
9,5,Natalie Coughlin,0.091,8,1,S3-27_percent,0.09100230045328725,6.825244629969734e-17,0.10899999999999993
9,5,Michael Irvin,0.087,10,0,S3-27_percent,0.09505839441112836,0.004000000000000605,1.0
9,6,Joanna Krupa,0.138,1,0,S3-27_percent,0.11525497907250304,0.0,0.9930000000000008
9,6,Mya,0.127,2,0,S3-27_percent,0.13146894921703195,8.847089727481716e-16,0.9929999999999992
9,6,Aaron Carter,0.127,3,0,S3-27_percent,0.11161978289610924,2.220446049250313e-16,0.9930000000000014
9,6,Mark Dacascos,0.123,4,0,S3-27_percent,0.09871860272419143,0.0,0.9929999999999993
9,6,Donny Osmond,0.119,5,0,S3-27_percent,0.13146900745374795,2.914335439641036e-16,0.9929999999999974
9,6,Kelly Osbourne,0.096,6,0,S3-27_percent,0.13146892152791725,0.0,0.9930000000000002
9,6,Louie Vito,0.092,7,1,S3-27_percent,0.09063099375391173,1.8041501359916809e-16,0.14637500000000014
9,6,Melissa Joan Hart,0.092,8,1,S3-27_percent,0.09049317439748862,0.0,0.146375000000001
9,6,Michael Irvin,0.085,9,0,S3-27_percent,0.09887558895709883,0.006999999999999923,0.9999999999999952
9,7,Joanna Krupa,0.157,1,0,S3-27_percent,0.13996920901687085,0.0,0.9999999999999969
9,7,Aaron Carter,0.151,2,0,S3-27_percent,0.13290599177996695,2.220446049250313e-16,1.0
9,7,Donny Osmond,0.148,3,0,S3-27_percent,0.17079915064247458,0.0,1.0
9,7,Kelly Osbourne,0.148,3,0,S3-27_percent,0.17079901675604459,2.26148106180389e-16,0.9999999999999994
9,7,Mya,0.14,5,0,S3-27_percent,0.17079904708224047,4.163336342344337e-16,0.9999999999999925
9,7,Michael Irvin,0.134,6,1,S3-27_percent,0.10741738141172294,2.477488267050341e-17,0.17900000000000213
9,7,Mark Dacascos,0.123,7,1,S3-27_percent,0.10731020331067964,8.361927895646644e-17,0.1881666666666667
9,8,Mya,0.225,1,0,S3-27_percent,0.22477561119233125,2.853343467558807e-17,1.0
9,8,Joanna Krupa,0.198,2,0,S3-27_percent,0.16937666883859753,2.914335439641036e-16,1.0
9,8,Kelly Osbourne,0.195,3,0,S3-27_percent,0.22477560413675046,0.0,1.0
9,8,Aaron Carter,0.191,4,1,S3-27_percent,0.15629638113455083,3.608224830031759e-16,0.2090000000000002
9,8,Donny Osmond,0.191,4,0,S3-27_percent,0.22477573469776996,1.3877787807814457e-16,0.9999999999999993
9,9,Mya,0.272,1,0,S3-27_percent,0.27352917170843966,2.3314683517128287e-15,0.9689999999999994
9,9,Joanna Krupa,0.253,2,1,S3-27_percent,0.17941230581128112,0.0,0.2470000000000004
9,9,Kelly Osbourne,0.244,3,0,S3-27_percent,0.27352919898719297,0.008999999999999897,0.9779999999999972
9,9,Donny Osmond,0.231,4,0,S3-27_percent,0.27352932349308634,0.022000000000000575,0.9910000000000008
9,10,Donny Osmond,0.351,1,0,S3-27_percent,0.3333334099722249,0.0,1.0
9,10,Mya,0.343,2,0,S3-27_percent,0.33333328069275137,0.0,1.0
9,10,Kelly Osbourne,0.306,3,0,S3-27_percent,0.33333330933502386,0.0,1.0
10,1,Nicole Scherzinger,0.12,1,0,S3-27_percent,0.09297950286287415,0.0,0.9999999999999998
10,1,Evan Lysacek,0.11,2,0,S3-27_percent,0.09297947175025105,0.0,0.9999999999999998
10,1,Erin Andrews,0.1,3,0,S3-27_percent,0.09297955795063706,0.0,0.9999999999999969
10,1,Pamela Anderson,0.1,3,0,S3-27_percent,0.09164116804968486,0.0,0.9999999999999859
10,1,Jake Pavelka,0.096,5,0,S3-27_percent,0.09127460294361846,0.0,0.9999999999999998
10,1,Chad Ochocinco,0.086,6,0,S3-27_percent,0.09209582020024916,6.703575726560247e-17,1.0
10,1,Niecy Nash,0.086,6,0,S3-27_percent,0.09190028696349335,0.0,0.9999999999999993
10,1,Shannen Doherty,0.086,6,0,S3-27_percent,0.07538341345410984,1.162619972608814e-16,1.0
10,1,Kate Gosselin,0.077,9,0,S3-27_percent,0.09072665262899665,0.0,1.0
10,1,Aiden Turner,0.072,10,0,S3-27_percent,0.08986436068232216,2.220446049250313e-16,0.9999999999999986
10,1,Buzz Aldrin,0.067,11,0,S3-27_percent,0.09817516251376325,0.0,1.0
10,2,Nicole Scherzinger,0.127,1,0,S3-27_percent,0.09419882375476155,0.0,0.918000000000002
10,2,Evan Lysacek,0.109,2,0,S3-27_percent,0.09419883357009644,0.0,0.9179999999999975
10,2,Erin Andrews,0.105,3,0,S3-27_percent,0.09419887007780534,0.0,0.9179999999999996
10,2,Pamela Anderson,0.1,4,0,S3-27_percent,0.09213556956826374,1.799481299134328e-16,0.9180000000000007
10,2,Niecy Nash,0.095,5,0,S3-27_percent,0.09253589199318245,9.744085330281695e-17,0.9180000000000001
10,2,Jake Pavelka,0.091,6,0,S3-27_percent,0.09156861991344015,0.0,0.9180000000000004
10,2,Shannen Doherty,0.091,6,1,S3-27_percent,0.06611316932446593,0.0,0.0908181818181818
10,2,Aiden Turner,0.086,8,0,S3-27_percent,0.08937981520592854,0.004999999999999935,0.9229999999999949
10,2,Chad Ochocinco,0.073,9,0,S3-27_percent,0.09283765700357414,0.017999999999999912,0.9359999999999995
10,2,Kate Gosselin,0.068,10,0,S3-27_percent,0.09071958026401575,0.0229999999999998,0.9409999999999987
10,2,Buzz Aldrin,0.055,11,0,S3-27_percent,0.10211316932446594,0.036000000000000504,0.9540000000000004
10,3,Evan Lysacek,0.128,1,0,S3-27_percent,0.10345732424562015,8.554421131862969e-17,0.9999999999999991
10,3,Erin Andrews,0.113,2,0,S3-27_percent,0.10345733010366606,8.070800971982095e-16,0.999999999999998
10,3,Nicole Scherzinger,0.113,2,0,S3-27_percent,0.10345728418309395,0.0,0.9999999999999994
10,3,Jake Pavelka,0.103,4,0,S3-27_percent,0.09848580939139015,5.964221554790382e-17,0.9999999999999987
10,3,Niecy Nash,0.103,4,0,S3-27_percent,0.10032006029578695,0.0,1.0
10,3,Pamela Anderson,0.103,4,0,S3-27_percent,0.09956179984829526,0.0,0.9999999999999996
10,3,Aiden Turner,0.099,7,0,S3-27_percent,0.09430875869303916,0.0,1.0
10,3,Chad Ochocinco,0.099,7,0,S3-27_percent,0.10089082199942336,1.1102230246251565e-16,0.999999999999994
10,3,Kate Gosselin,0.074,9,0,S3-27_percent,0.09686990556995466,0.0,1.0
10,3,Buzz Aldrin,0.064,10,1,S3-27_percent,0.09919090566973035,0.0,0.13590000000000058
10,4,Evan Lysacek,0.14,1,0,S3-27_percent,0.11774372716216727,0.0,0.996999999999999
10,4,Nicole Scherzinger,0.135,2,0,S3-27_percent,0.11774366454952997,1.156488193100267e-16,0.9969999999999991
10,4,Pamela Anderson,0.127,3,0,S3-27_percent,0.11009692256589895,0.0,0.9969999999999934
10,4,Chad Ochocinco,0.119,4,0,S3-27_percent,0.11271587722754987,0.0,0.997000000000004
10,4,Erin Andrews,0.105,5,0,S3-27_percent,0.11774371605444117,0.0,0.9970000000000008
10,4,Jake Pavelka,0.102,6,0,S3-27_percent,0.10796859489722295,1.3415586238546122e-16,0.9969999999999979
10,4,Niecy Nash,0.097,7,0,S3-27_percent,0.11159245912162295,0.0,0.9969999999999999
10,4,Aiden Turner,0.089,8,1,S3-27_percent,0.09963640557803906,5.828670879282072e-16,0.13322222222222244
10,4,Kate Gosselin,0.086,9,0,S3-27_percent,0.10475863284352785,0.0029999999999999263,0.9999999999999972
10,5,Nicole Scherzinger,0.168,1,0,S3-27_percent,0.13505150762800294,1.249000902703301e-16,0.9999999999999978
10,5,Evan Lysacek,0.156,2,0,S3-27_percent,0.13505158750087756,0.0,0.9999999999999987
10,5,Jake Pavelka,0.133,3,0,S3-27_percent,0.11613931502016546,0.0,1.0
10,5,Erin Andrews,0.127,4,0,S3-27_percent,0.13505154446340825,7.181755190543981e-16,1.0
10,5,Pamela Anderson,0.121,5,0,S3-27_percent,0.12029600051284525,0.0,0.9999999999999973
10,5,Chad Ochocinco,0.104,6,0,S3-27_percent,0.12538036363676835,0.0,0.9999999999999954
10,5,Niecy Nash,0.104,6,0,S3-27_percent,0.12320346864059316,1.249000902703301e-16,0.9999999999999998
10,5,Kate Gosselin,0.087,8,1,S3-27_percent,0.10982621259733906,0.0,0.16299999999999953
10,6,Nicole Scherzinger,0.172,1,0,S3-27_percent,0.15762965548888205,0.0,1.0
10,6,Erin Andrews,0.163,2,0,S3-27_percent,0.15762964976310126,4.926614671774132e-16,0.9999999999999991
10,6,Chad Ochocinco,0.148,3,0,S3-27_percent,0.13959992041349406,0.0,0.9999999999999989
10,6,Pamela Anderson,0.144,4,0,S3-27_percent,0.12998030203946595,0.0,1.0
10,6,Evan Lysacek,0.129,5,0,S3-27_percent,0.15762970187613434,7.740441083785218e-17,0.9999999999999984
10,6,Niecy Nash,0.124,6,0,S3-27_percent,0.13549378158252284,0.0,1.0
10,6,Jake Pavelka,0.12,7,1,S3-27_percent,0.12203698883639964,1.1680706261905383e-16,0.16571428571428545
10,7,Evan Lysacek,0.174,1,0,S3-27_percent,0.18710634713221913,2.163652328949836e-17,0.993999999999998
10,7,Nicole Scherzinger,0.174,1,0,S3-27_percent,0.18710634211912472,2.673171224080634e-16,0.9940000000000004
10,7,Chad Ochocinco,0.167,3,0,S3-27_percent,0.15464462337510101,0.0,0.9940000000000005
10,7,Erin Andrews,0.164,4,0,S3-27_percent,0.18710632030683003,5.273559366969494e-16,0.9940000000000029
10,7,Pamela Anderson,0.164,4,1,S3-27_percent,0.13691987865505903,0.0,0.16949999999999993
10,7,Niecy Nash,0.158,6,0,S3-27_percent,0.14711648841166602,0.005999999999999923,1.0
10,8,Nicole Scherzinger,0.233,1,0,S3-27_percent,0.22525752107215347,0.0,0.9999999999999996
10,8,Erin Andrews,0.209,2,0,S3-27_percent,0.22525748870475276,0.0,1.0
10,8,Evan Lysacek,0.209,2,0,S3-27_percent,0.22525747361002485,0.0,1.0
10,8,Chad Ochocinco,0.178,4,0,S3-27_percent,0.16883644719089283,0.0,1.0
10,8,Niecy Nash,0.17,5,1,S3-27_percent,0.15539106942217612,0.0,0.2297999999999996
10,9,Evan Lysacek,0.261,1,0,S3-27_percent,0.27369895103662284,6.661338147750939e-16,0.9999999999999969
10,9,Nicole Scherzinger,0.261,1,0,S3-27_percent,0.27369906949269496,3.07084823548844e-16,1.0
10,9,Erin Andrews,0.248,3,0,S3-27_percent,0.27369902311441746,0.0,0.9999999999999986
10,9,Chad Ochocinco,0.23,4,1,S3-27_percent,0.17890295635626471,8.326672684688674e-17,0.27000000000000013
10,10,Nicole Scherzinger,0.348,1,0,S3-27_percent,0.3333333892011429,0.0,0.9999999999999996
10,10,Erin Andrews,0.327,2,0,S3-27_percent,0.3333333528751871,1.6653345369377348e-16,0.9999999999999962
10,10,Evan Lysacek,0.325,3,0,S3-27_percent,0.3333332579236699,1.8318679906315083e-15,1.0
11,1,Jennifer Grey,0.106,1,0,S3-27_percent,0.08615677657395239,1.1800595886668264e-15,0.9999999999999972
11,1,Brandy,0.101,2,0,S3-27_percent,0.08530732853468846,4.163336342344337e-16,1.0
11,1,Kyle Massey,0.101,2,0,S3-27_percent,0.08615693219241449,7.961270002901335e-18,0.9999999999999966
11,1,Rick Fox,0.097,4,0,S3-27_percent,0.08486221162386115,0.0,0.9999999999999987
11,1,Audrina Patridge,0.084,5,0,S3-27_percent,0.08369371036695131,6.800116025829084e-16,0.9999999999999986
11,1,Kurt Warner,0.084,5,0,S3-27_percent,0.0858802063074367,9.5192233093789e-17,1.0
11,1,Bristol Palin,0.079,7,0,S3-27_percent,0.08615662142147976,9.741966714417621e-18,0.999999999999998
11,1,Florence Henderson,0.079,7,0,S3-27_percent,0.08396557572018766,1.3877787807814457e-17,0.99999999999999
11,1,Michael Bolton,0.07,9,0,S3-27_percent,0.07927696642452457,1.0053348728549587e-16,1.0
11,1,David Hasselhoff,0.066,10,1,S3-27_percent,0.07363873419647537,2.2759301891035448e-17,0.10058333333333375
11,1,Margaret Cho,0.066,10,0,S3-27_percent,0.08176411816991992,0.0,0.999999999999999
11,1,The Situation,0.066,10,0,S3-27_percent,0.08314081846810803,5.334866912129223e-27,0.9999999999999953
11,2,Jennifer Grey,0.109,1,0,S3-27_percent,0.09400654865390976,0.0,1.0
11,2,Audrina Patridge,0.104,2,0,S3-27_percent,0.09009343748059451,0.0,0.9999999999999983
11,2,Bristol Palin,0.1,3,0,S3-27_percent,0.09400645848338524,2.0638117097932825e-18,1.0
11,2,Kyle Massey,0.1,3,0,S3-27_percent,0.0940065528476303,4.0838438705398845e-17,0.999999999999998
11,2,Brandy,0.095,5,0,S3-27_percent,0.09266223196008477,2.203098814490545e-16,0.9999999999999983
11,2,Kurt Warner,0.095,5,0,S3-27_percent,0.093569506437589,0.0,0.9999999999999996
11,2,Rick Fox,0.095,5,0,S3-27_percent,0.09195501102093558,0.0,0.9999999999999969
11,2,Florence Henderson,0.086,8,0,S3-27_percent,0.09052754927357042,0.0,1.0
11,2,Margaret Cho,0.081,9,0,S3-27_percent,0.08699772855548901,2.649841615043662e-17,1.0
11,2,The Situation,0.081,9,0,S3-27_percent,0.08920904541591033,2.248201624865942e-15,0.9999999999999999
11,2,Michael Bolton,0.054,11,1,S3-27_percent,0.08296592987090101,0.0,0.12781818181818158
11,3,Audrina Patridge,0.118,1,0,S3-27_percent,0.09692471607534814,0.0,0.9999999999999973
11,3,Brandy,0.109,2,0,S3-27_percent,0.1018547323231102,2.654126918244515e-16,0.9999999999999982
11,3,Jennifer Grey,0.109,2,0,S3-27_percent,0.10441397209810625,9.442567570763345e-17,0.9999999999999996
11,3,Rick Fox,0.109,2,0,S3-27_percent,0.10050261492738691,6.938893903907228e-17,1.0
11,3,Kurt Warner,0.104,5,0,S3-27_percent,0.10358317839408059,1.0962519207080504e-17,0.9999999999999996
11,3,Kyle Massey,0.104,5,0,S3-27_percent,0.10441414529247461,6.5280505810613886e-18,0.9999999999999991
11,3,Florence Henderson,0.09,7,0,S3-27_percent,0.09776173593699612,3.30267874871643e-17,0.999999999999999
11,3,The Situation,0.09,7,0,S3-27_percent,0.0952158438600805,0.0,1.0
11,3,Bristol Palin,0.086,9,0,S3-27_percent,0.10441396792718503,0.0,0.9999999999999987
11,3,Margaret Cho,0.081,10,1,S3-27_percent,0.09091509316523161,3.183004277896153e-17,0.11900000000000008
11,4,Jennifer Grey,0.156,1,0,S3-27_percent,0.11782571345467087,1.0622981947682291e-16,0.9999999999999978
11,4,Brandy,0.134,2,0,S3-27_percent,0.11281108097473404,0.0,0.9999999999999994
11,4,Audrina Patridge,0.128,3,0,S3-27_percent,0.10303906594331454,0.0,1.0
11,4,Kyle Massey,0.112,4,0,S3-27_percent,0.11782565836896326,7.09343004977688e-17,1.0
11,4,Rick Fox,0.109,5,0,S3-27_percent,0.11014543563103223,0.0,0.9999999999999962
11,4,Florence Henderson,0.098,6,0,S3-27_percent,0.10470884254419345,8.943855720106256e-17,0.999999999999997
11,4,Kurt Warner,0.095,7,0,S3-27_percent,0.11620210482935316,6.648039884744259e-17,1.0
11,4,Bristol Palin,0.089,8,0,S3-27_percent,0.11782574500097985,8.635465441869449e-17,0.999999999999998
11,4,The Situation,0.078,9,1,S3-27_percent,0.09961635325275857,1.6807958980980074e-16,0.14411111111111105
11,5,Brandy,0.148,1,0,S3-27_percent,0.1255863701067914,0.0,0.979000000000001
11,5,Jennifer Grey,0.137,2,0,S3-27_percent,0.13523071764289993,9.71445146547012e-17,0.9790000000000004
11,5,Kurt Warner,0.132,3,0,S3-27_percent,0.13212031505513266,0.0,0.9790000000000023
11,5,Rick Fox,0.132,3,0,S3-27_percent,0.12041140736522477,0.0,0.9790000000000015
11,5,Audrina Patridge,0.126,5,0,S3-27_percent,0.10644173401748433,4.579669976578771e-16,0.9790000000000034
11,5,Florence Henderson,0.115,6,1,S3-27_percent,0.109747908624505,0.0,0.1348750000000001
11,5,Kyle Massey,0.11,7,0,S3-27_percent,0.13523072464189242,0.0050000000000002265,0.9839999999999994
11,5,Bristol Palin,0.099,8,0,S3-27_percent,0.13523082254606947,0.01600000000000022,0.9950000000000021
11,6,Brandy,0.174,1,0,S3-27_percent,0.1400632871203608,3.885780586188048e-16,0.8960000000000031
11,6,Audrina Patridge,0.155,2,1,S3-27_percent,0.10327608799198992,0.0,0.13071428571428592
11,6,Rick Fox,0.145,3,0,S3-27_percent,0.13027493607675045,0.009999999999999955,0.9060000000000026
11,6,Kyle Massey,0.145,4,0,S3-27_percent,0.15803647671839285,0.010000000000000111,0.9060000000000012
11,6,Jennifer Grey,0.14,5,0,S3-27_percent,0.15803654012603358,0.0149999999999998,0.9110000000000007
11,6,Bristol Palin,0.135,6,0,S3-27_percent,0.15803658397448248,0.01999999999999965,0.9159999999999984
11,6,Kurt Warner,0.106,7,0,S3-27_percent,0.1522760879919899,0.04899999999999974,0.9449999999999972
11,7,Brandy,0.175,1,0,S3-27_percent,0.15312542336056792,0.0,0.9870000000000007
11,7,Jennifer Grey,0.175,1,0,S3-27_percent,0.18546389329518057,0.0,0.9870000000000023
11,7,Kurt Warner,0.168,3,0,S3-27_percent,0.15538192636591153,4.664470939100538e-18,0.9869999999999978
11,7,Rick Fox,0.165,4,1,S3-27_percent,0.1351009624904695,7.749827822536287e-16,0.16833333333333342
11,7,Kyle Massey,0.161,5,0,S3-27_percent,0.18546390450276698,0.00400000000000017,0.9910000000000025
11,7,Bristol Palin,0.156,6,0,S3-27_percent,0.1854638899851035,0.008999999999999439,0.9960000000000024
11,8,Brandy,0.215,1,0,S3-27_percent,0.16762342325736035,0.0,0.995999999999997
11,8,Jennifer Grey,0.215,1,0,S3-27_percent,0.22390731366699793,1.3278473908044236e-16,0.9959999999999989
11,8,Kyle Massey,0.211,3,0,S3-27_percent,0.22390716699186455,1.942890293094024e-16,0.9959999999999991
11,8,Kurt Warner,0.181,4,1,S3-27_percent,0.1606549221035766,0.0,0.21879999999999933
11,8,Bristol Palin,0.177,5,0,S3-27_percent,0.22390717398020055,0.004000000000001128,0.9999999999999976
11,9,Jennifer Grey,0.263,1,0,S3-27_percent,0.27367616943107376,0.0,0.9819999999999998
11,9,Kyle Massey,0.254,2,0,S3-27_percent,0.27367621372336626,0.0,0.9819999999999982
11,9,Brandy,0.25,3,1,S3-27_percent,0.17897145864829628,2.7755575615628914e-17,0.2497499999999998
11,9,Bristol Palin,0.232,4,0,S3-27_percent,0.27367615819726365,0.018000000000000127,1.0
11,10,Jennifer Grey,0.361,1,0,S3-27_percent,0.33333337927680706,7.771561172376096e-16,1.0
11,10,Kyle Massey,0.329,2,0,S3-27_percent,0.3333333351935371,0.0,0.9999999999999982
11,10,Bristol Palin,0.309,3,0,S3-27_percent,0.3333332855296559,1.1102230246251565e-16,0.9999999999999984
12,1,Ralph Macchio,0.116,1,0,S3-27_percent,0.09211400059016404,0.0,1.0
12,1,Kirstie Alley,0.111,2,0,S3-27_percent,0.09293289603778204,7.006511419390101e-17,0.9999999999999953
12,1,Chelsea Kane,0.101,3,0,S3-27_percent,0.09293270047154745,2.3592239273284576e-16,0.999999999999996
12,1,Hines Ward,0.101,3,0,S3-27_percent,0.09293292610833814,0.0,0.9999999999999998
12,1,Chris Jericho,0.092,5,0,S3-27_percent,0.09122207436552114,7.268491364342822e-16,0.999999999999998
12,1,Romeo,0.092,5,0,S3-27_percent,0.09177924740926305,0.0,1.0
12,1,Kendra Wilkinson,0.087,7,0,S3-27_percent,0.09193315899043424,2.5141804588790127e-16,0.9999999999999971
12,1,Petra Nemcova,0.087,7,0,S3-27_percent,0.09067005335564174,2.0389777147036995e-16,1.0
12,1,Sugar Ray Leonard,0.082,9,0,S3-27_percent,0.08938413061950384,0.0,0.9999999999999984
12,1,Wendy Williams,0.068,10,0,S3-27_percent,0.08835704490290615,8.850377267752762e-17,1.0
12,1,Mike Catherwood,0.063,11,0,S3-27_percent,0.08574176714889824,2.8047670215676157e-11,0.9999999999999983
12,2,Chris Jericho,0.106,1,0,S3-27_percent,0.09140807256821036,0.0,1.0
12,2,Hines Ward,0.106,1,0,S3-27_percent,0.09404807419636285,0.0,1.0
12,2,Romeo,0.106,1,0,S3-27_percent,0.09226958340416616,1.7957356065382227e-17,1.0
12,2,Ralph Macchio,0.097,4,0,S3-27_percent,0.09278655725252996,0.0,0.9999999999999998
12,2,Kirstie Alley,0.093,5,0,S3-27_percent,0.09404814996126866,0.0,1.0
12,2,Kendra Wilkinson,0.088,6,0,S3-27_percent,0.09250800597695606,0.0,1.0
12,2,Chelsea Kane,0.083,7,0,S3-27_percent,0.09404804023419346,0.0,1.0
12,2,Petra Nemcova,0.083,7,0,S3-27_percent,0.09055259718200506,0.0,1.0
12,2,Mike Catherwood,0.079,9,1,S3-27_percent,0.08283013939176334,0.0,0.10272727272727265
12,2,Sugar Ray Leonard,0.079,9,0,S3-27_percent,0.08855277285643826,4.5080565648724117e-17,0.9999999999999983
12,2,Wendy Williams,0.079,9,0,S3-27_percent,0.08694800697610584,6.645146288837567e-17,1.0
12,3,Hines Ward,0.117,1,0,S3-27_percent,0.10442583223652795,0.0,1.0
12,3,Petra Nemcova,0.117,1,0,S3-27_percent,0.09780383184852655,4.317291679483297e-17,1.0
12,3,Chelsea Kane,0.107,3,0,S3-27_percent,0.10442600981755774,0.0,0.9999999999999966
12,3,Kendra Wilkinson,0.107,3,0,S3-27_percent,0.10152013592780045,0.0,0.9999999999999989
12,3,Chris Jericho,0.098,5,0,S3-27_percent,0.09943295244146884,3.2612801348363973e-16,1.0
12,3,Kirstie Alley,0.098,5,0,S3-27_percent,0.10442613601509894,1.1160219912338022e-16,0.9999999999999992
12,3,Ralph Macchio,0.098,5,0,S3-27_percent,0.10204634800912495,0.0,0.9999999999999977
12,3,Romeo,0.093,8,0,S3-27_percent,0.10106791525672575,1.135833417223266e-16,0.9999999999999988
12,3,Sugar Ray Leonard,0.093,8,0,S3-27_percent,0.09397360808175174,4.403180439256844e-17,0.9999999999999991
12,3,Wendy Williams,0.07,10,1,S3-27_percent,0.09087723036541714,0.0,0.12980000000000025
12,4,Chelsea Kane,0.126,1,0,S3-27_percent,0.11782324216027874,0.0,0.9849999999999955
12,4,Hines Ward,0.121,2,0,S3-27_percent,0.11782273050521905,1.341556677603468e-16,0.9849999999999997
12,4,Ralph Macchio,0.121,2,0,S3-27_percent,0.11317282269331694,0.0,0.9850000000000033
12,4,Chris Jericho,0.112,4,0,S3-27_percent,0.10802727752928463,6.019490461639521e-16,0.985
12,4,Petra Nemcova,0.112,4,0,S3-27_percent,0.10479837469709564,0.0,0.9849999999999997
12,4,Romeo,0.112,4,0,S3-27_percent,0.11125096868426224,0.0,0.9849999999999994
12,4,Kirstie Alley,0.107,7,0,S3-27_percent,0.11782327859151734,1.0177477333467031e-16,0.9849999999999968
12,4,Sugar Ray Leonard,0.102,8,1,S3-27_percent,0.09714065256951272,2.914376175980651e-16,0.12022222222222229
12,4,Kendra Wilkinson,0.087,9,0,S3-27_percent,0.11214065256951274,0.01499999999999978,1.0
12,5,Hines Ward,0.139,1,0,S3-27_percent,0.13493820666729495,1.449772266957076e-17,1.0
12,5,Chelsea Kane,0.134,2,0,S3-27_percent,0.13493884081616456,4.440892098500626e-16,0.9999999999999964
12,5,Chris Jericho,0.134,2,0,S3-27_percent,0.11600025276622296,6.74807432154978e-16,1.0
12,5,Romeo,0.134,2,0,S3-27_percent,0.12228277274916186,1.0026701691145945e-15,0.9999999999999989
12,5,Kirstie Alley,0.119,5,0,S3-27_percent,0.13493891419119824,0.0,0.9999999999999993
12,5,Kendra Wilkinson,0.113,6,0,S3-27_percent,0.12124239206787746,0.0,1.0
12,5,Petra Nemcova,0.113,6,1,S3-27_percent,0.10965422512395695,9.465314532257427e-17,0.13687500000000094
12,5,Ralph Macchio,0.113,6,0,S3-27_percent,0.12600439561812304,5.828670879282072e-16,0.999999999999992
12,6,Chelsea Kane,0.156,1,0,S3-27_percent,0.15757326592990892,1.3877787807814457e-16,1.0
12,6,Romeo,0.156,1,0,S3-27_percent,0.13390919833553633,8.145703191034754e-17,0.9999999999999993
12,6,Hines Ward,0.15,3,0,S3-27_percent,0.15757252399543933,0.0,0.9999999999999952
12,6,Kirstie Alley,0.144,4,0,S3-27_percent,0.15757335927366503,0.0,1.0
12,6,Kendra Wilkinson,0.139,5,0,S3-27_percent,0.13051142606071692,7.7021722333370235e-16,0.9999999999999998
12,6,Ralph Macchio,0.133,6,0,S3-27_percent,0.14092941329822023,0.0,0.9999999999999976
12,6,Chris Jericho,0.122,7,1,S3-27_percent,0.12193081310651331,0.0,0.16371428571428553
12,7,Hines Ward,0.175,1,0,S3-27_percent,0.18709811631133483,0.0,0.9940000000000007
12,7,Ralph Macchio,0.175,1,0,S3-27_percent,0.15716398136802412,0.0,0.9939999999999994
12,7,Chelsea Kane,0.17,3,0,S3-27_percent,0.18709862613107572,0.0,0.993999999999999
12,7,Kendra Wilkinson,0.162,4,1,S3-27_percent,0.13725024504069352,2.045937666980993e-16,0.17133333333333325
12,7,Kirstie Alley,0.159,5,0,S3-27_percent,0.18709875025131784,0.0030000000000001137,0.9970000000000001
12,7,Romeo,0.159,5,0,S3-27_percent,0.14429028089755402,0.0030000000000001414,0.9969999999999986
12,8,Chelsea Kane,0.212,1,0,S3-27_percent,0.22537704149102417,0.0,0.976999999999997
12,8,Hines Ward,0.208,2,0,S3-27_percent,0.22537706972152827,8.465450562766819e-16,0.9770000000000001
12,8,Kirstie Alley,0.204,3,0,S3-27_percent,0.22537724568168566,1.6175801576132163e-16,0.9770000000000012
12,8,Romeo,0.2,4,1,S3-27_percent,0.15043432155288092,2.9182496785548515e-16,0.20020000000000007
12,8,Ralph Macchio,0.177,5,0,S3-27_percent,0.17343432155288094,0.02300000000000014,0.9999999999999974
12,9,Chelsea Kane,0.311,1,0,S3-27_percent,0.27295439423462997,0.0,0.9999999999999978
12,9,Hines Ward,0.255,2,0,S3-27_percent,0.27295496287126897,7.216449660063518e-16,0.9999999999999976
12,9,Kirstie Alley,0.23,3,0,S3-27_percent,0.27295463967573746,3.4198153211070445e-16,1.0
12,9,Ralph Macchio,0.204,4,1,S3-27_percent,0.18113600321836362,0.0,0.2959999999999997
12,10,Chelsea Kane,0.34,1,0,S3-27_percent,0.3333329648092611,0.0,1.0
12,10,Hines Ward,0.34,1,0,S3-27_percent,0.3333337613308514,0.0,0.9999999999999991
12,10,Kirstie Alley,0.321,3,0,S3-27_percent,0.3333332738598875,0.0,0.9999999999999996
13,1,Chynna Phillips,0.101,1,0,S3-27_percent,0.08321857915389706,0.0,1.0
13,1,J.R. Martinez,0.101,1,0,S3-27_percent,0.0862416396338246,0.0,1.0
13,1,Hope Solo,0.097,3,0,S3-27_percent,0.08539175534015514,0.0,1.0
13,1,Ricki Lake,0.092,4,0,S3-27_percent,0.0862415433736856,4.176346768414163e-16,1.0
13,1,Kristin Cavallari,0.088,5,0,S3-27_percent,0.07913687115199751,0.0,0.999999999999996
13,1,David Arquette,0.083,6,0,S3-27_percent,0.08495478576147389,0.0,1.0
13,1,Carson Kressley,0.078,7,0,S3-27_percent,0.08487325362974654,1.1102230246251565e-16,0.999999999999995
13,1,Chaz Bono,0.078,7,0,S3-27_percent,0.08804091071952774,2.104219576359867e-15,0.9999999999999987
13,1,Nancy Grace,0.074,9,0,S3-27_percent,0.08520369504477666,5.551115123125783e-17,0.9999999999999968
13,1,Rob Kardashian,0.074,9,0,S3-27_percent,0.0862415275399755,0.0,1.0
13,1,Elisabetta Canalis,0.069,11,0,S3-27_percent,0.07684292788439032,1.0879050566475828e-16,0.9999999999999996
13,1,Metta World Peace (Ron),0.065,12,1,S3-27_percent,0.0736125107665495,4.801284812799451e-17,0.1016666666666664
13,2,Ricki Lake,0.103,1,0,S3-27_percent,0.09415833947312043,0.0,0.9470000000000013
13,2,J.R. Martinez,0.099,2,0,S3-27_percent,0.09415844567703374,0.0,0.9470000000000001
13,2,Kristin Cavallari,0.099,2,0,S3-27_percent,0.08275497951557008,0.0,0.9470000000000012
13,2,Chynna Phillips,0.094,4,0,S3-27_percent,0.08935118643130846,3.9135150924768383e-16,0.9470000000000001
13,2,Elisabetta Canalis,0.094,4,1,S3-27_percent,0.07899012932673272,1.0975637894236954e-15,0.08781818181818124
13,2,Nancy Grace,0.094,4,0,S3-27_percent,0.0925152136745819,2.1298351719037157e-16,0.9469999999999978
13,2,Rob Kardashian,0.094,4,0,S3-27_percent,0.09415831376164208,2.6701741215208667e-16,0.9469999999999978
13,2,Hope Solo,0.085,8,0,S3-27_percent,0.09281340408426249,0.009000000000000077,0.9560000000000021
13,2,Carson Kressley,0.081,9,0,S3-27_percent,0.09199012932673274,0.013000000000000372,0.9600000000000004
13,2,David Arquette,0.081,9,0,S3-27_percent,0.0921197294022828,0.013000000000000187,0.9600000000000055
13,2,Chaz Bono,0.076,11,0,S3-27_percent,0.09699012932673273,0.018000000000000082,0.9650000000000011
13,3,Ricki Lake,0.114,1,0,S3-27_percent,0.1044035730287464,0.0,0.9589999999999963
13,3,Chynna Phillips,0.11,2,0,S3-27_percent,0.09519201278781816,1.2662683970255336e-16,0.9589999999999981
13,3,J.R. Martinez,0.11,2,0,S3-27_percent,0.10440366605319638,0.0,0.9589999999999976
13,3,David Arquette,0.101,4,0,S3-27_percent,0.1005189390592628,0.0,0.9589999999999994
13,3,Hope Solo,0.101,4,0,S3-27_percent,0.10184413311556022,4.826397063117758e-17,0.9590000000000001
13,3,Kristin Cavallari,0.101,4,1,S3-27_percent,0.0822467532046305,2.0035051283799974e-15,0.0990000000000007
13,3,Rob Kardashian,0.101,4,0,S3-27_percent,0.10440357873871302,1.5854993532808675e-16,0.9590000000000005
13,3,Carson Kressley,0.097,8,0,S3-27_percent,0.09846564151613288,0.004000000000000156,0.963000000000005
13,3,Nancy Grace,0.089,9,0,S3-27_percent,0.10127494929130915,0.012000000000000455,0.9710000000000009
13,3,Chaz Bono,0.076,10,0,S3-27_percent,0.1072467532046305,0.024999999999999505,0.9840000000000017
13,4,Ricki Lake,0.139,1,0,S3-27_percent,0.11725330045449106,2.868119687803945e-16,0.996
13,4,J.R. Martinez,0.124,2,0,S3-27_percent,0.11725344420546738,1.2798849288893612e-16,0.9959999999999993
13,4,Hope Solo,0.115,3,0,S3-27_percent,0.1122383637093124,9.072603779358701e-16,0.9959999999999993
13,4,Rob Kardashian,0.115,3,0,S3-27_percent,0.11725333026737973,0.0,0.9960000000000006
13,4,David Arquette,0.11,5,0,S3-27_percent,0.1096265227868393,5.551115123125783e-17,0.9959999999999978
13,4,Chaz Bono,0.1,6,0,S3-27_percent,0.11162040222232321,0.0,0.9959999999999987
13,4,Chynna Phillips,0.1,6,1,S3-27_percent,0.09901877930448238,1.079863445916942e-17,0.12211111111111159
13,4,Nancy Grace,0.1,6,0,S3-27_percent,0.11111790782256195,0.0,0.9959999999999991
13,4,Carson Kressley,0.096,9,0,S3-27_percent,0.10461794922714254,0.00399999999999992,1.0
13,5,J.R. Martinez,0.149,1,0,S3-27_percent,0.13472789838282856,1.5221991924376717e-16,0.999999999999998
13,5,David Arquette,0.133,2,0,S3-27_percent,0.11999582255093652,2.3592239273284576e-16,0.9999999999999982
13,5,Rob Kardashian,0.133,2,0,S3-27_percent,0.13472779983216027,0.0,1.0
13,5,Hope Solo,0.128,4,0,S3-27_percent,0.12507165311929078,3.9050576154257143e-17,0.9999999999999973
13,5,Ricki Lake,0.128,4,0,S3-27_percent,0.134727760665104,0.0,1.0
13,5,Nancy Grace,0.117,6,0,S3-27_percent,0.12289826786619586,3.757370045995891e-17,1.0
13,5,Chaz Bono,0.112,7,0,S3-27_percent,0.11815705649609003,0.0,0.9999999999999993
13,5,Carson Kressley,0.101,8,1,S3-27_percent,0.10969374108739399,7.91033905045424e-16,0.14912500000000023
13,6,J.R. Martinez,0.175,1,0,S3-27_percent,0.15740474019375997,5.936815691613215e-17,0.9999999999999991
13,6,Ricki Lake,0.175,1,0,S3-27_percent,0.15740451920614695,3.659654979548334e-17,1.0
13,6,Nancy Grace,0.145,3,0,S3-27_percent,0.13528601089559117,4.714125033897735e-17,0.9999999999999988
13,6,David Arquette,0.139,4,0,S3-27_percent,0.12977751705185153,0.0,1.0
13,6,Rob Kardashian,0.133,5,0,S3-27_percent,0.15740461594813968,5.832581478623822e-17,0.9999999999999984
13,6,Hope Solo,0.12,6,0,S3-27_percent,0.13938873802395615,0.0,0.9999999999999987
13,6,Chaz Bono,0.114,7,1,S3-27_percent,0.12333385868055474,4.163336342344337e-17,0.17185714285714299
13,7,Ricki Lake,0.181,1,0,S3-27_percent,0.18710071430536734,0.0,0.9900000000000018
13,7,Rob Kardashian,0.174,2,0,S3-27_percent,0.18710077484009066,3.603094772960525e-16,0.9900000000000011
13,7,Hope Solo,0.171,3,0,S3-27_percent,0.15464741937418908,0.0,0.9899999999999997
13,7,J.R. Martinez,0.164,4,0,S3-27_percent,0.18710093996796057,7.632783294297951e-17,0.9900000000000017
13,7,David Arquette,0.16,5,1,S3-27_percent,0.13692867793272673,0.0,0.1733333333333333
13,7,Nancy Grace,0.15,6,0,S3-27_percent,0.14712147357966568,0.0099999999999998,1.0
13,8,J.R. Martinez,0.232,1,0,S3-27_percent,0.22525527641680673,9.992007221626409e-16,1.0
13,8,Hope Solo,0.201,2,0,S3-27_percent,0.16883918180130836,5.551115123125783e-17,0.9999999999999981
13,8,Ricki Lake,0.201,2,0,S3-27_percent,0.2252548960619034,0.0,0.9999999999999946
13,8,Rob Kardashian,0.197,4,0,S3-27_percent,0.22525496229870315,1.8318679906315083e-15,0.9999999999999984
13,8,Nancy Grace,0.17,5,1,S3-27_percent,0.15539568342127824,0.0,0.23020000000000007
13,9,Ricki Lake,0.283,1,0,S3-27_percent,0.2736979903249226,2.7755575615628914e-16,1.0
13,9,Rob Kardashian,0.274,2,0,S3-27_percent,0.2736980268251153,0.0,0.9999999999999992
13,9,J.R. Martinez,0.236,3,0,S3-27_percent,0.27369850859368366,5.204170427930421e-17,1.0
13,9,Hope Solo,0.207,4,1,S3-27_percent,0.1789054742562784,1.1102230246251565e-16,0.293
13,10,Rob Kardashian,0.335,1,0,S3-27_percent,0.3333331394647093,0.0,0.9999999999999987
13,10,J.R. Martinez,0.333,2,0,S3-27_percent,0.3333337562001006,1.6653345369377348e-16,0.9999999999999998
13,10,Ricki Lake,0.331,3,0,S3-27_percent,0.33333310433519014,2.7755575615628914e-16,1.0
14,1,Jaleel White,0.096,1,0,S3-27_percent,0.08365992670459564,2.261185821961972e-17,1.0
14,1,Katherine Jenkins,0.096,1,0,S3-27_percent,0.08481550812693305,0.0,0.9999999999999983
14,1,William Levy,0.089,3,0,S3-27_percent,0.08481573961630615,1.2066170850488553e-17,0.9999999999999989
14,1,Gladys Knight,0.085,4,0,S3-27_percent,0.08356796769536454,5.005935808494969e-17,1.0
14,1,Jack Wagner,0.085,4,0,S3-27_percent,0.08144561535701335,0.0,1.0
14,1,Roshon Fegan,0.085,4,0,S3-27_percent,0.08375323946122634,1.6526415846400046e-17,1.0
14,1,Sherri Sheperd,0.085,4,0,S3-27_percent,0.08255062687882604,0.0,0.9999999999999993
14,1,Donald Driver,0.078,8,0,S3-27_percent,0.08481569280524844,0.0,1.0
14,1,Maria Menounos,0.078,8,0,S3-27_percent,0.08414477888073424,3.232425682643835e-17,0.9999999999999981
14,1,Gavin DeGraw,0.074,10,0,S3-27_percent,0.08318540585272274,0.0,0.999999999999998
14,1,Martina Navratilova,0.074,10,0,S3-27_percent,0.07936084375861634,0.0,0.9999999999999957
14,1,Melissa Gilbert,0.074,10,0,S3-27_percent,0.08388465486241314,8.838271035940588e-17,1.0
14,2,Katherine Jenkins,0.097,1,0,S3-27_percent,0.08570552604056744,0.0,1.0
14,2,Roshon Fegan,0.097,1,0,S3-27_percent,0.08401306353029234,2.2890345799358348e-17,0.9999999999999972
14,2,Maria Menounos,0.093,3,0,S3-27_percent,0.08463786903180734,0.0,0.9999999999999963
14,2,William Levy,0.093,3,0,S3-27_percent,0.08570576564951184,3.320712115344163e-17,1.0
14,2,Donald Driver,0.089,5,0,S3-27_percent,0.08570569663073364,0.0,0.9999999999999966
14,2,Sherri Sheperd,0.086,6,0,S3-27_percent,0.08208724157894154,1.183739892771572e-16,0.9999999999999976
14,2,Jaleel White,0.082,7,0,S3-27_percent,0.08386415716896074,1.7246989239298276e-17,1.0
14,2,Gavin DeGraw,0.078,8,0,S3-27_percent,0.08310507619969074,1.3010426069826053e-16,1.0
14,2,Jack Wagner,0.078,8,0,S3-27_percent,0.08030850826475874,3.123436734952875e-17,1.0
14,2,Melissa Gilbert,0.074,10,0,S3-27_percent,0.08422275055967694,0.0,0.9999999999999983
14,2,Gladys Knight,0.071,11,0,S3-27_percent,0.08371705643170155,0.0,0.9999999999999989
14,2,Martina Navratilova,0.063,12,1,S3-27_percent,0.07692728891335723,1.139904930042148e-16,0.10374999999999975
14,3,Katherine Jenkins,0.104,1,0,S3-27_percent,0.09443186281528163,0.0,1.0
14,3,William Levy,0.1,2,0,S3-27_percent,0.09443210584870623,0.0,1.0
14,3,Maria Menounos,0.096,3,0,S3-27_percent,0.09234059630394342,0.0,1.0
14,3,Donald Driver,0.093,4,0,S3-27_percent,0.09443203038463242,0.0,1.0
14,3,Jaleel White,0.089,5,0,S3-27_percent,0.09081887858297343,0.0,1.0
14,3,Roshon Fegan,0.089,5,0,S3-27_percent,0.09111191194327763,7.345955910332495e-17,1.0
14,3,Gavin DeGraw,0.086,7,0,S3-27_percent,0.08932044884505483,0.0,1.0
14,3,Gladys Knight,0.086,7,0,S3-27_percent,0.09052876035458873,0.0,1.0
14,3,Jack Wagner,0.086,7,1,S3-27_percent,0.08375563428300972,0.0,0.09590909090909115
14,3,Melissa Gilbert,0.086,7,0,S3-27_percent,0.09152440114499003,0.0,1.0
14,3,Sherri Sheperd,0.086,7,0,S3-27_percent,0.08730336949354182,0.0,0.9999999999999989
14,4,Donald Driver,0.116,1,0,S3-27_percent,0.10571000466353815,4.163336342344337e-17,0.9960000000000018
14,4,Maria Menounos,0.112,2,0,S3-27_percent,0.10147529793233205,9.51748461178997e-18,0.9959999999999969
14,4,Roshon Fegan,0.112,2,0,S3-27_percent,0.09897288484527396,0.0,0.9959999999999998
14,4,Katherine Jenkins,0.103,4,0,S3-27_percent,0.10570983882584475,0.0,0.9960000000000008
14,4,Gavin DeGraw,0.099,5,0,S3-27_percent,0.09530504335926455,0.0,0.9959999999999973
14,4,Jaleel White,0.094,6,0,S3-27_percent,0.09837486540387146,0.0,0.995999999999997
14,4,Melissa Gilbert,0.094,6,0,S3-27_percent,0.09981390913213925,0.0,0.9960000000000014
14,4,William Levy,0.094,6,0,S3-27_percent,0.10571004204971615,0.0,0.9960000000000004
14,4,Sherri Sheperd,0.09,9,1,S3-27_percent,0.09114655618169205,6.939023335175083e-16,0.11000000000000021
14,4,Gladys Knight,0.086,10,0,S3-27_percent,0.09778155760632766,0.003999999999999774,1.0
14,5,Katherine Jenkins,0.129,1,0,S3-27_percent,0.12055613079271944,0.0,0.9999999999999986
14,5,William Levy,0.129,1,0,S3-27_percent,0.12055626946049064,3.855395428036714e-17,1.0
14,5,Donald Driver,0.121,3,0,S3-27_percent,0.12055626408376394,0.0,1.0
14,5,Maria Menounos,0.121,3,0,S3-27_percent,0.11213422122445973,3.0936780408486035e-18,1.0
14,5,Roshon Fegan,0.116,5,0,S3-27_percent,0.10710952517313124,0.0,0.9999999999999987
14,5,Jaleel White,0.107,6,0,S3-27_percent,0.10590372311033804,0.0,0.9999999999999989
14,5,Gladys Knight,0.098,7,0,S3-27_percent,0.10470457596683314,0.0,1.0
14,5,Melissa Gilbert,0.094,8,0,S3-27_percent,0.10880210175770225,0.0,0.9999999999999999
14,5,Gavin DeGraw,0.085,9,1,S3-27_percent,0.09967718843056163,0.0,0.13722222222222258
14,6,Katherine Jenkins,0.151,1,0,S3-27_percent,0.14053919107162072,5.534242266636863e-16,1.0
14,6,Jaleel White,0.143,2,0,S3-27_percent,0.11209016279184013,2.636779683484747e-16,0.9999999999999957
14,6,William Levy,0.14,3,0,S3-27_percent,0.14053923604673152,0.0,1.0
14,6,Donald Driver,0.132,4,0,S3-27_percent,0.14053923141675922,2.7755575615628914e-17,1.0
14,6,Melissa Gilbert,0.116,5,0,S3-27_percent,0.11779774191405802,1.0936325348688726e-16,1.0
14,6,Maria Menounos,0.116,6,0,S3-27_percent,0.12430893715910092,0.0,0.9999999999999986
14,6,Roshon Fegan,0.109,7,0,S3-27_percent,0.11446974954056102,0.0,1.0
14,6,Gladys Knight,0.093,8,1,S3-27_percent,0.10971575005932843,0.0,0.15699999999999997
14,7,Maria Menounos,0.155,1,0,S3-27_percent,0.13771626606833853,0.0,0.988999999999997
14,7,Katherine Jenkins,0.147,2,0,S3-27_percent,0.16789074505638601,0.0,0.9890000000000001
14,7,Donald Driver,0.144,3,0,S3-27_percent,0.16789063988888484,0.0,0.9890000000000027
14,7,William Levy,0.144,3,0,S3-27_percent,0.16789068023717252,0.0,0.9890000000000012
14,7,Roshon Fegan,0.142,5,0,S3-27_percent,0.11893971255812563,2.6708047135909533e-17,0.9890000000000002
14,7,Jaleel White,0.139,6,1,S3-27_percent,0.11433597809554623,0.0,0.14657142857142824
14,7,Melissa Gilbert,0.128,7,0,S3-27_percent,0.12533597809554622,0.010999999999999913,0.9999999999999993
14,8,William Levy,0.174,1,0,S3-27_percent,0.20461147508003166,0.0,0.985000000000001
14,8,Roshon Fegan,0.171,2,1,S3-27_percent,0.11554419726813522,8.633213012823489e-17,0.19759999999999847
14,8,Donald Driver,0.168,3,0,S3-27_percent,0.20461137003329374,0.002999999999999975,0.987999999999996
14,8,Katherine Jenkins,0.168,3,0,S3-27_percent,0.20461161135140585,0.0030000000000004606,0.9880000000000009
14,8,Maria Menounos,0.162,5,0,S3-27_percent,0.15058703991374034,0.009000000000000112,0.9940000000000002
14,8,Melissa Gilbert,0.156,6,1,S3-27_percent,0.12003430635339322,2.2867557551963664e-16,0.20959999999999981
14,9,Maria Menounos,0.257,1,1,S3-27_percent,0.1800976178216561,0.0,0.24299999999999983
14,9,William Levy,0.252,2,0,S3-27_percent,0.2733007616249315,0.005000000905245383,0.9769999999999999
14,9,Donald Driver,0.248,3,0,S3-27_percent,0.2733006363326301,0.009000000000000397,0.981
14,9,Katherine Jenkins,0.243,4,0,S3-27_percent,0.2733009842207824,0.013999999999999457,0.9860000000000009
14,10,Katherine Jenkins,0.336,1,0,S3-27_percent,0.3333335783466478,5.273559366969494e-16,0.9999999999999973
14,10,Donald Driver,0.332,2,0,S3-27_percent,0.3333331342101883,1.1102230246251565e-16,0.9999999999999986
14,10,William Levy,0.332,2,0,S3-27_percent,0.3333332874431639,4.1832639379114284e-16,1.0
15,1,Emmitt Smith,0.089,1,0,S3-27_percent,0.07892847532680373,0.0,0.9999999999999967
15,1,Gilles Marini,0.087,2,0,S3-27_percent,0.07872305883781035,6.123101727088795e-17,0.9999999999999999
15,1,Sabrina Bryan,0.081,3,0,S3-27_percent,0.07828072517335904,4.163336342344337e-17,1.0
15,1,Apolo Anton Ohno,0.08,4,0,S3-27_percent,0.07884081223109424,3.469446951953614e-16,0.9999999999999897
15,1,Shawn Johnson,0.08,4,0,S3-27_percent,0.07969052921988184,0.0,0.9999999999999988
15,1,Drew Lachey,0.078,6,0,S3-27_percent,0.07405103195779174,0.0,1.0
15,1,Helio Castroneves,0.078,6,0,S3-27_percent,0.07405113304946684,0.0,0.9999999999999988
15,1,Kelly Monaco,0.078,6,0,S3-27_percent,0.07969074864164484,5.911273094113735e-18,1.0
15,1,Melissa Rycroft,0.076,9,0,S3-27_percent,0.07969088480587334,1.5378525860849477e-16,1.0
15,1,Joey Fatone,0.074,10,0,S3-27_percent,0.07002211134443964,6.155853387013383e-17,1.0
15,1,Bristol Palin,0.071,11,0,S3-27_percent,0.08022246343367555,0.0,1.0
15,1,Kirstie Alley,0.069,12,0,S3-27_percent,0.07872309515036784,0.0,1.0
15,1,Pamela Anderson,0.061,13,1,S3-27_percent,0.06908493082779105,6.720842504482617e-17,0.09299999999999978
15,2,Sabrina Bryan,0.094,1,0,S3-27_percent,0.08452902683961735,2.038669894896644e-17,0.9750000000000035
15,2,Gilles Marini,0.092,2,0,S3-27_percent,0.08525302449409156,7.523413376477758e-17,0.9750000000000002
15,2,Shawn Johnson,0.091,3,0,S3-27_percent,0.08683142108991886,0.0,0.9749999999999996
15,2,Apolo Anton Ohno,0.089,4,0,S3-27_percent,0.08544559684593625,0.0,0.9750000000000023
15,2,Melissa Rycroft,0.085,5,0,S3-27_percent,0.08683171703323375,0.0,0.9750000000000011
15,2,Helio Castroneves,0.083,6,0,S3-27_percent,0.07752207083048665,7.481557194236909e-17,0.9750000000000043
15,2,Drew Lachey,0.082,7,0,S3-27_percent,0.07752197439998755,0.0,0.9750000000000042
15,2,Emmitt Smith,0.082,7,0,S3-27_percent,0.08558883471506605,0.0,0.9750000000000001
15,2,Joey Fatone,0.082,7,1,S3-27_percent,0.07069584098502935,0.0,0.0847500000000001
15,2,Kelly Monaco,0.08,10,0,S3-27_percent,0.08683157264437545,0.002000000000000335,0.9769999999999999
15,2,Kirstie Alley,0.076,11,0,S3-27_percent,0.08525307913722796,0.0060000000000003245,0.9810000000000023
15,2,Bristol Palin,0.065,12,0,S3-27_percent,0.08769584098502936,0.01699999999999951,0.9920000000000013
15,3,Kelly Monaco,0.097,1,0,S3-27_percent,0.09625896089914204,0.0,0.981000000000001
15,3,Melissa Rycroft,0.097,1,0,S3-27_percent,0.09625914928625814,3.1454245874697333e-17,0.9810000000000003
15,3,Shawn Johnson,0.095,3,0,S3-27_percent,0.09625896010624084,0.0,0.981000000000001
15,3,Apolo Anton Ohno,0.092,4,0,S3-27_percent,0.09353251679013264,3.469446951953614e-16,0.9810000000000072
15,3,Gilles Marini,0.092,4,0,S3-27_percent,0.09315228071099764,0.0,0.9809999999999997
15,3,Helio Castroneves,0.092,4,1,S3-27_percent,0.07760919950649242,0.0,0.09940000000000027
15,3,Sabrina Bryan,0.092,4,0,S3-27_percent,0.09172024336928104,0.0,0.9809999999999994
15,3,Emmitt Smith,0.09,8,0,S3-27_percent,0.09381505395986624,0.002000000000000293,0.9829999999999992
15,3,Drew Lachey,0.086,9,1,S3-27_percent,0.07760909642878983,0.0,0.10480000000000003
15,3,Kirstie Alley,0.086,9,0,S3-27_percent,0.09315233959202744,0.005999999999999773,0.9870000000000011
15,3,Bristol Palin,0.081,11,0,S3-27_percent,0.09063219935077174,0.010999999999998653,0.9920000000000041
15,4,Gilles Marini,0.123,1,0,S3-27_percent,0.11009191320900975,0.0,0.992999999999997
15,4,Shawn Johnson,0.123,1,0,S3-27_percent,0.11636724907852526,3.7932982823429784e-16,0.9930000000000008
15,4,Kelly Monaco,0.117,3,0,S3-27_percent,0.11636708431647676,1.418659749652061e-16,0.9930000000000003
15,4,Melissa Rycroft,0.115,4,0,S3-27_percent,0.11636728178161605,0.0,0.9930000000000008
15,4,Emmitt Smith,0.112,5,0,S3-27_percent,0.11143611584490436,0.0,0.9930000000000024
15,4,Sabrina Bryan,0.11,6,0,S3-27_percent,0.10717729967183744,0.0,0.9929999999999994
15,4,Apolo Anton Ohno,0.107,7,0,S3-27_percent,0.11086349093180575,0.0,0.9930000000000005
15,4,Bristol Palin,0.1,8,1,S3-27_percent,0.10123759933869914,3.636551885823864e-16,0.12222222222222263
15,4,Kirstie Alley,0.093,9,0,S3-27_percent,0.11009196582712566,0.006999999999999826,1.0
15,5,Sabrina Bryan,0.132,1,0,S3-27_percent,0.11487975237180123,0.0,0.9999999999999984
15,5,Apolo Anton Ohno,0.127,2,0,S3-27_percent,0.12213055938792852,0.0,1.0
15,5,Gilles Marini,0.127,2,0,S3-27_percent,0.12061842025762663,0.0,1.0
15,5,Melissa Rycroft,0.127,2,0,S3-27_percent,0.13283402570821312,3.649030658661111e-19,1.0
15,5,Shawn Johnson,0.127,2,0,S3-27_percent,0.13283410714976954,1.8644204357742497e-17,0.9999999999999996
15,5,Emmitt Smith,0.126,6,0,S3-27_percent,0.12325081126454343,0.0,1.0
15,5,Kirstie Alley,0.118,7,0,S3-27_percent,0.12061846015417813,0.0,0.9999999999999991
15,5,Kelly Monaco,0.116,8,0,S3-27_percent,0.13283386370593941,3.0745141317793517e-17,1.0
15,6,Apolo Anton Ohno,0.133,1,0,S3-27_percent,0.11964895378229713,4.996003610813204e-16,0.9370000000000019
15,6,Sabrina Bryan,0.133,1,1,S3-27_percent,0.10577332257624873,0.0,0.11712499999999973
15,6,Melissa Rycroft,0.131,3,0,S3-27_percent,0.13975255470299303,0.001999999999999925,0.9389999999999998
15,6,Shawn Johnson,0.124,4,0,S3-27_percent,0.13975272855245563,0.008999999999999855,0.9459999999999986
15,6,Gilles Marini,0.122,5,0,S3-27_percent,0.11677332257624873,0.010999999999999848,0.948
15,6,Kirstie Alley,0.122,5,0,S3-27_percent,0.11677332257624873,0.011000000000000143,0.9479999999999996
15,6,Kelly Monaco,0.119,7,0,S3-27_percent,0.13975247265725924,0.014000000000000045,0.9509999999999987
15,6,Emmitt Smith,0.117,8,0,S3-27_percent,0.12177332257624873,0.016000000000000427,0.9530000000000005
15,7,Melissa Rycroft,0.161,1,0,S3-27_percent,0.1657107555355657,0.0,1.0
15,7,Shawn Johnson,0.157,2,0,S3-27_percent,0.16571094109146217,0.0,1.0
15,7,Kelly Monaco,0.149,3,0,S3-27_percent,0.1657107665003772,7.370881868285402e-17,1.0
15,7,Emmitt Smith,0.143,4,0,S3-27_percent,0.12962084184001535,1.294103713078698e-15,0.9999999999999964
15,7,Gilles Marini,0.138,5,0,S3-27_percent,0.12240271524799486,1.1081317778878609e-16,1.0
15,7,Apolo Anton Ohno,0.136,6,0,S3-27_percent,0.12844137635869765,0.0,0.9999999999999931
15,7,Kirstie Alley,0.116,7,0,S3-27_percent,0.12240260342588716,0.0,1.0
15,8,Melissa Rycroft,0.151,1,0,S3-27_percent,0.18446034154726373,0.0,0.9870000000000079
15,8,Apolo Anton Ohno,0.147,2,0,S3-27_percent,0.11728659316685802,1.8041124150158794e-16,0.9869999999999957
15,8,Gilles Marini,0.147,2,1,S3-27_percent,0.10567706541362443,0.0,0.16516666666666624
15,8,Emmitt Smith,0.146,4,0,S3-27_percent,0.11797820838479522,0.0010000000000012469,0.9879999999999979
15,8,Kelly Monaco,0.142,5,0,S3-27_percent,0.18446041728294452,0.0050000000000001155,0.9920000000000005
15,8,Shawn Johnson,0.14,6,0,S3-27_percent,0.18446047313293773,0.006999999999998827,0.9940000000000032
15,8,Kirstie Alley,0.128,7,1,S3-27_percent,0.10567690107157623,0.0,0.18099999999999988
15,9,Shawn Johnson,0.209,1,0,S3-27_percent,0.24778801673121892,2.2461105155353703e-16,0.9890000000000002
15,9,Melissa Rycroft,0.204,2,0,S3-27_percent,0.24778797943956932,0.0,0.9890000000000022
15,9,Apolo Anton Ohno,0.203,3,1,S3-27_percent,0.12806910408656982,0.0,0.24900000000000014
15,9,Kelly Monaco,0.192,4,0,S3-27_percent,0.24778808789921564,0.010999999999997269,1.0
15,9,Emmitt Smith,0.191,5,1,S3-27_percent,0.12856681184342633,0.0,0.2580000000000017
15,10,Melissa Rycroft,0.336,1,0,S3-27_percent,0.3333332982733716,2.609024107869118e-15,0.9999999999999967
15,10,Kelly Monaco,0.333,2,0,S3-27_percent,0.3333334249867301,0.0,0.9999999999999949
15,10,Shawn Johnson,0.331,3,0,S3-27_percent,0.3333332767398983,3.3542843628896637e-16,1.0
16,1,Zendaya,0.105,1,0,S3-27_percent,0.08448619733472815,7.121467248342814e-17,1.0
16,1,Alexandra Raisman,0.092,2,0,S3-27_percent,0.08446667620988714,0.0,0.9999999999999961
16,1,Dorothy Hamill,0.092,2,0,S3-27_percent,0.07936183849793634,0.0,1.0
16,1,Kellie Pickler,0.092,2,0,S3-27_percent,0.08448619277095834,0.0,1.0
16,1,Ingo Rademacher,0.087,5,0,S3-27_percent,0.08410865093434024,1.4775765561772425e-16,0.9999999999999982
16,1,Jacoby Jones,0.087,5,0,S3-27_percent,0.08450600382436704,1.0840749040689683e-16,0.9999999999999984
16,1,Sean Lowe,0.083,7,0,S3-27_percent,0.08399048159925884,3.9305924023287103e-17,0.9999999999999998
16,1,Lisa Vanderpump,0.079,8,0,S3-27_percent,0.08255343625576264,5.579863783319972e-17,1.0
16,1,Victor Ortiz,0.079,8,0,S3-27_percent,0.08357784791039734,2.570733939920607e-17,0.999999999999999
16,1,Wynonna Judd,0.079,8,0,S3-27_percent,0.08144721232338104,0.0,0.9999999999999996
16,1,Andy Dick,0.074,11,0,S3-27_percent,0.08382466772996444,1.5785983631388945e-16,0.9999999999999976
16,1,D. L. Hughley,0.052,12,0,S3-27_percent,0.08319079460901854,4.284276937397716e-17,0.9999999999999978
16,2,Kellie Pickler,0.107,1,0,S3-27_percent,0.08518129946270206,1.4342442689412604e-16,1.0
16,2,Zendaya,0.107,1,0,S3-27_percent,0.08518130466962266,0.0,0.9999999999999993
16,2,Alexandra Raisman,0.098,3,0,S3-27_percent,0.08515024651229716,0.0,1.0
16,2,Jacoby Jones,0.094,4,0,S3-27_percent,0.08521283854331846,0.0,0.9999999999999957
16,2,Andy Dick,0.082,5,0,S3-27_percent,0.08412675130712026,0.0,0.999999999999999
16,2,Ingo Rademacher,0.082,5,0,S3-27_percent,0.08457982133292725,3.3306690738754696e-16,1.0
16,2,Sean Lowe,0.082,5,0,S3-27_percent,0.08439136706511925,0.0,0.9999999999999991
16,2,Lisa Vanderpump,0.074,8,0,S3-27_percent,0.08209144171088975,3.2949674511049794e-17,1.0
16,2,Victor Ortiz,0.074,8,0,S3-27_percent,0.08373247326330956,0.0,1.0
16,2,Wynonna Judd,0.074,8,0,S3-27_percent,0.08031067887241816,0.0,1.0
16,2,D. L. Hughley,0.066,11,0,S3-27_percent,0.08311333656772825,5.881220691392435e-17,1.0
16,2,Dorothy Hamill,0.061,12,1,S3-27_percent,0.07692844069254716,0.0,0.10575000000000016
16,3,Jacoby Jones,0.111,1,0,S3-27_percent,0.09346688601010346,0.0,0.999999999999998
16,3,Zendaya,0.111,1,0,S3-27_percent,0.09340510473759435,1.6653345369377348e-16,1.0
16,3,Kellie Pickler,0.106,3,0,S3-27_percent,0.09340509716894385,9.460229665359075e-17,0.9999999999999971
16,3,Alexandra Raisman,0.098,4,0,S3-27_percent,0.09334430097671005,2.220446049250313e-16,0.9999999999999981
16,3,Victor Ortiz,0.098,4,0,S3-27_percent,0.09055806411352596,0.0,0.9999999999999991
16,3,Ingo Rademacher,0.089,6,0,S3-27_percent,0.09222539185990966,0.0,1.0
16,3,Lisa Vanderpump,0.089,6,0,S3-27_percent,0.08731074285614224,8.154550637477135e-17,1.0
16,3,Sean Lowe,0.089,6,0,S3-27_percent,0.09185509679167506,0.0,1.0
16,3,Andy Dick,0.077,9,0,S3-27_percent,0.09133467492976846,1.474514954580286e-16,0.9999999999999971
16,3,D. L. Hughley,0.068,10,0,S3-27_percent,0.08933575233205586,1.1560755280858926e-16,0.9999999999999992
16,3,Wynonna Judd,0.064,11,1,S3-27_percent,0.08375888822357104,0.0,0.11781818181818213
16,4,Alexandra Raisman,0.121,1,0,S3-27_percent,0.10350777545447802,1.249000902703301e-16,0.9999999999999993
16,4,Kellie Pickler,0.116,2,0,S3-27_percent,0.10363086221385753,3.316457988182227e-17,1.0
16,4,Zendaya,0.116,2,0,S3-27_percent,0.10363086253542962,0.0,0.9999999999999996
16,4,Jacoby Jones,0.107,4,0,S3-27_percent,0.10375595095095753,6.005133899990645e-18,0.9999999999999987
16,4,Ingo Rademacher,0.103,5,0,S3-27_percent,0.10123741906712362,0.0,0.9999999999999994
16,4,Andy Dick,0.094,6,0,S3-27_percent,0.09942379210449133,0.0,0.9999999999999993
16,4,D. L. Hughley,0.094,6,0,S3-27_percent,0.09533293120952423,1.0468386712015736e-16,1.0
16,4,Sean Lowe,0.089,8,0,S3-27_percent,0.10048411459815443,6.938893903907228e-17,0.9999999999999939
16,4,Lisa Vanderpump,0.08,9,1,S3-27_percent,0.09115838630069761,0.0,0.12000000000000008
16,4,Victor Ortiz,0.08,9,0,S3-27_percent,0.09783790556528603,7.494005416219807e-16,1.0
16,5,Zendaya,0.139,1,0,S3-27_percent,0.11642082147515984,3.855297784044973e-17,0.9999999999999984
16,5,Kellie Pickler,0.129,2,0,S3-27_percent,0.11642081985874334,0.0,1.0
16,5,Jacoby Jones,0.124,3,0,S3-27_percent,0.11666951058068174,7.806255641895632e-17,1.0
16,5,Alexandra Raisman,0.12,4,0,S3-27_percent,0.11617600485877744,0.0,1.0
16,5,Sean Lowe,0.115,5,0,S3-27_percent,0.11013553610896615,7.714568731330846e-18,1.0
16,5,Ingo Rademacher,0.1,6,0,S3-27_percent,0.11164531180935004,5.551115123125783e-17,0.9999999999999971
16,5,Victor Ortiz,0.1,6,0,S3-27_percent,0.10480577319011114,0.0,0.9999999999999996
16,5,Andy Dick,0.086,8,0,S3-27_percent,0.10800491787899504,0.0,0.999999999999999
16,5,D. L. Hughley,0.086,8,1,S3-27_percent,0.09972130423921532,1.0797564663056694e-17,0.13611111111111113
16,6,Kellie Pickler,0.143,1,0,S3-27_percent,0.13256402322184205,0.0,1.0
16,6,Alexandra Raisman,0.138,2,0,S3-27_percent,0.13209222268164875,1.942890293094024e-16,1.0
16,6,Zendaya,0.135,3,0,S3-27_percent,0.13256401285722755,1.8041124150158794e-16,0.999999999999998
16,6,Ingo Rademacher,0.122,4,0,S3-27_percent,0.12331223052018506,6.865571984540907e-17,1.0
16,6,Sean Lowe,0.122,4,0,S3-27_percent,0.12036521549811885,0.0,1.0
16,6,Jacoby Jones,0.119,6,0,S3-27_percent,0.13304298852654875,0.0,0.9999999999999996
16,6,Andy Dick,0.114,7,0,S3-27_percent,0.11618755605238745,1.7694179454963432e-16,0.9999999999999991
16,6,Victor Ortiz,0.106,8,1,S3-27_percent,0.10987175064204166,0.0,0.1438749999999999
16,7,Alexandra Raisman,0.174,1,0,S3-27_percent,0.15215181365960084,0.0,0.9999999999999951
16,7,Zendaya,0.163,2,0,S3-27_percent,0.15302883325052935,1.5826299356643607e-16,1.0
16,7,Kellie Pickler,0.158,3,0,S3-27_percent,0.15302884780200515,0.0,0.9999999999999989
16,7,Jacoby Jones,0.147,4,0,S3-27_percent,0.15391842824244376,0.0,1.0
16,7,Ingo Rademacher,0.136,5,0,S3-27_percent,0.13568347778095255,1.1102230246251565e-16,1.0
16,7,Sean Lowe,0.13,6,0,S3-27_percent,0.13008976631439645,0.0,0.9999999999999982
16,7,Andy Dick,0.092,7,1,S3-27_percent,0.12209883295007204,4.49023814803129e-16,0.19371428571428567
16,8,Zendaya,0.186,1,0,S3-27_percent,0.17887216863641422,5.551115123125783e-17,0.9999999999999961
16,8,Alexandra Raisman,0.18,2,0,S3-27_percent,0.17730254476949972,0.0,0.9999999999999931
16,8,Kellie Pickler,0.177,3,0,S3-27_percent,0.17887217558500612,0.0,1.0
16,8,Jacoby Jones,0.167,4,0,S3-27_percent,0.18046220712334712,0.0,1.0
16,8,Ingo Rademacher,0.154,5,0,S3-27_percent,0.14741815995371013,1.6757428777935957e-15,1.0
16,8,Sean Lowe,0.135,6,1,S3-27_percent,0.13707274393202262,2.047431555176697e-18,0.19816666666666694
16,9,Alexandra Raisman,0.209,1,0,S3-27_percent,0.20833758024801066,1.1102230246251565e-16,1.0
16,9,Jacoby Jones,0.209,1,0,S3-27_percent,0.21377348070655575,0.0,0.9999999999999979
16,9,Kellie Pickler,0.206,3,0,S3-27_percent,0.21104051512718505,4.440892098500626e-16,1.0
16,9,Zendaya,0.195,4,0,S3-27_percent,0.21104049113631734,0.0,0.9999999999999993
16,9,Ingo Rademacher,0.181,5,1,S3-27_percent,0.15580793278193114,0.0,0.21900000000000025
16,10,Kellie Pickler,0.256,1,0,S3-27_percent,0.24999038195853532,2.220446049250313e-16,0.9910000000000003
16,10,Zendaya,0.256,1,0,S3-27_percent,0.24999036100535094,0.0,0.9910000000000005
16,10,Alexandra Raisman,0.248,3,1,S3-27_percent,0.24550962851805683,2.220446049250313e-16,0.25175000000000003
16,10,Jacoby Jones,0.239,4,0,S3-27_percent,0.254509628518057,0.008999999999999902,0.9999999999999998
17,1,Amber Riley,0.105,1,0,S3-27_percent,0.08435864079237704,4.85722573273506e-16,1.0
17,1,Corbin Bleu,0.094,2,0,S3-27_percent,0.0843586219101005,2.4477978001697416e-16,0.9999999999999956
17,1,Elizabeth Berkley Lauren,0.094,2,0,S3-27_percent,0.08410046669885754,1.8175796041746738e-17,0.9999999999999991
17,1,Jack Osbourne,0.09,4,0,S3-27_percent,0.08435868623930501,0.0,0.999999999999998
17,1,"Nicole ""Snooki"" Polizzi",0.09,4,0,S3-27_percent,0.0838674876387572,2.767032783894979e-17,1.0
17,1,Brant Daugherty,0.086,6,0,S3-27_percent,0.08397817435247724,1.1658933422882655e-16,1.0
17,1,Christina Milian,0.086,6,0,S3-27_percent,0.08267900187877748,3.113410649878444e-17,0.9999999999999982
17,1,Leah Remini,0.082,8,0,S3-27_percent,0.08460124659484823,0.0,1.0
17,1,Valerie Harper,0.082,8,0,S3-27_percent,0.082555037566554,0.0,1.0
17,1,Bill Engvall,0.07,10,0,S3-27_percent,0.08437309012496876,0.0,0.9999999999999989
17,1,Keyshawn Johnson,0.066,11,0,S3-27_percent,0.07915174386896112,0.0,0.9999999999999976
17,1,Bill Nye,0.055,12,0,S3-27_percent,0.08161780233401582,1.2640460144652542e-16,0.9999999999999967
17,2,Corbin Bleu,0.098,1,0,S3-27_percent,0.0849788685341621,0.0,0.995999999999998
17,2,Christina Milian,0.094,2,0,S3-27_percent,0.0822937811227475,0.0,0.9960000000000029
17,2,Elizabeth Berkley Lauren,0.094,2,0,S3-27_percent,0.08456730552658077,3.4832495099358895e-16,0.9960000000000024
17,2,Amber Riley,0.09,4,0,S3-27_percent,0.08497871500980154,1.1102230246251565e-16,0.9960000000000009
17,2,Jack Osbourne,0.09,4,0,S3-27_percent,0.08497885150186113,2.983239758721935e-16,0.9960000000000002
17,2,Leah Remini,0.09,4,0,S3-27_percent,0.0853650750631178,0.0,0.9959999999999978
17,2,Brant Daugherty,0.086,7,0,S3-27_percent,0.08437246540194789,1.111771166577905e-16,0.9960000000000018
17,2,Bill Engvall,0.079,8,0,S3-27_percent,0.08500182224199064,0.0,0.9960000000000011
17,2,"Nicole ""Snooki"" Polizzi",0.075,9,0,S3-27_percent,0.08419573129018616,6.036837696399289e-16,0.9960000000000017
17,2,Valerie Harper,0.071,10,0,S3-27_percent,0.08209449427817503,0.0,0.9959999999999982
17,2,Keyshawn Johnson,0.068,11,1,S3-27_percent,0.07658644501471476,2.7680664037554504e-16,0.0985833333333331
17,2,Bill Nye,0.064,12,0,S3-27_percent,0.08058644501471475,0.003999999999999976,0.9999999999999971
17,3,Brant Daugherty,0.106,1,0,S3-27_percent,0.09179157043370012,0.0,1.0
17,3,Christina Milian,0.102,2,0,S3-27_percent,0.08768597864784855,0.0,1.0
17,3,Corbin Bleu,0.102,2,0,S3-27_percent,0.09298188281146326,0.0,0.9999999999999973
17,3,Elizabeth Berkley Lauren,0.098,4,0,S3-27_percent,0.09217425646526718,4.0043234803909335e-17,1.0
17,3,"Nicole ""Snooki"" Polizzi",0.098,4,0,S3-27_percent,0.09144393178278834,0.0,0.9999999999999994
17,3,Amber Riley,0.094,6,0,S3-27_percent,0.0929818345739121,0.0,1.0
17,3,Bill Engvall,0.094,6,0,S3-27_percent,0.09302673686828479,0.0,0.9999999999999987
17,3,Leah Remini,0.094,6,0,S3-27_percent,0.09373849016314159,7.704946189868131e-17,1.0
17,3,Jack Osbourne,0.086,9,0,S3-27_percent,0.09298207472907598,0.0,0.9999999999999978
17,3,Bill Nye,0.063,10,1,S3-27_percent,0.08390288430678862,0.0,0.118818181818181
17,3,Valerie Harper,0.063,10,0,S3-27_percent,0.0872903592177295,5.70777448091422e-18,1.0
17,4,Amber Riley,0.114,1,0,S3-27_percent,0.10280581199971545,0.0,1.0
17,4,Corbin Bleu,0.114,1,0,S3-27_percent,0.10280569523054808,0.0,1.0
17,4,Elizabeth Berkley Lauren,0.114,1,0,S3-27_percent,0.10116554140704874,0.0,1.0
17,4,Christina Milian,0.101,4,0,S3-27_percent,0.0919668038806219,0.0,1.0
17,4,Jack Osbourne,0.101,4,0,S3-27_percent,0.10280592573856052,3.342275969725217e-17,1.0
17,4,Leah Remini,0.101,4,0,S3-27_percent,0.10433796916412955,0.0,1.0
17,4,"Nicole ""Snooki"" Polizzi",0.101,4,0,S3-27_percent,0.09967905569536595,0.0,1.0
17,4,Bill Engvall,0.089,8,0,S3-27_percent,0.10289683991433261,0.0,1.0
17,4,Brant Daugherty,0.089,8,0,S3-27_percent,0.10038737993302378,0.0,1.0
17,4,Valerie Harper,0.076,10,1,S3-27_percent,0.0911489770366534,3.249851616428566e-17,0.12400000000000014
17,5,Christina Milian,0.119,1,1,S3-27_percent,0.0928359139935879,0.0,0.10333333333333367
17,5,Corbin Bleu,0.119,1,0,S3-27_percent,0.11478868913372868,1.942890293094024e-16,0.9300000000000014
17,5,Brant Daugherty,0.115,3,0,S3-27_percent,0.10995179272270895,0.004000000000000433,0.9340000000000002
17,5,Jack Osbourne,0.115,3,0,S3-27_percent,0.11478876686721595,0.004000000000000425,0.9339999999999994
17,5,"Nicole ""Snooki"" Polizzi",0.115,3,0,S3-27_percent,0.10852872837404334,0.003999999999999868,0.9340000000000024
17,5,Amber Riley,0.111,6,0,S3-27_percent,0.11478875745819844,0.00799999999999991,0.9379999999999968
17,5,Elizabeth Berkley Lauren,0.111,6,0,S3-27_percent,0.11151151830752588,0.007999999999999943,0.938000000000001
17,5,Bill Engvall,0.102,8,0,S3-27_percent,0.11496991914940285,0.01700000000000045,0.9469999999999996
17,5,Leah Remini,0.094,9,0,S3-27_percent,0.1178359139935879,0.024999999999999873,0.9550000000000027
17,6,Amber Riley,0.139,1,0,S3-27_percent,0.12869560860613805,0.0,0.9999999999999954
17,6,Elizabeth Berkley Lauren,0.139,2,0,S3-27_percent,0.12233314046388066,3.490320065854102e-17,1.0
17,6,Brant Daugherty,0.134,3,0,S3-27_percent,0.11928772867448727,1.078970925586101e-16,1.0
17,6,"Nicole ""Snooki"" Polizzi",0.13,4,0,S3-27_percent,0.11649836205421363,0.0,0.9999999999999967
17,6,Leah Remini,0.121,5,0,S3-27_percent,0.1267481597534747,0.0,1.0
17,6,Corbin Bleu,0.117,6,0,S3-27_percent,0.12869556629906118,0.0,0.9999999999999989
17,6,Jack Osbourne,0.117,7,0,S3-27_percent,0.12869562786251187,0.0,1.0
17,6,Bill Engvall,0.104,8,0,S3-27_percent,0.12904580628623272,2.2898349882893854e-16,0.9999999999999973
17,7,Amber Riley,0.133,1,0,S3-27_percent,0.1324900408236901,0.0,0.988999999999999
17,7,Corbin Bleu,0.133,1,0,S3-27_percent,0.13248980457233783,2.1830584384087165e-16,0.9889999999999985
17,7,Brant Daugherty,0.129,3,0,S3-27_percent,0.11471556725779658,3.497352122608019e-16,0.9890000000000009
17,7,Jack Osbourne,0.129,3,0,S3-27_percent,0.13249003492416642,0.0,0.9889999999999988
17,7,Elizabeth Berkley Lauren,0.122,5,0,S3-27_percent,0.12050711190255713,0.0,0.9889999999999998
17,7,"Nicole ""Snooki"" Polizzi",0.122,5,1,S3-27_percent,0.10937704779637912,0.0,0.12812499999999954
17,7,Leah Remini,0.12,7,0,S3-27_percent,0.12478538474451518,0.002000000000000239,0.9910000000000009
17,7,Bill Engvall,0.113,8,0,S3-27_percent,0.13314500797855755,0.009000000000000154,0.998000000000001
17,8,Corbin Bleu,0.156,1,0,S3-27_percent,0.15299076245575957,1.942890293094024e-16,0.9729999999999949
17,8,Jack Osbourne,0.156,1,0,S3-27_percent,0.15299132965520112,0.0,0.9730000000000015
17,8,Amber Riley,0.146,3,0,S3-27_percent,0.1529911128139681,0.0,0.9729999999999929
17,8,Leah Remini,0.146,3,0,S3-27_percent,0.13653388709161673,0.0,0.9730000000000011
17,8,Brant Daugherty,0.141,5,1,S3-27_percent,0.11964770685721723,6.407790513880053e-16,0.14471428571428585
17,8,Elizabeth Berkley Lauren,0.13,6,0,S3-27_percent,0.13064770685721724,0.01100000000000112,0.9839999999999982
17,8,Bill Engvall,0.125,7,0,S3-27_percent,0.15419749426901996,0.016000000000001558,0.9890000000000008
17,9,Corbin Bleu,0.184,1,0,S3-27_percent,0.1785994567244847,0.0,0.9250000000000016
17,9,Elizabeth Berkley Lauren,0.178,2,1,S3-27_percent,0.13575047277984426,0.0,0.15516666666666695
17,9,Jack Osbourne,0.171,3,0,S3-27_percent,0.17860023366497754,0.007000000000000339,0.9320000000000036
17,9,Leah Remini,0.171,3,0,S3-27_percent,0.1476995511297397,0.006999999999999021,0.9319999999999973
17,9,Amber Riley,0.162,5,0,S3-27_percent,0.1785998129211096,0.015999999999999903,0.9409999999999931
17,9,Bill Engvall,0.133,6,0,S3-27_percent,0.18075047277984427,0.045000000000001934,0.97
17,10,Amber Riley,0.226,1,0,S3-27_percent,0.2106617299759909,0.0,0.9850000000000071
17,10,Corbin Bleu,0.214,2,0,S3-27_percent,0.21066114511762188,0.0,0.9849999999999998
17,10,Jack Osbourne,0.203,3,0,S3-27_percent,0.21066224812014855,0.0,0.9850000000000012
17,10,Leah Remini,0.186,4,1,S3-27_percent,0.15582021409811606,0.0,0.21399999999999963
17,10,Bill Engvall,0.171,5,0,S3-27_percent,0.21219466268812273,0.014999999999996558,1.0
17,11,Amber Riley,0.274,1,0,S3-27_percent,0.24968048316515568,1.6653345369377348e-16,1.0
17,11,Corbin Bleu,0.259,2,0,S3-27_percent,0.24968007875240897,0.0,1.0
17,11,Jack Osbourne,0.245,3,0,S3-27_percent,0.24968129131160555,0.0,1.0
17,11,Bill Engvall,0.223,4,1,S3-27_percent,0.25095814677082995,0.0,0.27725000000000055
18,1,Charlie White,0.103,1,0,S3-27_percent,0.08639180433637884,0.0,0.9879999999999984
18,1,Candace Cameron Bure,0.095,2,0,S3-27_percent,0.08689716714709395,0.0,0.9880000000000033
18,1,Amy Purdy,0.092,3,0,S3-27_percent,0.08682940221328844,6.106226635438361e-16,0.988
18,1,Danica McKellar,0.092,3,0,S3-27_percent,0.08625441543335695,2.1831486748305387e-16,0.9880000000000044
18,1,Meryl Davis,0.092,3,0,S3-27_percent,0.08682963839450024,1.0779281661358175e-16,0.9880000000000043
18,1,Cody Simpson,0.084,6,0,S3-27_percent,0.08467476077186384,0.0,0.9879999999999987
18,1,Drew Carey,0.08,7,0,S3-27_percent,0.08633326187065714,1.6653345369377348e-16,0.9880000000000002
18,1,James Maslow,0.08,7,0,S3-27_percent,0.08676528100587134,0.0,0.9880000000000044
18,1,NeNe Leakes,0.08,7,0,S3-27_percent,0.08606139398134355,0.0,0.987999999999999
18,1,Sean Avery,0.076,10,0,S3-27_percent,0.07539750369653923,0.0,0.9880000000000028
18,1,Diana Nyad,0.069,11,1,S3-27_percent,0.06778268557455323,3.1623586114870133e-16,0.09766666666666642
18,1,Billy Dee Williams,0.057,12,0,S3-27_percent,0.07978268557455324,0.011999999999999572,1.0
18,2,Charlie White,0.102,1,0,S3-27_percent,0.09397441429933866,0.0,1.0
18,2,James Maslow,0.102,1,0,S3-27_percent,0.09456374172508386,0.0,1.0
18,2,Meryl Davis,0.102,1,0,S3-27_percent,0.09466520518899235,0.0,0.9999999999999989
18,2,Amy Purdy,0.098,4,0,S3-27_percent,0.09466496942048336,0.0,1.0
18,2,Danica McKellar,0.098,4,0,S3-27_percent,0.09375757945641505,0.0,0.9999999999999982
18,2,Cody Simpson,0.09,6,0,S3-27_percent,0.09125363572002596,0.0,0.9999999999999981
18,2,Candace Cameron Bure,0.086,7,0,S3-27_percent,0.09477156911078626,2.220446049250313e-16,1.0
18,2,Drew Carey,0.086,7,0,S3-27_percent,0.09388222749112085,2.5025786643171213e-17,1.0
18,2,NeNe Leakes,0.086,7,0,S3-27_percent,0.09345275550572195,7.498328479132594e-17,1.0
18,2,Sean Avery,0.086,7,1,S3-27_percent,0.07617425186485104,0.0,0.1075999999999996
18,2,Billy Dee Williams,0.061,11,1,S3-27_percent,0.07883965021718084,0.0,0.13010000000000063
18,3,Meryl Davis,0.125,1,0,S3-27_percent,0.11259024332462977,3.084415827657467e-17,0.9999999999999964
18,3,Amy Purdy,0.116,2,0,S3-27_percent,0.11259004657853026,0.0,1.0
18,3,Charlie White,0.116,2,0,S3-27_percent,0.11128014820416836,3.084424379592928e-17,1.0
18,3,Danica McKellar,0.116,2,0,S3-27_percent,0.11086842455746945,4.163782489460216e-17,0.9999999999999998
18,3,James Maslow,0.116,2,0,S3-27_percent,0.11239810315473865,7.401930993169791e-17,1.0
18,3,Cody Simpson,0.113,6,0,S3-27_percent,0.10608665791268306,0.0,0.9999999999999982
18,3,Candace Cameron Bure,0.103,7,0,S3-27_percent,0.11279157813421617,0.0,1.0
18,3,NeNe Leakes,0.1,8,0,S3-27_percent,0.11028922169210076,1.0794265493954286e-16,0.9999999999999957
18,3,Drew Carey,0.096,9,0,S3-27_percent,0.11110557644146356,5.703047372354523e-17,0.9999999999999997
18,4,Meryl Davis,0.131,1,0,S3-27_percent,0.11396070732621535,0.0,0.999999999999998
18,4,James Maslow,0.118,2,0,S3-27_percent,0.11359248902938096,0.0,1.0
18,4,Amy Purdy,0.114,3,0,S3-27_percent,0.11396057651278846,1.3877787807814457e-17,1.0
18,4,Charlie White,0.111,4,0,S3-27_percent,0.11144601524368786,0.0,0.9999999999999971
18,4,Drew Carey,0.111,4,0,S3-27_percent,0.11111075365812226,0.0,1.0
18,4,Danica McKellar,0.108,6,0,S3-27_percent,0.11065415676672866,7.093554834116169e-17,1.0
18,4,NeNe Leakes,0.108,6,0,S3-27_percent,0.10953881070965316,8.018737653825863e-17,1.0
18,4,Cody Simpson,0.104,8,0,S3-27_percent,0.10139012149990154,8.01876293530684e-17,0.9999999999999973
18,4,Candace Cameron Bure,0.094,9,0,S3-27_percent,0.11434636925352186,0.0,1.0
18,5,James Maslow,0.124,1,0,S3-27_percent,0.11592172116734267,0.0,0.9809999999999968
18,5,Danica McKellar,0.121,2,0,S3-27_percent,0.11026430350892875,0.0,0.9809999999999952
18,5,Amy Purdy,0.115,3,0,S3-27_percent,0.11662771053901247,0.0,0.9809999999999974
18,5,Charlie White,0.115,3,0,S3-27_percent,0.11179275612072935,0.0,0.9809999999999992
18,5,Meryl Davis,0.112,5,0,S3-27_percent,0.11662781756505017,0.0,0.9809999999999988
18,5,NeNe Leakes,0.112,5,0,S3-27_percent,0.10810638397831386,0.0,0.9809999999999961
18,5,Candace Cameron Bure,0.109,7,0,S3-27_percent,0.11736669309371767,5.169475958410885e-16,0.980999999999999
18,5,Cody Simpson,0.106,8,1,S3-27_percent,0.09214630701345256,3.5003331518901283e-16,0.11633333333333376
18,5,Drew Carey,0.087,9,0,S3-27_percent,0.11114630701345256,0.019000000000000312,1.0
18,6,Meryl Davis,0.142,1,0,S3-27_percent,0.13207691727335516,9.43689570931383e-16,0.9999999999999993
18,6,Amy Purdy,0.135,2,0,S3-27_percent,0.13207679602555036,3.0531133177191805e-16,0.9999999999999998
18,6,Charlie White,0.128,3,0,S3-27_percent,0.12280443090257574,0.0,1.0
18,6,Danica McKellar,0.128,3,0,S3-27_percent,0.11985104808894294,1.4892537220475858e-17,1.0
18,6,James Maslow,0.124,5,0,S3-27_percent,0.13072932718350005,1.1102230246251565e-16,0.9999999999999948
18,6,NeNe Leakes,0.117,6,0,S3-27_percent,0.11566237005086374,1.031506535267296e-16,0.9999999999999996
18,6,Candace Cameron Bure,0.113,7,0,S3-27_percent,0.13348471902311435,8.881784197001252e-16,1.0
18,6,Drew Carey,0.113,7,1,S3-27_percent,0.11331439145209775,0.0,0.13699999999999904
18,7,Meryl Davis,0.154,1,0,S3-27_percent,0.15301889969096943,1.0013261704734852e-16,1.0
18,7,Amy Purdy,0.148,2,0,S3-27_percent,0.15301882673092912,0.0,0.9999999999999974
18,7,Candace Cameron Bure,0.146,3,0,S3-27_percent,0.15562575883407062,0.0,1.0
18,7,Danica McKellar,0.142,4,0,S3-27_percent,0.13007398647717122,0.0,1.0
18,7,Charlie White,0.14,5,0,S3-27_percent,0.13566945925510382,0.0,1.0
18,7,James Maslow,0.138,6,0,S3-27_percent,0.15051713409102452,0.0,0.9999999999999987
18,7,NeNe Leakes,0.13,7,1,S3-27_percent,0.12207593492073122,0.0,0.15542857142857108
18,8,Amy Purdy,0.177,1,0,S3-27_percent,0.17884328798292562,5.551115123125783e-16,0.972999999999998
18,8,Charlie White,0.177,1,0,S3-27_percent,0.14739988023146283,4.2062559241608127e-16,0.9730000000000032
18,8,Danica McKellar,0.168,3,1,S3-27_percent,0.13705653165850892,0.0,0.1651666666666667
18,8,Candace Cameron Bure,0.159,4,0,S3-27_percent,0.18349388248156193,0.009000000000000487,0.9819999999999998
18,8,James Maslow,0.159,4,0,S3-27_percent,0.17436317977238072,0.008999999999999814,0.9819999999999985
18,8,Meryl Davis,0.159,4,0,S3-27_percent,0.17884323787316003,0.009000000000000966,0.9820000000000029
18,9,Meryl Davis,0.209,1,0,S3-27_percent,0.21099073946090446,1.8735013540549517e-15,0.9889999999999989
18,9,Amy Purdy,0.204,2,0,S3-27_percent,0.21099090234365844,0.0,0.9889999999999949
18,9,Charlie White,0.199,3,1,S3-27_percent,0.15578552942450502,0.0,0.20079999999999978
18,9,James Maslow,0.199,3,0,S3-27_percent,0.20326401266093816,0.0,0.9889999999999989
18,9,Candace Cameron Bure,0.188,5,0,S3-27_percent,0.21896881610999405,0.011000000000000551,1.0
18,10,Meryl Davis,0.262,1,0,S3-27_percent,0.24991934261827056,4.996003610813204e-16,0.9739999999999973
18,10,Amy Purdy,0.259,2,0,S3-27_percent,0.24991956190431955,0.0,0.9740000000000016
18,10,James Maslow,0.253,3,1,S3-27_percent,0.23708054773870496,3.647883044971103e-18,0.24724999999999986
18,10,Candace Cameron Bure,0.227,4,0,S3-27_percent,0.26308054773870493,0.025999999999998608,1.0
19,1,Alfonso Ribeiro,0.097,1,0,S3-27_percent,0.07853363416806103,2.3592239273284576e-16,0.9950000000000002
19,1,Sadie Robertson,0.091,2,0,S3-27_percent,0.07853331993419302,3.6982801055656784e-16,0.9949999999999999
19,1,Bethany Mota,0.086,3,0,S3-27_percent,0.07853421007986221,0.0,0.9949999999999986
19,1,Lea Thompson,0.086,3,0,S3-27_percent,0.07822644161272659,5.876426410467133e-17,0.9950000000000009
19,1,Randy Couture,0.083,5,0,S3-27_percent,0.07577351827739082,1.713039432527097e-16,0.9949999999999996
19,1,Jonathan Bennett,0.081,6,0,S3-27_percent,0.07836857210225678,9.872475111898205e-17,0.9950000000000019
19,1,Janel Parrish,0.078,7,0,S3-27_percent,0.07853406562476078,0.0,0.9950000000000008
19,1,Tavis Smiley,0.078,7,0,S3-27_percent,0.07255466558901352,8.140245242577186e-16,0.9950000000000012
19,1,Tommy Chong,0.073,9,0,S3-27_percent,0.07840207580807976,0.0,0.9949999999999992
19,1,Antonio Sabato Jr.,0.067,10,0,S3-27_percent,0.07822662389700716,2.1337098754514727e-16,0.9949999999999943
19,1,Michael Waltrip,0.067,10,0,S3-27_percent,0.07918346528939434,1.1102230246251565e-16,0.9950000000000014
19,1,Lolo Jones,0.059,12,1,S3-27_percent,0.06911409911393027,3.661941668843646e-16,0.09484615384615394
19,1,Betsey Johnson,0.054,13,0,S3-27_percent,0.07601530850332379,0.005000000000000115,1.0
19,2,Lea Thompson,0.097,1,0,S3-27_percent,0.0844185982009906,1.715662459555676e-17,0.9889999999999975
19,2,Janel Parrish,0.094,2,0,S3-27_percent,0.08492246997602547,0.0,0.9890000000000012
19,2,Bethany Mota,0.091,3,0,S3-27_percent,0.08492256326947789,3.7239014581985786e-16,0.9889999999999974
19,2,Alfonso Ribeiro,0.088,4,0,S3-27_percent,0.08492218112820787,0.0,0.9889999999999968
19,2,Antonio Sabato Jr.,0.086,5,0,S3-27_percent,0.08441905917258637,4.753142324176451e-16,0.9889999999999988
19,2,Sadie Robertson,0.086,5,0,S3-27_percent,0.08492190841269123,3.96884713300168e-17,0.9889999999999974
19,2,Jonathan Bennett,0.083,7,0,S3-27_percent,0.08465161347624446,2.1380202982144104e-16,0.9890000000000005
19,2,Betsey Johnson,0.077,8,0,S3-27_percent,0.08077423601740456,0.0,0.9890000000000005
19,2,Randy Couture,0.077,8,0,S3-27_percent,0.0803730550908532,0.0,0.988999999999997
19,2,Tavis Smiley,0.077,8,1,S3-27_percent,0.07498379743890182,1.7605969854368272e-15,0.08958333333333302
19,2,Tommy Chong,0.077,8,0,S3-27_percent,0.08470672037771479,0.0,0.9889999999999983
19,2,Michael Waltrip,0.066,12,0,S3-27_percent,0.08598379743890185,0.01100000000000035,1.0
19,3,Bethany Mota,0.113,1,0,S3-27_percent,0.09277837546554464,7.079509106761406e-17,1.0
19,3,Janel Parrish,0.113,1,0,S3-27_percent,0.09277836079430511,0.0,1.0
19,3,Tommy Chong,0.096,3,0,S3-27_percent,0.09235171559914435,4.388850394221322e-16,0.9999999999999986
19,3,Alfonso Ribeiro,0.091,4,0,S3-27_percent,0.09277807497685221,0.0,1.0
19,3,Jonathan Bennett,0.091,4,0,S3-27_percent,0.09224270004907324,0.0,1.0
19,3,Sadie Robertson,0.091,4,0,S3-27_percent,0.092777902780223,0.0,0.9999999999999969
19,3,Lea Thompson,0.088,7,0,S3-27_percent,0.09178076998414231,0.0,1.0
19,3,Antonio Sabato Jr.,0.082,8,0,S3-27_percent,0.0917817896546691,0.0,0.9999999999999987
19,3,Betsey Johnson,0.082,8,0,S3-27_percent,0.08449673930631117,0.0,1.0
19,3,Michael Waltrip,0.079,10,0,S3-27_percent,0.09254641689770748,0.0,1.0
19,3,Randy Couture,0.074,11,1,S3-27_percent,0.08368715449202743,0.0,0.10781818181818219
19,4,Alfonso Ribeiro,0.125,1,0,S3-27_percent,0.10247568481404061,6.938893903907228e-17,0.9679999999999934
19,4,Lea Thompson,0.122,2,0,S3-27_percent,0.10044431594516502,0.0,0.968
19,4,Sadie Robertson,0.116,3,0,S3-27_percent,0.10247563475692982,1.1965374093779952e-16,0.9680000000000017
19,4,Janel Parrish,0.112,4,0,S3-27_percent,0.10247601663684953,1.3877787807814457e-16,0.9679999999999973
19,4,Bethany Mota,0.103,5,0,S3-27_percent,0.10247600030264305,2.7759501631713014e-17,0.9680000000000035
19,4,Antonio Sabato Jr.,0.091,6,0,S3-27_percent,0.10044625588341256,4.805184028455756e-16,0.9680000000000005
19,4,Betsey Johnson,0.091,6,1,S3-27_percent,0.0853860408468304,0.0,0.1091000000000005
19,4,Tommy Chong,0.088,8,0,S3-27_percent,0.1016081928491264,0.002999999999999838,0.9710000000000013
19,4,Michael Waltrip,0.078,9,0,S3-27_percent,0.10082581711817235,0.013000000000000003,0.9810000000000033
19,4,Jonathan Bennett,0.075,10,0,S3-27_percent,0.10138604084683032,0.0160000000000002,0.9840000000000004
19,5,Sadie Robertson,0.136,1,0,S3-27_percent,0.11363263979714944,0.0,0.9999999999999967
19,5,Alfonso Ribeiro,0.129,2,0,S3-27_percent,0.11363275844586937,3.885780586188048e-16,0.9999999999999858
19,5,Lea Thompson,0.129,2,0,S3-27_percent,0.10956566799020828,0.0,0.9999999999999994
19,5,Janel Parrish,0.125,4,0,S3-27_percent,0.11363312298418642,0.0,1.0
19,5,Bethany Mota,0.121,5,0,S3-27_percent,0.11363312178172671,0.0,1.0
19,5,Antonio Sabato Jr.,0.106,6,0,S3-27_percent,0.10956982148604226,1.9133999940024182e-15,1.0
19,5,Jonathan Bennett,0.091,7,0,S3-27_percent,0.10468089129565698,0.0,1.0
19,5,Tommy Chong,0.087,8,0,S3-27_percent,0.11189889737750167,1.4340789512431396e-16,1.0
19,5,Michael Waltrip,0.076,9,0,S3-27_percent,0.10975307884165883,6.014054633774712e-17,1.0
19,6,Alfonso Ribeiro,0.133,1,0,S3-27_percent,0.11644147497566926,0.0,0.9669999999999971
19,6,Bethany Mota,0.123,2,0,S3-27_percent,0.11644204084638361,0.0,0.9669999999999986
19,6,Sadie Robertson,0.119,3,0,S3-27_percent,0.11644149040611645,0.0,0.9670000000000013
19,6,Janel Parrish,0.113,4,0,S3-27_percent,0.11644193378448922,0.0,0.966999999999999
19,6,Jonathan Bennett,0.109,5,1,S3-27_percent,0.09552450329914673,0.0,0.11322222222222192
19,6,Lea Thompson,0.109,5,0,S3-27_percent,0.10851642073259424,3.608224830031759e-16,0.9669999999999981
19,6,Michael Waltrip,0.102,7,0,S3-27_percent,0.10859522304014366,0.007000000000000266,0.9739999999999995
19,6,Antonio Sabato Jr.,0.096,8,0,S3-27_percent,0.10852450329914676,0.013000000000000012,0.9800000000000002
19,6,Tommy Chong,0.096,8,0,S3-27_percent,0.11307240961631015,0.013000000000000577,0.9799999999999988
19,7,Bethany Mota,0.145,1,0,S3-27_percent,0.1322981033995533,0.0,0.9939999999999967
19,7,Lea Thompson,0.135,2,0,S3-27_percent,0.11699021847832877,0.0,0.9939999999999983
19,7,Alfonso Ribeiro,0.132,3,0,S3-27_percent,0.1322976886798026,1.942890293094024e-16,0.9939999999999977
19,7,Janel Parrish,0.13,4,0,S3-27_percent,0.13229796198623808,9.43689570931383e-16,0.994000000000001
19,7,Sadie Robertson,0.12,5,0,S3-27_percent,0.13229775914924677,1.0400002170546801e-16,0.9940000000000007
19,7,Tommy Chong,0.116,6,0,S3-27_percent,0.1258251860730816,0.0,0.9939999999999989
19,7,Antonio Sabato Jr.,0.114,7,1,S3-27_percent,0.11099654111687449,2.0243067083862084e-16,0.1360000000000001
19,7,Michael Waltrip,0.108,8,0,S3-27_percent,0.11699654111687449,0.006000000000000146,0.9999999999999978
19,8,Janel Parrish,0.173,1,0,S3-27_percent,0.1530354257191538,0.0,0.9999999999999996
19,8,Alfonso Ribeiro,0.165,2,0,S3-27_percent,0.15303556406454388,0.0,0.9999999999999953
19,8,Bethany Mota,0.161,3,0,S3-27_percent,0.15303552747766933,7.979727989493313e-16,1.0
19,8,Sadie Robertson,0.153,4,0,S3-27_percent,0.15303572256128245,1.1102230246251565e-16,1.0
19,8,Lea Thompson,0.129,5,0,S3-27_percent,0.12419732163600926,6.0039480465802525e-18,0.9999999999999996
19,8,Tommy Chong,0.117,6,0,S3-27_percent,0.14095110436201702,0.0,1.0
19,8,Michael Waltrip,0.101,7,1,S3-27_percent,0.12270933417932424,0.0,0.18457142857142844
19,9,Alfonso Ribeiro,0.18,1,0,S3-27_percent,0.17910310835774387,0.0,0.9690000000000007
19,9,Janel Parrish,0.18,1,0,S3-27_percent,0.17910267715709313,0.0,0.9689999999999999
19,9,Bethany Mota,0.173,3,0,S3-27_percent,0.17910277291435245,2.2898349882893854e-16,0.9689999999999989
19,9,Sadie Robertson,0.171,4,0,S3-27_percent,0.1791034257435723,1.3877787807814457e-16,0.969000000000004
19,9,Lea Thompson,0.164,5,1,S3-27_percent,0.12629400791361906,3.321534995143004e-16,0.16950000000000007
19,9,Tommy Chong,0.133,6,0,S3-27_percent,0.15729400791361905,0.030999999999999514,0.9999999999999999
19,10,Janel Parrish,0.214,1,0,S3-27_percent,0.20976070558453958,1.964308447607635e-17,1.0
19,10,Bethany Mota,0.208,2,0,S3-27_percent,0.2097609677437816,0.0,0.9999999999999994
19,10,Alfonso Ribeiro,0.205,3,0,S3-27_percent,0.2097613232999727,1.6653345369377348e-16,1.0
19,10,Sadie Robertson,0.203,4,0,S3-27_percent,0.20976159301320518,0.0,0.9999999999999989
19,10,Tommy Chong,0.17,5,1,S3-27_percent,0.16095541035850097,1.034076019981526e-16,0.23000000000000048
19,11,Alfonso Ribeiro,0.256,1,0,S3-27_percent,0.2500002188977874,0.0,1.0
19,11,Sadie Robertson,0.252,2,0,S3-27_percent,0.25000037373378536,1.1657341758564144e-15,1.0
19,11,Janel Parrish,0.249,3,0,S3-27_percent,0.24999950227392068,7.682656594232284e-16,0.9999999999999989
19,11,Bethany Mota,0.243,4,1,S3-27_percent,0.2499999050945066,0.0,0.2570000000000004
20,1,Rumer Willis,0.101,1,0,S3-27_percent,0.08492629586295802,6.153439653072696e-17,0.9999999999999979
20,1,Riker Lynch,0.097,2,0,S3-27_percent,0.08492631039430053,0.0,1.0
20,1,Nastia Liukin,0.094,3,0,S3-27_percent,0.08425678165356702,7.371402511532321e-17,1.0
20,1,Robert Herjavec,0.088,4,0,S3-27_percent,0.08422713787958352,0.0,0.9999999999999984
20,1,Chris Soules,0.082,5,0,S3-27_percent,0.08988139090852693,1.1986939218999737e-15,0.9999999999999998
20,1,Michael Sam,0.082,5,0,S3-27_percent,0.08238361043816143,1.6196424369145333e-16,0.9999999999999996
20,1,Noah Galloway,0.082,5,0,S3-27_percent,0.08492630549970703,2.5343126395878094e-16,0.9999999999999999
20,1,Patti LaBelle,0.079,8,0,S3-27_percent,0.08366705286606033,0.0,0.9999999999999956
20,1,Suzanne Somers,0.079,8,0,S3-27_percent,0.08329718438258103,1.0879143157495021e-16,1.0
20,1,Willow Shields,0.079,8,0,S3-27_percent,0.08344146930019222,4.2123920280724354e-17,0.9999999999999987
20,1,Charlotte McKinney,0.069,11,0,S3-27_percent,0.08149151092414483,0.0,1.0
20,1,Redfoo,0.069,11,0,S3-27_percent,0.07257494989021702,5.920337788651995e-16,0.9999999999999999
20,2,Nastia Liukin,0.098,1,0,S3-27_percent,0.08486215298900854,6.015847917818477e-17,0.9149999999999968
20,2,Riker Lynch,0.092,2,0,S3-27_percent,0.08592742869778554,1.942890293094024e-16,0.9150000000000026
20,2,Rumer Willis,0.092,2,0,S3-27_percent,0.08592740945709784,0.0,0.9150000000000009
20,2,Willow Shields,0.092,2,0,S3-27_percent,0.08356065536303635,7.532045253975635e-17,0.9149999999999989
20,2,Redfoo,0.089,5,1,S3-27_percent,0.06571785684264274,0.0,0.07774999999999921
20,2,Michael Sam,0.081,6,0,S3-27_percent,0.08186485061531584,0.007999999999999856,0.9229999999999997
20,2,Patti LaBelle,0.081,6,0,S3-27_percent,0.08392123874276934,0.008000000000000161,0.9230000000000017
20,2,Robert Herjavec,0.081,6,0,S3-27_percent,0.08481492085560914,0.00799999999999961,0.9230000000000024
20,2,Suzanne Somers,0.081,6,0,S3-27_percent,0.08332983973395884,0.008000000000000047,0.9229999999999994
20,2,Noah Galloway,0.078,10,0,S3-27_percent,0.08592742157962124,0.010999999999999866,0.9259999999999988
20,2,Charlotte McKinney,0.075,11,0,S3-27_percent,0.08042836828051195,0.013999999999999874,0.9289999999999978
20,2,Chris Soules,0.061,12,0,S3-27_percent,0.09371785684264265,0.02800000000000043,0.9430000000000021
20,3,Nastia Liukin,0.109,1,0,S3-27_percent,0.09200225076605732,0.0,1.0
20,3,Riker Lynch,0.109,1,0,S3-27_percent,0.09408700645604062,2.4310007446540757e-17,1.0
20,3,Rumer Willis,0.105,3,0,S3-27_percent,0.09408698935416683,0.0,1.0
20,3,Willow Shields,0.102,4,0,S3-27_percent,0.08944178750548983,8.582722918908208e-17,0.9999999999999987
20,3,Noah Galloway,0.096,5,0,S3-27_percent,0.09408699942469392,0.0,1.0
20,3,Robert Herjavec,0.093,6,0,S3-27_percent,0.09190958674335532,0.0,1.0
20,3,Chris Soules,0.089,7,0,S3-27_percent,0.09594681245409253,2.220446049250313e-16,0.9999999999999964
20,3,Suzanne Somers,0.08,8,0,S3-27_percent,0.08898613010228103,0.0,0.9999999999999976
20,3,Michael Sam,0.077,9,0,S3-27_percent,0.08608288598020163,5.967448757360216e-16,1.0
20,3,Charlotte McKinney,0.07,10,1,S3-27_percent,0.08321688425406443,4.0245584642661925e-16,0.11181818181818169
20,3,Patti LaBelle,0.07,10,0,S3-27_percent,0.09015266695955643,0.0,0.9999999999999989
20,4,Willow Shields,0.12,1,0,S3-27_percent,0.09614129454660664,5.655442013069026e-16,0.9849999999999971
20,4,Nastia Liukin,0.111,2,0,S3-27_percent,0.10137198320690094,0.0,0.9849999999999959
20,4,Rumer Willis,0.108,3,0,S3-27_percent,0.10559653950812305,1.124502324635398e-16,0.9849999999999977
20,4,Riker Lynch,0.105,4,0,S3-27_percent,0.10559655234853704,0.0,0.9849999999999968
20,4,Robert Herjavec,0.105,4,0,S3-27_percent,0.10118349227702714,1.3335738992371369e-16,0.9850000000000004
20,4,Noah Galloway,0.098,6,0,S3-27_percent,0.10559654844363305,1.7954387976359953e-15,0.9849999999999983
20,4,Michael Sam,0.092,7,1,S3-27_percent,0.08920542614414614,4.912006352252643e-17,0.10800000000000076
20,4,Patti LaBelle,0.092,7,0,S3-27_percent,0.09759829039420204,1.1676108497978288e-16,0.9849999999999963
20,4,Suzanne Somers,0.086,9,0,S3-27_percent,0.09520542614414614,0.006000000000000049,0.9910000000000008
20,4,Chris Soules,0.083,10,0,S3-27_percent,0.10250444698667784,0.009000000000000244,0.9940000000000048
20,5,Rumer Willis,0.138,1,0,S3-27_percent,0.12049536359443444,0.0,0.9780000000000002
20,5,Nastia Liukin,0.134,2,0,S3-27_percent,0.11208953015955304,0.0,0.9779999999999993
20,5,Riker Lynch,0.134,2,0,S3-27_percent,0.12049536331469385,0.0,0.9779999999999989
20,5,Willow Shields,0.12,4,0,S3-27_percent,0.10153974496660803,2.636779683484747e-16,0.9779999999999958
20,5,Noah Galloway,0.099,5,0,S3-27_percent,0.12049537041709824,2.3130062103874923e-16,0.9779999999999993
20,5,Suzanne Somers,0.099,5,1,S3-27_percent,0.09771216641802323,0.0,0.12311111111111103
20,5,Chris Soules,0.095,7,0,S3-27_percent,0.11096538364891394,0.003999999999999712,0.9820000000000034
20,5,Patti LaBelle,0.095,7,0,S3-27_percent,0.10449491106265205,0.003999999999999861,0.9820000000000011
20,5,Robert Herjavec,0.085,9,0,S3-27_percent,0.11171216641802324,0.01400000000000028,0.9920000000000018
20,6,Riker Lynch,0.134,1,0,S3-27_percent,0.14052609686395365,2.7755575615628914e-16,0.9979999999999964
20,6,Nastia Liukin,0.129,2,0,S3-27_percent,0.12432333554032496,2.949029909160572e-16,0.9980000000000002
20,6,Willow Shields,0.129,2,0,S3-27_percent,0.10351207355775174,0.0,0.9979999999999984
20,6,Rumer Willis,0.125,4,0,S3-27_percent,0.14052610565822646,0.0,0.9980000000000007
20,6,Chris Soules,0.124,5,0,S3-27_percent,0.12043859577591655,0.0,0.9980000000000002
20,6,Noah Galloway,0.12,6,0,S3-27_percent,0.14052611042421606,0.0,0.9980000000000011
20,6,Patti LaBelle,0.12,6,1,S3-27_percent,0.10939980823558006,1.0019940894820103e-15,0.1298749999999995
20,6,Robert Herjavec,0.118,8,0,S3-27_percent,0.12074787394403055,0.002000000000000647,1.0
20,7,Nastia Liukin,0.161,1,0,S3-27_percent,0.13804608284371855,0.0,0.9160000000000039
20,7,Willow Shields,0.154,2,1,S3-27_percent,0.09781347577832653,0.0,0.13185714285714262
20,7,Noah Galloway,0.15,3,0,S3-27_percent,0.16817116743724225,0.003999999999999257,0.9200000000000008
20,7,Riker Lynch,0.146,4,0,S3-27_percent,0.16817115334477026,0.007999999999999691,0.9239999999999988
20,7,Rumer Willis,0.146,4,0,S3-27_percent,0.16817116903928955,0.008000000000000078,0.9240000000000004
20,7,Chris Soules,0.122,6,0,S3-27_percent,0.12981347577832644,0.031999999999999584,0.9480000000000032
20,7,Robert Herjavec,0.122,6,0,S3-27_percent,0.12981347577832644,0.0320000000000002,0.9480000000000015
20,8,Rumer Willis,0.189,1,0,S3-27_percent,0.20314019733842456,2.220446049250313e-16,0.9979999999999999
20,8,Riker Lynch,0.184,2,0,S3-27_percent,0.20314018642043116,1.593571659838696e-16,0.9979999999999973
20,8,Nastia Liukin,0.18,3,0,S3-27_percent,0.14922306217587641,4.163336342344337e-16,0.9980000000000024
20,8,Chris Soules,0.151,4,1,S3-27_percent,0.12067818377590032,9.992007221626409e-16,0.2196
20,8,Noah Galloway,0.149,5,0,S3-27_percent,0.20314019411647646,0.0019999999999995577,0.9999999999999982
20,8,Robert Herjavec,0.147,6,1,S3-27_percent,0.12067817617289103,0.0,0.22279999999999986
20,9,Nastia Liukin,0.255,1,1,S3-27_percent,0.1801510877051355,0.0,0.24500000000000013
20,9,Riker Lynch,0.255,1,0,S3-27_percent,0.2732829658139464,0.0,0.9799999999999993
20,9,Rumer Willis,0.248,3,0,S3-27_percent,0.2732829791923805,0.00700000000000006,0.9869999999999992
20,9,Noah Galloway,0.242,4,0,S3-27_percent,0.2732829672885377,0.013000000000000289,0.9930000000000029
20,10,Riker Lynch,0.345,1,0,S3-27_percent,0.3333333250263109,1.8318679906315083e-15,0.9999999999999969
20,10,Rumer Willis,0.345,1,0,S3-27_percent,0.3333333408548347,3.940223820194275e-16,0.9999999999999989
20,10,Noah Galloway,0.31,3,0,S3-27_percent,0.3333333341188544,1.6653345369377348e-16,0.999999999999996
21,1,Bindi Irwin,0.096,1,0,S3-27_percent,0.07975154089550625,0.0,1.0
21,1,Nick Carter,0.096,1,0,S3-27_percent,0.07975157665287454,3.9786969270221675e-17,0.9999999999999999
21,1,Carlos PenaVega,0.092,3,0,S3-27_percent,0.07973165328763454,1.9878555783736476e-16,1.0
21,1,Tamar Braxton,0.092,3,0,S3-27_percent,0.07930712549214344,1.1602385589743842e-17,1.0
21,1,Alek Skarlatos,0.088,5,0,S3-27_percent,0.07977218626395544,5.551115123125783e-16,0.9999999999999931
21,1,Alexa PenaVega,0.088,5,0,S3-27_percent,0.07930617429076434,7.546047120499111e-16,0.9999999999999989
21,1,Andy Grammer,0.084,7,0,S3-27_percent,0.07933240651321204,0.0,1.0
21,1,Hayes Grier,0.084,7,0,S3-27_percent,0.07920807986066815,0.0,1.0
21,1,Gary Busey,0.06,9,0,S3-27_percent,0.07797138327678763,0.0,0.9999999999999971
21,1,Paula Deen,0.06,9,0,S3-27_percent,0.07901194647981014,5.791418350657059e-17,1.0
21,1,Victor Espinoza,0.06,9,0,S3-27_percent,0.06895195129906002,1.441758093051815e-17,1.0
21,1,Chaka Khan,0.052,12,0,S3-27_percent,0.06895199276155353,0.0,0.9999999999999974
21,1,Kim Zolciak-Biermann,0.048,13,0,S3-27_percent,0.06895198292602993,0.0,1.0
21,2,Tamar Braxton,0.091,1,0,S3-27_percent,0.08091884326640716,0.0,0.9929999999999999
21,2,Bindi Irwin,0.089,2,0,S3-27_percent,0.08164275106479096,0.0,0.9930000000000004
21,2,Alexa PenaVega,0.085,3,0,S3-27_percent,0.08091734791338867,6.956241138666996e-16,0.9930000000000001
21,2,Alek Skarlatos,0.083,4,0,S3-27_percent,0.08167619884466237,1.3877787807814457e-16,0.9929999999999991
21,2,Carlos PenaVega,0.083,4,0,S3-27_percent,0.08161032787199778,3.6194150717044167e-16,0.992999999999999
21,2,Hayes Grier,0.083,4,0,S3-27_percent,0.08075730853774077,0.0,0.9930000000000013
21,2,Nick Carter,0.083,4,0,S3-27_percent,0.08164273353735917,0.0,0.9929999999999972
21,2,Andy Grammer,0.081,8,0,S3-27_percent,0.08096009887507087,0.0,0.9929999999999977
21,2,Kim Zolciak-Biermann,0.068,9,1,S3-27_percent,0.06356779078430816,0.0,0.10245454545454521
21,2,Paula Deen,0.068,9,0,S3-27_percent,0.08043717045650267,0.0,0.9929999999999994
21,2,Victor Espinoza,0.068,9,1,S3-27_percent,0.06356779487595046,1.9681985052037287e-16,0.10245454545454546
21,2,Gary Busey,0.061,12,0,S3-27_percent,0.07873379962470485,0.0069999999999998674,1.0
21,2,Chaka Khan,0.055,13,1,S3-27_percent,0.06356783434711616,0.0,0.11427272727272664
21,3,Alexa PenaVega,0.118,1,0,S3-27_percent,0.09997880095027935,0.0,1.0
21,3,Nick Carter,0.118,1,0,S3-27_percent,0.10143039516109034,0.0,0.9999999999999993
21,3,Alek Skarlatos,0.108,3,0,S3-27_percent,0.10149711465727704,0.0,1.0
21,3,Tamar Braxton,0.108,3,0,S3-27_percent,0.09998172770199344,0.0,1.0
21,3,Bindi Irwin,0.105,5,0,S3-27_percent,0.10143042417410934,0.0,0.9999999999999979
21,3,Carlos PenaVega,0.102,6,0,S3-27_percent,0.10136564298134434,5.73901460066603e-17,1.0
21,3,Hayes Grier,0.098,7,0,S3-27_percent,0.09965777517340704,0.0,0.9999999999999996
21,3,Andy Grammer,0.095,8,0,S3-27_percent,0.10006442241695464,0.0,1.0
21,3,Gary Busey,0.082,9,0,S3-27_percent,0.09557863192330694,0.0,0.9999999999999998
21,3,Paula Deen,0.066,10,0,S3-27_percent,0.09901506486023755,0.0,1.0
21,4,Bindi Irwin,0.119,1,0,S3-27_percent,0.10286523179014234,2.8238808196386757e-19,0.9999999999999969
21,4,Hayes Grier,0.114,2,0,S3-27_percent,0.09932380590809724,0.0,0.9999999999999949
21,4,Nick Carter,0.114,2,0,S3-27_percent,0.10286522185306875,6.251509726551419e-16,0.9999999999999967
21,4,Tamar Braxton,0.114,2,0,S3-27_percent,0.09997247319002094,0.0,1.0
21,4,Carlos PenaVega,0.106,5,0,S3-27_percent,0.10273620427983544,1.3379672874372683e-16,1.0
21,4,Alek Skarlatos,0.102,6,0,S3-27_percent,0.10299801086091945,2.7755575615628914e-16,0.999999999999997
21,4,Andy Grammer,0.097,7,0,S3-27_percent,0.10013795207110854,4.230785907294842e-17,1.0
21,4,Alexa PenaVega,0.089,8,0,S3-27_percent,0.09996666230946315,5.811323644522304e-16,1.0
21,4,Paula Deen,0.076,9,0,S3-27_percent,0.09803507075469094,3.913578242940975e-17,0.9999999999999997
21,4,Gary Busey,0.068,10,1,S3-27_percent,0.09109936698265324,0.0,0.13190000000000063
21,5,Alexa PenaVega,0.133,1,0,S3-27_percent,0.10907804714170684,0.0,0.9999999999999976
21,5,Carlos PenaVega,0.13,2,0,S3-27_percent,0.11459672495300476,1.2750314399499658e-16,0.9999999999999984
21,5,Bindi Irwin,0.123,3,0,S3-27_percent,0.11485264232842515,8.143096568687424e-17,0.999999999999996
21,5,Andy Grammer,0.12,4,0,S3-27_percent,0.10942053632782525,6.785181976729737e-17,0.9999999999999987
21,5,Nick Carter,0.116,5,0,S3-27_percent,0.11485262102641046,0.0,0.9999999999999979
21,5,Hayes Grier,0.1,6,0,S3-27_percent,0.10779075420342055,0.0,0.9999999999999989
21,5,Alek Skarlatos,0.096,7,0,S3-27_percent,0.11511602123284136,1.1102230246251565e-16,1.0
21,5,Tamar Braxton,0.096,7,0,S3-27_percent,0.10908962469746324,0.0,0.9999999999999996
21,5,Paula Deen,0.086,9,0,S3-27_percent,0.10520302808890244,1.6013325086124132e-16,1.0
21,6,Andy Grammer,0.128,1,0,S3-27_percent,0.10783993892574935,8.321048438334268e-17,1.0
21,6,Bindi Irwin,0.128,1,0,S3-27_percent,0.11839938845976415,0.0,1.0
21,6,Tamar Braxton,0.128,1,0,S3-27_percent,0.10719217247849475,0.0,1.0
21,6,Nick Carter,0.125,4,0,S3-27_percent,0.11839939176671335,0.0,0.9999999999999976
21,6,Carlos PenaVega,0.121,5,0,S3-27_percent,0.11790509866381195,0.0,0.9999999999999971
21,6,Hayes Grier,0.102,6,0,S3-27_percent,0.10464419555553674,6.939336168236893e-17,1.0
21,6,Alek Skarlatos,0.096,7,0,S3-27_percent,0.11890789492955406,0.0,0.9999999999999993
21,6,Alexa PenaVega,0.096,7,0,S3-27_percent,0.10716949472376325,1.1622647289044608e-16,0.9999999999999959
21,6,Paula Deen,0.077,9,1,S3-27_percent,0.09954242449661234,8.789435591333231e-17,0.14533333333333337
21,7,Bindi Irwin,0.131,1,0,S3-27_percent,0.13628075355086766,0.0,0.9800000000000018
21,7,Andy Grammer,0.127,2,0,S3-27_percent,0.11592322176844955,0.0,0.98
21,7,Carlos PenaVega,0.127,2,0,S3-27_percent,0.13533888674862865,0.0,0.9800000000000032
21,7,Hayes Grier,0.127,2,1,S3-27_percent,0.10965734060562994,7.196073461179817e-16,0.1230000000000003
21,7,Alexa PenaVega,0.124,5,0,S3-27_percent,0.11461298746392644,0.002999999999999177,0.9829999999999994
21,7,Nick Carter,0.122,6,0,S3-27_percent,0.13628078972145835,0.004999999999999977,0.9849999999999999
21,7,Tamar Braxton,0.122,6,0,S3-27_percent,0.11465734060562995,0.004999999999999609,0.985
21,7,Alek Skarlatos,0.12,8,0,S3-27_percent,0.13724867953540956,0.006999999999999423,0.9870000000000047
21,8,Nick Carter,0.17,1,0,S3-27_percent,0.15995735060753494,2.820062161520438e-16,1.0
21,8,Carlos PenaVega,0.149,2,0,S3-27_percent,0.15822107349102713,7.28583859910259e-17,0.9999999999999951
21,8,Bindi Irwin,0.144,3,0,S3-27_percent,0.15995731174966651,0.0,0.9999999999999998
21,8,Tamar Braxton,0.144,3,0,S3-27_percent,0.11921966344394021,0.0,1.0
21,8,Alexa PenaVega,0.139,5,0,S3-27_percent,0.11919390530358652,3.0357660829594124e-16,1.0
21,8,Alek Skarlatos,0.129,6,0,S3-27_percent,0.16173850134384452,0.0,0.9999999999999984
21,8,Andy Grammer,0.124,7,1,S3-27_percent,0.12171219406040011,0.0,0.1615714285714287
21,9,Alexa PenaVega,0.182,1,1,S3-27_percent,0.11694042716623623,0.0,0.18799999999999986
21,9,Bindi Irwin,0.182,1,0,S3-27_percent,0.19150735711468594,3.885780586188048e-16,0.9400000000000008
21,9,Nick Carter,0.167,3,0,S3-27_percent,0.19150734230140906,0.015000000000000104,0.9550000000000018
21,9,Carlos PenaVega,0.164,4,0,S3-27_percent,0.18843099344345335,0.018000000000000425,0.9580000000000009
21,9,Alek Skarlatos,0.155,5,0,S3-27_percent,0.19465545475355636,0.02700000000000022,0.9670000000000052
21,9,Tamar Braxton,0.149,6,1,S3-27_percent,0.11695842522065913,0.0,0.21440000000000076
21,10,Bindi Irwin,0.266,1,0,S3-27_percent,0.24997401306938202,0.0,0.9999999999999969
21,10,Carlos PenaVega,0.266,1,0,S3-27_percent,0.24474775704977364,2.961684945352021e-16,0.9999999999999987
21,10,Alek Skarlatos,0.241,3,0,S3-27_percent,0.25530425730081874,1.1102230246251565e-16,1.0
21,10,Nick Carter,0.228,4,0,S3-27_percent,0.24997397258002552,9.2224563485244e-17,0.9999999999999953
21,11,Bindi Irwin,0.254,1,0,S3-27_percent,0.24996629441520282,2.192690473634684e-15,0.9829999999999995
21,11,Carlos PenaVega,0.254,1,1,S3-27_percent,0.24153368680491863,9.530751195034343e-17,0.24574999999999925
21,11,Nick Carter,0.254,1,0,S3-27_percent,0.24996633197495993,6.106226635438361e-16,0.9830000000000029
21,11,Alek Skarlatos,0.237,4,0,S3-27_percent,0.25853368680491867,0.01700000000000032,0.9999999999999962
22,1,Ginger Zee,0.097,1,0,S3-27_percent,0.08471712040323406,7.262145144006955e-17,1.0
22,1,Nyle DiMarco,0.097,1,0,S3-27_percent,0.08471697235165426,0.0,1.0
22,1,Wanya Morris,0.097,1,0,S3-27_percent,0.08408455150311077,0.0,1.0
22,1,Antonio Brown,0.089,4,0,S3-27_percent,0.08395478902690896,0.0,1.0
22,1,Marla Maples,0.089,4,0,S3-27_percent,0.08203942245661287,0.0,0.9999999999999997
22,1,Paige VanZant,0.089,4,0,S3-27_percent,0.08471702070883946,0.0,0.9999999999999951
22,1,Von Miller,0.089,4,0,S3-27_percent,0.08358278582218318,1.4356506011707833e-16,0.9999999999999973
22,1,Jodie Sweetin,0.084,8,0,S3-27_percent,0.08376781246287217,0.0,1.0
22,1,Kim Fields,0.084,8,0,S3-27_percent,0.08358281020604837,2.6460939967256818e-17,1.0
22,1,Mischa Barton,0.068,10,0,S3-27_percent,0.08144473754663127,0.0,0.9999999999999997
22,1,Doug Flutie,0.063,11,0,S3-27_percent,0.08403145493806898,0.0,1.0
22,1,Geraldo Rivera,0.055,12,0,S3-27_percent,0.07936052257383568,0.0,0.9999999999999982
22,2,Paige VanZant,0.102,1,0,S3-27_percent,0.08554912627297734,0.0,0.9999999999999991
22,2,Wanya Morris,0.102,1,0,S3-27_percent,0.08454193920880454,0.0,0.9999999999999996
22,2,Ginger Zee,0.089,3,0,S3-27_percent,0.08554923394601543,0.0,1.0
22,2,Jodie Sweetin,0.089,3,0,S3-27_percent,0.08403654888858234,0.0,1.0
22,2,Doug Flutie,0.085,5,0,S3-27_percent,0.08445731236694665,0.0,1.0
22,2,Marla Maples,0.085,5,0,S3-27_percent,0.08126575644321295,0.0,1.0
22,2,Nyle DiMarco,0.085,5,0,S3-27_percent,0.08554908453132334,8.571869108087957e-17,0.9999999999999999
22,2,Von Miller,0.085,5,0,S3-27_percent,0.08374094075676404,4.771791536083422e-17,0.9999999999999993
22,2,Antonio Brown,0.081,9,0,S3-27_percent,0.08433500126744434,2.220446049250313e-16,1.0
22,2,Kim Fields,0.081,9,0,S3-27_percent,0.08374097225168654,0.0,1.0
22,2,Mischa Barton,0.064,11,0,S3-27_percent,0.08030723365555634,0.0,0.9999999999999981
22,2,Geraldo Rivera,0.055,12,1,S3-27_percent,0.07692685041068614,1.9880623656251084e-17,0.11191666666666644
22,3,Nyle DiMarco,0.105,1,0,S3-27_percent,0.09412668265755494,2.498001805406602e-16,0.9999999999999996
22,3,Wanya Morris,0.101,2,0,S3-27_percent,0.09215262428171864,0.0,0.9999999999999988
22,3,Jodie Sweetin,0.097,3,0,S3-27_percent,0.09115884230812854,0.0,0.9999999999999998
22,3,Paige VanZant,0.097,3,0,S3-27_percent,0.09412671069157225,0.0,0.9999999999999989
22,3,Kim Fields,0.093,5,0,S3-27_percent,0.09057647958405585,0.0,1.0
22,3,Ginger Zee,0.089,6,0,S3-27_percent,0.09412681698156594,0.0,1.0
22,3,Marla Maples,0.089,6,0,S3-27_percent,0.08566932133087585,1.6273276811640066e-17,1.0
22,3,Antonio Brown,0.084,8,0,S3-27_percent,0.09174601847508264,0.0,0.9999999999999958
22,3,Doug Flutie,0.084,8,0,S3-27_percent,0.09198644240120044,3.903127820947816e-16,1.0
22,3,Von Miller,0.084,8,0,S3-27_percent,0.09057644208564684,1.913006960501175e-17,1.0
22,3,Mischa Barton,0.076,11,1,S3-27_percent,0.08375361920259815,0.0,0.1057272727272727
22,4,Ginger Zee,0.113,1,0,S3-27_percent,0.10509618623110964,1.4245506994605582e-16,0.9840000000000011
22,4,Paige VanZant,0.113,1,0,S3-27_percent,0.10509609044614494,0.0,0.983999999999998
22,4,Antonio Brown,0.11,3,0,S3-27_percent,0.10026794047443874,0.0,0.9840000000000025
22,4,Wanya Morris,0.11,3,0,S3-27_percent,0.10109526816060305,6.310534757833374e-17,0.9840000000000013
22,4,Nyle DiMarco,0.107,5,0,S3-27_percent,0.10509607530701634,0.0,0.9840000000000009
22,4,Kim Fields,0.1,6,0,S3-27_percent,0.09788137547448184,0.0,0.9839999999999982
22,4,Von Miller,0.1,6,0,S3-27_percent,0.09788135049857084,4.793452272687193e-16,0.9839999999999973
22,4,Marla Maples,0.088,8,1,S3-27_percent,0.08775735124574355,4.661614503312674e-16,0.11210000000000005
22,4,Jodie Sweetin,0.085,9,0,S3-27_percent,0.09907101091614764,0.0029999999999998756,0.987000000000003
22,4,Doug Flutie,0.075,10,0,S3-27_percent,0.10075735124574355,0.012999999999999783,0.996999999999999
22,5,Nyle DiMarco,0.134,1,0,S3-27_percent,0.11901372963919335,0.0,1.0
22,5,Jodie Sweetin,0.127,2,0,S3-27_percent,0.10697952660841874,0.0,1.0
22,5,Ginger Zee,0.116,3,0,S3-27_percent,0.11901381259476405,0.0,1.0
22,5,Paige VanZant,0.112,4,0,S3-27_percent,0.11901373380503286,0.0,1.0
22,5,Wanya Morris,0.109,5,0,S3-27_percent,0.11104554846515476,1.24904679031801e-16,1.0
22,5,Von Miller,0.105,6,0,S3-27_percent,0.10457855870185655,2.77599171466092e-17,0.9999999999999991
22,5,Doug Flutie,0.101,7,0,S3-27_percent,0.10638987653810913,0.0,1.0
22,5,Kim Fields,0.101,7,0,S3-27_percent,0.10457855981169945,0.0,0.9999999999999993
22,5,Antonio Brown,0.094,9,0,S3-27_percent,0.10938665383577116,6.522560269672795e-16,1.0
22,6,Wanya Morris,0.128,1,0,S3-27_percent,0.11128550669053336,1.3723985096126913e-16,0.9999999999999977
22,6,Paige VanZant,0.123,2,0,S3-27_percent,0.12668599752275156,4.472702400709218e-17,0.999999999999999
22,6,Antonio Brown,0.119,3,0,S3-27_percent,0.10804247977680304,4.718447854656915e-16,1.0
22,6,Jodie Sweetin,0.11,4,0,S3-27_percent,0.10331260034789654,0.0,1.0
22,6,Nyle DiMarco,0.11,4,0,S3-27_percent,0.12668599898473876,1.2027909494850002e-16,0.9999999999999999
22,6,Ginger Zee,0.106,6,0,S3-27_percent,0.12668605444835396,0.0,1.0
22,6,Kim Fields,0.106,6,0,S3-27_percent,0.09856535286084694,0.0,0.9999999999999992
22,6,Von Miller,0.106,6,0,S3-27_percent,0.09856537084251044,1.3887740016984917e-17,0.9999999999999976
22,6,Doug Flutie,0.093,9,1,S3-27_percent,0.10017063852556535,0.0,0.12933333333333247
22,7,Nyle DiMarco,0.131,1,0,S3-27_percent,0.15231927849687685,3.3306690738754696e-16,0.9980000000000022
22,7,Ginger Zee,0.129,2,0,S3-27_percent,0.15231930162782295,0.0,0.9980000000000038
22,7,Paige VanZant,0.129,2,0,S3-27_percent,0.15231929471439956,0.0,0.9980000000000031
22,7,Wanya Morris,0.129,2,0,S3-27_percent,0.12300586237991465,2.220446049250313e-16,0.9980000000000009
22,7,Antonio Brown,0.121,5,0,S3-27_percent,0.11669998625228856,4.163336342344337e-17,0.9980000000000007
22,7,Kim Fields,0.121,5,1,S3-27_percent,0.09796357436860315,5.144787262454204e-17,0.14742857142857102
22,7,Von Miller,0.121,5,1,S3-27_percent,0.09796361577228764,0.0,0.14742857142857146
22,7,Jodie Sweetin,0.119,8,0,S3-27_percent,0.10740908638780663,0.0020000000000000183,1.0
22,8,Ginger Zee,0.178,1,0,S3-27_percent,0.2006234878058218,1.2559397966072083e-15,0.9339999999999958
22,8,Jodie Sweetin,0.178,1,1,S3-27_percent,0.1167098193028032,5.749699623773275e-16,0.1556666666666665
22,8,Nyle DiMarco,0.172,3,0,S3-27_percent,0.2006234991748947,0.006000000000000005,0.9399999999999985
22,8,Paige VanZant,0.166,4,0,S3-27_percent,0.2006235551108738,0.012000000000000142,0.9460000000000006
22,8,Antonio Brown,0.16,5,0,S3-27_percent,0.1347098193028032,0.018000000000000044,0.9519999999999957
22,8,Wanya Morris,0.148,6,0,S3-27_percent,0.1467098193028032,0.029999999999999704,0.9640000000000022
22,9,Wanya Morris,0.209,1,1,S3-27_percent,0.13508981449464685,1.9180399346083589e-16,0.24325000000000016
22,9,Paige VanZant,0.206,2,0,S3-27_percent,0.2461667478390721,0.002999999999999857,0.975999999999999
22,9,Nyle DiMarco,0.199,3,0,S3-27_percent,0.2461666348818094,0.009999999999999148,0.9830000000000005
22,9,Ginger Zee,0.195,4,0,S3-27_percent,0.2461666143840091,0.0139999999999992,0.9870000000000019
22,9,Antonio Brown,0.192,5,1,S3-27_percent,0.12641018840046256,5.551115123125783e-17,0.2560000000000001
22,10,Paige VanZant,0.341,1,0,S3-27_percent,0.3333334455398636,3.495452205190468e-16,0.9999999999999983
22,10,Nyle DiMarco,0.333,2,0,S3-27_percent,0.3333332919288492,0.0,0.9999999999999976
22,10,Ginger Zee,0.326,3,0,S3-27_percent,0.3333332625312873,0.0,1.0
23,1,James Hinchcliffe,0.094,1,0,S3-27_percent,0.07794068530137711,5.366418855309787e-17,1.0
23,1,Laurie Hernandez,0.094,1,0,S3-27_percent,0.07794071959244596,1.6144280182934843e-17,0.9999999999999969
23,1,Jana Kramer,0.082,3,0,S3-27_percent,0.07794071340212684,5.69631822997129e-17,0.9999999999999973
23,1,Marilu Henner,0.082,3,0,S3-27_percent,0.07774553087236351,0.0,1.0
23,1,Babyface,0.079,5,0,S3-27_percent,0.07557970995114767,1.0234868508263162e-15,0.9999999999999998
23,1,Calvin Johnson Jr.,0.079,5,0,S3-27_percent,0.07794078664630853,3.801036601282148e-17,1.0
23,1,Terra Jole,0.076,7,0,S3-27_percent,0.07776873353870117,0.0,0.9999999999999972
23,1,Vanilla Ice,0.076,7,0,S3-27_percent,0.07565779799106798,0.0,0.9999999999999994
23,1,Amber Rose,0.073,9,0,S3-27_percent,0.07734800151449113,4.996003610813204e-16,0.9999999999999857
23,1,Ryan Lochte,0.073,9,0,S3-27_percent,0.07760380274378768,0.0,1.0
23,1,Jake T. Austin,0.067,11,0,S3-27_percent,0.07270888988187221,5.544543164566627e-17,0.999999999999996
23,1,Maureen McCormick,0.067,11,0,S3-27_percent,0.07752555528419386,0.0,0.9999999999999982
23,1,Rick Perry,0.061,13,0,S3-27_percent,0.07629907328011637,0.0,0.9999999999999996
23,2,Laurie Hernandez,0.091,1,0,S3-27_percent,0.07860720174075289,5.945027588666552e-17,0.9940000000000003
23,2,Terra Jole,0.088,2,0,S3-27_percent,0.07832471429490018,0.0,0.9939999999999976
23,2,Babyface,0.085,3,0,S3-27_percent,0.07470813001544789,0.0,0.9940000000000031
23,2,James Hinchcliffe,0.082,4,0,S3-27_percent,0.07860719523657383,4.163336342344337e-17,0.9940000000000033
23,2,Jana Kramer,0.082,4,0,S3-27_percent,0.078607190060824,0.0,0.9940000000000017
23,2,Calvin Johnson Jr.,0.08,6,0,S3-27_percent,0.07860724683715438,0.0,0.9939999999999967
23,2,Marilu Henner,0.077,7,0,S3-27_percent,0.07828667763803113,0.0,0.9940000000000024
23,2,Maureen McCormick,0.074,8,0,S3-27_percent,0.07792498695923006,2.8027489769260953e-16,0.9939999999999984
23,2,Vanilla Ice,0.074,8,0,S3-27_percent,0.0748378669493087,0.0,0.9940000000000022
23,2,Amber Rose,0.068,10,0,S3-27_percent,0.07763279713250812,9.71445146547012e-17,0.9939999999999963
23,2,Jake T. Austin,0.068,10,1,S3-27_percent,0.06990116498510877,2.019084475932131e-16,0.08576923076923079
23,2,Ryan Lochte,0.068,10,0,S3-27_percent,0.07805366316505119,0.0,0.994
23,2,Rick Perry,0.062,13,0,S3-27_percent,0.07590116498510878,0.006000000000000156,1.0
23,3,Calvin Johnson Jr.,0.098,1,0,S3-27_percent,0.08575985808407241,0.0,1.0
23,3,Laurie Hernandez,0.095,2,0,S3-27_percent,0.08575977391321175,0.0,0.9999999999999997
23,3,Terra Jole,0.092,3,0,S3-27_percent,0.08518692985741606,0.0,1.0
23,3,James Hinchcliffe,0.089,4,0,S3-27_percent,0.08575981068814063,0.0,1.0
23,3,Marilu Henner,0.086,5,0,S3-27_percent,0.08510960493658859,0.0,1.0
23,3,Maureen McCormick,0.086,5,0,S3-27_percent,0.08437466886387436,1.9836144183467916e-17,0.9999999999999996
23,3,Jana Kramer,0.08,7,0,S3-27_percent,0.08575975726621925,0.0,1.0
23,3,Amber Rose,0.077,8,0,S3-27_percent,0.08378006501243859,2.914335439641036e-16,0.9999999999999992
23,3,Babyface,0.077,8,0,S3-27_percent,0.07777896927772296,1.3617579286417936e-16,1.0
23,3,Ryan Lochte,0.077,8,0,S3-27_percent,0.084636352076844,0.0,1.0
23,3,Rick Perry,0.071,11,1,S3-27_percent,0.07804710501173572,1.6732569262421253e-17,0.09558333333333352
23,3,Vanilla Ice,0.071,11,0,S3-27_percent,0.07804710501173572,0.0,1.0
23,4,Laurie Hernandez,0.115,1,0,S3-27_percent,0.09506324850850704,0.0,0.9880000000000015
23,4,James Hinchcliffe,0.107,2,0,S3-27_percent,0.09506330788445976,0.0,0.9879999999999975
23,4,Terra Jole,0.096,3,0,S3-27_percent,0.09386487816935302,4.652961786121779e-16,0.9879999999999995
23,4,Amber Rose,0.092,4,0,S3-27_percent,0.09091040507563015,6.938893903907228e-17,0.9879999999999965
23,4,Maureen McCormick,0.092,4,0,S3-27_percent,0.09216108288279899,0.0,0.9880000000000022
23,4,Calvin Johnson Jr.,0.088,6,0,S3-27_percent,0.09506332862648581,0.0,0.9880000000000027
23,4,Jana Kramer,0.088,6,0,S3-27_percent,0.09506327566809715,0.0,0.9880000000000015
23,4,Vanilla Ice,0.088,6,1,S3-27_percent,0.0782802965232398,0.0,0.1050000000000004
23,4,Ryan Lochte,0.084,9,0,S3-27_percent,0.09271051041848136,0.003999999999999802,0.9920000000000002
23,4,Marilu Henner,0.08,10,0,S3-27_percent,0.09370291475643186,0.007999999999999565,0.995999999999998
23,4,Babyface,0.069,11,1,S3-27_percent,0.07811675148651513,2.873972763963792e-16,0.12209999999999996
23,5,James Hinchcliffe,0.126,1,0,S3-27_percent,0.11384591784630507,0.0,1.0
23,5,Marilu Henner,0.117,2,0,S3-27_percent,0.11105473389619132,0.0,0.999999999999998
23,5,Terra Jole,0.117,2,0,S3-27_percent,0.1113876925689636,0.0,0.9999999999999994
23,5,Jana Kramer,0.113,4,0,S3-27_percent,0.11384595777671813,0.0,0.9999999999999974
23,5,Laurie Hernandez,0.109,5,0,S3-27_percent,0.11384589379635793,8.943849636811042e-17,1.0
23,5,Amber Rose,0.104,6,0,S3-27_percent,0.10528657274586817,4.85722573273506e-16,0.999999999999999
23,5,Calvin Johnson Jr.,0.104,6,0,S3-27_percent,0.11384594169116206,2.5326962749261384e-16,1.0
23,5,Maureen McCormick,0.104,6,0,S3-27_percent,0.1078764255563381,0.0,0.9999999999999991
23,5,Ryan Lochte,0.104,6,0,S3-27_percent,0.10901086412209567,1.0794275787435841e-16,1.0
23,6,Jana Kramer,0.131,1,0,S3-27_percent,0.11648493568936068,0.0,0.9999999999999984
23,6,James Hinchcliffe,0.125,2,0,S3-27_percent,0.11648479434987943,6.331740687315346e-17,1.0
23,6,Calvin Johnson Jr.,0.121,3,0,S3-27_percent,0.11648485892517228,4.163336342344337e-17,0.9999999999999996
23,6,Laurie Hernandez,0.121,3,0,S3-27_percent,0.11648482815190012,7.40190478265354e-17,1.0
23,6,Marilu Henner,0.111,5,0,S3-27_percent,0.11102170840434385,0.0,0.9999999999999992
23,6,Maureen McCormick,0.102,6,0,S3-27_percent,0.10475505215549631,0.0,1.0
23,6,Ryan Lochte,0.098,7,0,S3-27_percent,0.10699752657919631,0.0,1.0
23,6,Terra Jole,0.098,7,0,S3-27_percent,0.11167529752981196,0.0,0.9999999999999992
23,6,Amber Rose,0.092,9,1,S3-27_percent,0.09961099821483904,0.0,0.1301111111111111
23,7,Calvin Johnson Jr.,0.134,1,0,S3-27_percent,0.1326237334493007,0.0,0.9960000000000034
23,7,James Hinchcliffe,0.134,1,0,S3-27_percent,0.13262374839581736,0.0,0.9959999999999986
23,7,Jana Kramer,0.125,3,0,S3-27_percent,0.13262391832788503,3.189048280657349e-16,0.9959999999999996
23,7,Laurie Hernandez,0.125,3,0,S3-27_percent,0.13262374282071843,4.859590097447856e-16,0.9960000000000004
23,7,Terra Jole,0.125,3,0,S3-27_percent,0.1233547153470439,0.0,0.9959999999999996
23,7,Maureen McCormick,0.12,6,1,S3-27_percent,0.10982680563006315,0.0,0.12987499999999927
23,7,Ryan Lochte,0.12,6,0,S3-27_percent,0.11423640700516814,0.0,0.9960000000000017
23,7,Marilu Henner,0.116,8,0,S3-27_percent,0.12208692902400335,0.0039999999999997555,1.0
23,8,James Hinchcliffe,0.174,1,0,S3-27_percent,0.15312151007042113,0.0,0.9750000000000015
23,8,Laurie Hernandez,0.164,2,0,S3-27_percent,0.1531214476359649,4.908545015811892e-16,0.9750000000000001
23,8,Calvin Johnson Jr.,0.149,3,0,S3-27_percent,0.15312140541407246,3.885780586188048e-16,0.975000000000007
23,8,Jana Kramer,0.149,3,0,S3-27_percent,0.15312171251150433,0.0,0.9750000000000006
23,8,Ryan Lochte,0.129,5,1,S3-27_percent,0.11837180909403922,3.528698326984801e-16,0.15642857142857136
23,8,Terra Jole,0.119,6,0,S3-27_percent,0.1357703061799586,0.010000000000000342,0.9849999999999991
23,8,Marilu Henner,0.114,7,0,S3-27_percent,0.1333718090940393,0.01499999999999964,0.9899999999999985
23,9,Jana Kramer,0.176,1,0,S3-27_percent,0.1785242681510609,2.417237598948782e-16,1.0
23,9,Laurie Hernandez,0.176,1,0,S3-27_percent,0.17852385762533954,0.0,1.0
23,9,Terra Jole,0.167,3,0,S3-27_percent,0.14707724515244677,8.326672684688674e-17,0.9999999999999944
23,9,Calvin Johnson Jr.,0.163,4,0,S3-27_percent,0.17852375297545936,0.0,1.0
23,9,James Hinchcliffe,0.159,5,0,S3-27_percent,0.17852397321672542,0.0,0.9999999999999958
23,9,Marilu Henner,0.159,5,1,S3-27_percent,0.13882690287896798,1.1513511632599632e-17,0.17433333333333345
23,10,Laurie Hernandez,0.205,1,0,S3-27_percent,0.21104592563335764,0.0,0.9749999999999991
23,10,Terra Jole,0.205,1,1,S3-27_percent,0.15581562354652334,5.336759188029172e-16,0.19499999999999998
23,10,James Hinchcliffe,0.201,3,0,S3-27_percent,0.2110461048198664,0.004000000000001516,0.9790000000000006
23,10,Jana Kramer,0.198,4,0,S3-27_percent,0.21104650213837559,0.007000000000000434,0.9820000000000009
23,10,Calvin Johnson Jr.,0.191,5,0,S3-27_percent,0.21104584386187705,0.013999999999999818,0.9889999999999949
23,11,Laurie Hernandez,0.258,1,0,S3-27_percent,0.24999978827033426,0.0,0.9999999999999981
23,11,James Hinchcliffe,0.256,2,0,S3-27_percent,0.25000000864143196,0.0,1.0
23,11,Calvin Johnson Jr.,0.252,3,0,S3-27_percent,0.24999969954828832,2.498001805406602e-16,1.0
23,11,Jana Kramer,0.233,4,1,S3-27_percent,0.2500005035399484,0.0,0.2667499999999997
24,1,Simone Biles,0.106,1,0,S3-27_percent,0.08420133006267744,5.782734628895868e-17,1.0
24,1,Rashad Jennings,0.103,2,0,S3-27_percent,0.08489918117562054,0.0,0.9999999999999984
24,1,David Ross,0.093,3,0,S3-27_percent,0.08489932632348214,0.0,0.9999999999999986
24,1,Heather Morris,0.093,3,0,S3-27_percent,0.08302267438596374,0.0,0.9999999999999984
24,1,Nancy Kerrigan,0.093,3,0,S3-27_percent,0.08351364308000354,0.0,0.9999999999999992
24,1,Normani,0.089,6,0,S3-27_percent,0.08489946281611234,0.0,0.9999999999999973
24,1,Erika Jayne,0.079,7,0,S3-27_percent,0.08317909857751864,2.3471039365354415e-16,0.9999999999999997
24,1,Nick Viall,0.079,7,0,S3-27_percent,0.08398451767136374,3.069771223244116e-17,1.0
24,1,Bonner Bolton,0.073,9,0,S3-27_percent,0.08404910071083464,0.0,0.9999999999999938
24,1,Charo,0.07,10,0,S3-27_percent,0.08144403793750384,8.760353553682876e-16,1.0
24,1,Mr. T,0.066,11,0,S3-27_percent,0.08254750939943334,2.1823860824732405e-18,0.9999999999999991
24,1,Chris Kattan,0.056,12,0,S3-27_percent,0.07936011785948605,7.49698225480809e-17,1.0
24,2,Normani,0.098,1,0,S3-27_percent,0.08583927235570424,5.1706815767615427e-17,1.0
24,2,Rashad Jennings,0.098,1,0,S3-27_percent,0.08583898277895294,0.0,0.9999999999999992
24,2,Heather Morris,0.091,3,0,S3-27_percent,0.08284470945472214,3.534953860808009e-17,1.0
24,2,Simone Biles,0.088,4,0,S3-27_percent,0.08472837908015904,1.3127941544650803e-17,0.9999999999999962
24,2,Bonner Bolton,0.085,5,0,S3-27_percent,0.08448553358427224,1.8041124150158794e-16,1.0
24,2,Erika Jayne,0.085,5,0,S3-27_percent,0.08309548746542714,0.0,0.9999999999999989
24,2,Nancy Kerrigan,0.085,5,0,S3-27_percent,0.08363063793694925,2.7648340003122355e-17,1.0
24,2,David Ross,0.082,8,0,S3-27_percent,0.08583914737913474,1.942890293094024e-16,1.0
24,2,Charo,0.076,9,0,S3-27_percent,0.08030625262187314,0.0,0.9999999999999984
24,2,Nick Viall,0.076,9,0,S3-27_percent,0.08438258489416854,2.2967542614510638e-17,0.9999999999999987
24,2,Chris Kattan,0.067,11,1,S3-27_percent,0.07692636462991004,4.8279188203289456e-17,0.09950000000000019
24,2,Mr. T,0.067,11,0,S3-27_percent,0.08208264781872644,0.0,0.9999999999999984
24,3,Normani,0.108,1,0,S3-27_percent,0.09469410474105584,6.077300547963739e-17,1.0
24,3,Heather Morris,0.105,2,0,S3-27_percent,0.08880639850902604,1.0135242027202045e-16,1.0
24,3,Nancy Kerrigan,0.105,2,0,S3-27_percent,0.09035956685575715,4.900937975111747e-17,1.0
24,3,Simone Biles,0.102,4,0,S3-27_percent,0.09251944976477404,1.417426089565271e-17,1.0
24,3,David Ross,0.098,5,0,S3-27_percent,0.09469414718857894,0.0,0.9999999999999966
24,3,Rashad Jennings,0.089,6,0,S3-27_percent,0.09469388363135714,0.0,0.9999999999999988
24,3,Erika Jayne,0.083,7,0,S3-27_percent,0.08930274596598754,4.926614671774132e-16,0.9999999999999979
24,3,Nick Viall,0.083,7,0,S3-27_percent,0.09183990421606064,0.0,0.9999999999999989
24,3,Bonner Bolton,0.076,9,0,S3-27_percent,0.09204234444607294,0.0,0.999999999999999
24,3,Charo,0.076,9,1,S3-27_percent,0.08375222799306344,1.6749186348796154e-17,0.1059090909090907
24,3,Mr. T,0.076,9,0,S3-27_percent,0.08729522668826634,0.0,0.9999999999999991
24,4,Rashad Jennings,0.12,1,0,S3-27_percent,0.10624234211683925,1.272297043249515e-16,0.9999999999999978
24,4,Simone Biles,0.11,2,0,S3-27_percent,0.10184241349613135,7.636832193534345e-17,0.9999999999999994
24,4,Heather Morris,0.107,3,0,S3-27_percent,0.09425197783603616,0.0,1.0
24,4,Nancy Kerrigan,0.101,4,0,S3-27_percent,0.09743929968415635,0.0,1.0
24,4,Bonner Bolton,0.098,5,0,S3-27_percent,0.10087251022881485,0.0,0.9999999999999939
24,4,Normani,0.098,5,0,S3-27_percent,0.10624241968243775,1.1192782182457682e-16,0.9999999999999958
24,4,David Ross,0.095,7,0,S3-27_percent,0.10624250289126086,1.6965595595053173e-15,0.9999999999999987
24,4,Erika Jayne,0.092,8,0,S3-27_percent,0.09527252297045065,2.6164608037745666e-18,1.0
24,4,Nick Viall,0.092,8,0,S3-27_percent,0.10046047392485395,0.0,0.999999999999999
24,4,Mr. T,0.086,10,1,S3-27_percent,0.09113353716901876,0.0,0.1139
24,5,Normani,0.128,1,0,S3-27_percent,0.12162258980847043,0.0,0.9840000000000017
24,5,Simone Biles,0.125,2,0,S3-27_percent,0.11288234264827673,0.0,0.983999999999999
24,5,Nancy Kerrigan,0.118,3,0,S3-27_percent,0.10402649709688212,0.0,0.983999999999998
24,5,Heather Morris,0.112,4,0,S3-27_percent,0.09754194317614392,0.0,0.9840000000000011
24,5,Nick Viall,0.112,4,0,S3-27_percent,0.11011505267146343,3.0531365452762665e-16,0.9839999999999988
24,5,Erika Jayne,0.105,6,1,S3-27_percent,0.09962502208620823,0.0,0.1171111111111106
24,5,Rashad Jennings,0.105,6,0,S3-27_percent,0.12162267828899753,0.0,0.9840000000000023
24,5,Bonner Bolton,0.099,8,0,S3-27_percent,0.11094114961428952,0.00600000000000013,0.9900000000000022
24,5,David Ross,0.095,9,0,S3-27_percent,0.12162272460926803,0.00999999999999961,0.9940000000000018
24,6,Heather Morris,0.138,1,1,S3-27_percent,0.09542290425079934,1.741072870529006e-15,0.11200000000000015
24,6,Normani,0.134,2,0,S3-27_percent,0.14262590588855675,0.003999999999999459,0.8999999999999986
24,6,Rashad Jennings,0.13,3,0,S3-27_percent,0.14262613077874065,0.008000000000000096,0.9039999999999979
24,6,Simone Biles,0.128,4,0,S3-27_percent,0.12581641979897865,0.009999999999999901,0.9059999999999999
24,6,Nancy Kerrigan,0.125,5,0,S3-27_percent,0.10842290425079934,0.013000000000000081,0.9089999999999947
24,6,Bonner Bolton,0.117,6,0,S3-27_percent,0.12203684463920166,0.02099999999999974,0.9169999999999987
24,6,David Ross,0.115,7,0,S3-27_percent,0.14262598614212416,0.02299999999999986,0.9190000000000005
24,6,Nick Viall,0.113,8,0,S3-27_percent,0.12042290425079946,0.025000000000002173,0.9209999999999998
24,7,Normani,0.166,1,0,S3-27_percent,0.17014536569030406,1.3877787807814457e-16,0.9650000000000043
24,7,Rashad Jennings,0.154,2,0,S3-27_percent,0.17014565443874385,0.0,0.9649999999999972
24,7,Simone Biles,0.154,2,0,S3-27_percent,0.13899648588510655,2.536936482830119e-16,0.9650000000000006
24,7,Nancy Kerrigan,0.142,4,1,S3-27_percent,0.10523990419938684,0.0,0.16883333333333306
24,7,Nick Viall,0.134,5,1,S3-27_percent,0.11347368221871104,0.0,0.17550000000000102
24,7,David Ross,0.126,6,0,S3-27_percent,0.17014554012998725,0.01599999999999993,0.9810000000000023
24,7,Bonner Bolton,0.123,7,0,S3-27_percent,0.13185336743776047,0.019000000000000253,0.9839999999999988
24,8,Normani,0.226,1,0,S3-27_percent,0.22486835655712856,0.0,1.0
24,8,Rashad Jennings,0.215,2,0,S3-27_percent,0.22486855057824856,0.0,1.0
24,8,Simone Biles,0.206,3,0,S3-27_percent,0.16926963290903202,0.0,1.0
24,8,David Ross,0.186,4,0,S3-27_percent,0.22486845587967724,0.0,1.0
24,8,Bonner Bolton,0.166,5,1,S3-27_percent,0.15612500407591362,0.0,0.23379999999999992
24,9,Simone Biles,0.264,1,1,S3-27_percent,0.17931263747420093,4.728176160405029e-16,0.23600000000000032
24,9,Rashad Jennings,0.254,2,0,S3-27_percent,0.2735624600365725,0.010000000000000252,0.9539999999999997
24,9,Normani,0.251,3,0,S3-27_percent,0.27356246646397875,0.013000000000001705,0.9569999999999976
24,9,David Ross,0.231,4,0,S3-27_percent,0.27356243602524793,0.03299999999999981,0.9769999999999979
24,10,Rashad Jennings,0.344,1,0,S3-27_percent,0.3333332399721189,0.0,1.0
24,10,Normani,0.341,2,0,S3-27_percent,0.3333335030725091,1.6653345369377348e-16,1.0
24,10,David Ross,0.315,3,0,S3-27_percent,0.3333332569553719,1.1102230246251565e-16,1.0
25,1,Jordan Fisher,0.092,1,0,S3-27_percent,0.0784649745239265,0.0,1.0
25,1,Lindsey Stirling,0.092,1,0,S3-27_percent,0.07846510889582974,0.0,1.0
25,1,Vanessa Lachey,0.088,3,0,S3-27_percent,0.07770675350227034,1.4446317091856678e-16,1.0
25,1,Nikki Bella,0.084,4,0,S3-27_percent,0.0777065939208873,0.0,0.9999999999999984
25,1,Frankie Muniz,0.079,5,0,S3-27_percent,0.07846469014800747,4.283687928290619e-16,1.0
25,1,Victoria Arlen,0.079,5,0,S3-27_percent,0.07815276859312922,0.0,1.0
25,1,Derek Fisher,0.075,7,0,S3-27_percent,0.0769419776760213,0.0,0.9999999999999964
25,1,Nick Lachey,0.075,7,0,S3-27_percent,0.0778506287185255,0.0,1.0
25,1,Sasha Pieterse,0.075,7,0,S3-27_percent,0.07729490508678495,0.0,0.9999999999999982
25,1,Debbie Gibson,0.071,10,0,S3-27_percent,0.07121561569523846,0.0,1.0
25,1,Drew Scott,0.067,11,0,S3-27_percent,0.07846483290947998,1.2423904209244278e-16,1.0
25,1,Terrell Owens,0.063,12,0,S3-27_percent,0.07805560183733697,0.0,0.9999999999999969
25,1,Barbara Corcoran,0.059,13,0,S3-27_percent,0.07121554849256226,6.938893903907228e-17,1.0
25,2,Frankie Muniz,0.088,1,0,S3-27_percent,0.07948380855932903,0.0,0.9800000000000021
25,2,Jordan Fisher,0.088,1,0,S3-27_percent,0.07948409852197601,0.0,0.9799999999999985
25,2,Vanessa Lachey,0.086,3,0,S3-27_percent,0.07824026156217717,1.4717577418774143e-16,0.9800000000000026
25,2,Lindsey Stirling,0.082,4,0,S3-27_percent,0.07948429868571003,8.75516646527097e-17,0.9800000000000002
25,2,Sasha Pieterse,0.082,4,0,S3-27_percent,0.07756281581023071,0.0,0.979999999999998
25,2,Victoria Arlen,0.08,6,0,S3-27_percent,0.07897263880886753,0.0,0.9800000000000036
25,2,Debbie Gibson,0.075,7,1,S3-27_percent,0.06738790860119619,0.0,0.08633333333333307
25,2,Drew Scott,0.075,7,0,S3-27_percent,0.07948405288225961,0.0,0.9799999999999979
25,2,Nikki Bella,0.071,9,0,S3-27_percent,0.07824028945403186,0.003999999999999984,0.9840000000000003
25,2,Terrell Owens,0.071,9,0,S3-27_percent,0.07881363062677661,0.003999999999999793,0.9840000000000018
25,2,Derek Fisher,0.069,11,0,S3-27_percent,0.07698125698353961,0.006000000000000491,0.9860000000000022
25,2,Nick Lachey,0.069,11,0,S3-27_percent,0.07847707875966332,0.006000000000000232,0.9860000000000007
25,2,Barbara Corcoran,0.062,13,1,S3-27_percent,0.0673878607442423,0.0,0.09825000000000021
25,3,Lindsey Stirling,0.111,1,0,S3-27_percent,0.09258550453002516,1.5286950435735071e-16,0.9999999999999989
25,3,Jordan Fisher,0.102,2,0,S3-27_percent,0.0925853596279287,0.0,0.9999999999999983
25,3,Drew Scott,0.094,3,0,S3-27_percent,0.09258543559908156,0.0,1.0
25,3,Vanessa Lachey,0.094,3,0,S3-27_percent,0.09006757058694334,0.0,1.0
25,3,Victoria Arlen,0.09,5,0,S3-27_percent,0.09155203213630472,0.0,1.0
25,3,Derek Fisher,0.086,6,0,S3-27_percent,0.08750312393516452,1.6653345369377348e-16,1.0
25,3,Frankie Muniz,0.086,6,0,S3-27_percent,0.09258518255272578,0.0,1.0
25,3,Nick Lachey,0.086,6,0,S3-27_percent,0.09054847946626962,0.0,1.0
25,3,Nikki Bella,0.086,6,0,S3-27_percent,0.09006737343736076,0.0,1.0
25,3,Terrell Owens,0.086,6,0,S3-27_percent,0.09123045077501943,0.0,1.0
25,3,Sasha Pieterse,0.078,11,0,S3-27_percent,0.08868948735317644,0.0,1.0
25,4,Jordan Fisher,0.107,1,0,S3-27_percent,0.09435628242603551,1.6716567936548247e-16,0.9959999999999982
25,4,Victoria Arlen,0.1,2,0,S3-27_percent,0.092239726730512,5.304286146414794e-16,0.9960000000000018
25,4,Lindsey Stirling,0.096,3,0,S3-27_percent,0.09435630876527455,0.0,0.9960000000000009
25,4,Drew Scott,0.089,4,0,S3-27_percent,0.0943560607304103,0.0,0.9960000000000055
25,4,Frankie Muniz,0.089,4,0,S3-27_percent,0.09435578100456479,0.0,0.9959999999999979
25,4,Nikki Bella,0.089,4,0,S3-27_percent,0.0891853301890235,1.1918226792872343e-16,0.995999999999999
25,4,Sasha Pieterse,0.089,4,0,S3-27_percent,0.08633604590032441,0.0,0.9960000000000016
25,4,Terrell Owens,0.089,4,0,S3-27_percent,0.09158018160806852,1.426887439751958e-16,0.9959999999999973
25,4,Vanessa Lachey,0.089,4,0,S3-27_percent,0.08918549709352042,2.614506612471199e-16,0.9959999999999993
25,4,Derek Fisher,0.085,10,1,S3-27_percent,0.08387159197247365,4.163336342344337e-17,0.09709090909090888
25,4,Nick Lachey,0.081,11,0,S3-27_percent,0.0901771935797924,0.003999999999999824,0.9999999999999982
25,5,Jordan Fisher,0.115,1,0,S3-27_percent,0.10564788062106145,1.3458131572428322e-16,0.9919999999999995
25,5,Frankie Muniz,0.111,2,0,S3-27_percent,0.10564771857616696,0.0,0.992000000000001
25,5,Lindsey Stirling,0.107,3,0,S3-27_percent,0.10564791729100863,0.0,0.9920000000000004
25,5,Nikki Bella,0.103,4,0,S3-27_percent,0.09500632357898334,1.6136027515554325e-16,0.9919999999999997
25,5,Victoria Arlen,0.103,4,0,S3-27_percent,0.10131412355369328,0.0,0.9920000000000002
25,5,Drew Scott,0.096,6,0,S3-27_percent,0.10564788370930354,0.0,0.9920000000000014
25,5,Terrell Owens,0.096,6,0,S3-27_percent,0.09995776507380313,0.0,0.9920000000000015
25,5,Sasha Pieterse,0.092,8,1,S3-27_percent,0.0890619956477133,5.414847525770806e-16,0.1079
25,5,Vanessa Lachey,0.092,8,0,S3-27_percent,0.09500639630055312,0.0,0.9920000000000025
25,5,Nick Lachey,0.084,10,0,S3-27_percent,0.09706199564771328,0.00800000000000008,0.9999999999999958
25,6,Lindsey Stirling,0.131,1,0,S3-27_percent,0.12028423416395163,3.238491212861696e-17,0.999999999999998
25,6,Jordan Fisher,0.127,2,0,S3-27_percent,0.12028405496726936,0.0,0.9999999999999989
25,6,Terrell Owens,0.121,3,0,S3-27_percent,0.10891214426545343,7.979727989493313e-17,0.9999999999999981
25,6,Nikki Bella,0.118,4,0,S3-27_percent,0.0988633626215252,5.551115123125783e-17,0.9999999999999989
25,6,Vanessa Lachey,0.118,4,0,S3-27_percent,0.0988636680579853,8.481261644468742e-17,1.0
25,6,Frankie Muniz,0.101,6,0,S3-27_percent,0.120284086060672,6.487865800153259e-16,1.0
25,6,Victoria Arlen,0.101,6,0,S3-27_percent,0.11163895360392484,0.0,0.9999999999999998
25,6,Drew Scott,0.098,8,0,S3-27_percent,0.12028414535407084,4.718447854656915e-16,0.9999999999999972
25,6,Nick Lachey,0.085,9,1,S3-27_percent,0.10058535090514745,5.157589283068211e-17,0.13722222222222194
25,7,Frankie Muniz,0.14,1,0,S3-27_percent,0.14033973436564032,4.371503159461554e-16,0.9810000000000059
25,7,Drew Scott,0.133,2,0,S3-27_percent,0.14033963151888137,3.608224830031759e-16,0.9809999999999992
25,7,Victoria Arlen,0.133,2,0,S3-27_percent,0.12365352634553477,0.0,0.9810000000000005
25,7,Jordan Fisher,0.126,4,0,S3-27_percent,0.14033941165755928,1.3242661734369094e-16,0.9809999999999995
25,7,Vanessa Lachey,0.126,4,1,S3-27_percent,0.09833413212537591,0.0,0.14414285714285757
25,7,Lindsey Stirling,0.119,6,0,S3-27_percent,0.1403397036905831,0.006999999999999876,0.9880000000000015
25,7,Terrell Owens,0.114,7,0,S3-27_percent,0.1183200612803299,0.011999999999999955,0.9930000000000004
25,7,Nikki Bella,0.112,8,1,S3-27_percent,0.09833379901609536,4.303318126336557e-16,0.15614285714285697
25,8,Jordan Fisher,0.192,1,0,S3-27_percent,0.17870924929603044,2.2839816438471537e-16,0.9769999999999995
25,8,Lindsey Stirling,0.173,2,0,S3-27_percent,0.1787094043322176,0.0,0.9770000000000001
25,8,Frankie Muniz,0.169,3,0,S3-27_percent,0.17870980216689109,0.0,0.9769999999999972
25,8,Terrell Owens,0.163,4,1,S3-27_percent,0.13750878788082213,0.0,0.1703333333333332
25,8,Victoria Arlen,0.153,5,0,S3-27_percent,0.14765338593716543,0.009999999999999926,0.9870000000000045
25,8,Drew Scott,0.15,6,0,S3-27_percent,0.17870937038687318,0.01300000000000004,0.9900000000000051
25,9,Jordan Fisher,0.215,1,0,S3-27_percent,0.21099376252306365,0.0,0.952999999999999
25,9,Lindsey Stirling,0.211,2,0,S3-27_percent,0.21099406624460892,0.0,0.9529999999999974
25,9,Victoria Arlen,0.207,3,1,S3-27_percent,0.1560235263678454,1.0036464870828684e-15,0.1929999999999996
25,9,Frankie Muniz,0.189,4,0,S3-27_percent,0.21099464076654598,0.017999999999999836,0.9709999999999981
25,9,Drew Scott,0.178,5,0,S3-27_percent,0.21099400409793606,0.028999999999999748,0.9820000000000002
25,10,Jordan Fisher,0.256,1,0,S3-27_percent,0.24999964365455668,0.0,1.0
25,10,Lindsey Stirling,0.256,1,0,S3-27_percent,0.24999984920275864,0.0,1.0
25,10,Frankie Muniz,0.249,3,0,S3-27_percent,0.2500005997826287,0.0,1.0
25,10,Drew Scott,0.24,4,1,S3-27_percent,0.24999990736005598,2.7755575615628914e-16,0.26024999903049323
26,1,Adam Rippon,0.114,1,0,S3-27_percent,0.14236906518489884,0.0,0.9910000000000017
26,1,Josh Norman,0.114,1,0,S3-27_percent,0.14236916503505911,9.71445146547012e-17,0.9909999999999982
26,1,Mirai Nagasu,0.11,3,0,S3-27_percent,0.08653903157505091,1.1897259254110344e-16,0.9910000000000008
26,1,Tonya Harding,0.11,3,0,S3-27_percent,0.14236896499420412,0.0,0.9910000000000028
26,1,Chris Mazdzer,0.1,5,0,S3-27_percent,0.08653894529240201,0.0,0.9910000000000028
26,1,Jennie Finch Daigle,0.1,5,0,S3-27_percent,0.08938411547677862,0.0,0.9909999999999998
26,1,Arike Ogunbowale,0.095,7,0,S3-27_percent,0.08119095350398982,3.000663442291664e-16,0.9909999999999991
26,1,Jamie Anderson,0.09,8,1,S3-27_percent,0.07221973147075211,0.0,0.1226666666666662
26,1,Johnny Damon,0.086,9,1,S3-27_percent,0.07222006314717391,3.0725135928658813e-16,0.12622222222222218
26,1,Kareem Abdul-Jabbar,0.081,10,0,S3-27_percent,0.08479996431969052,0.008999999999999307,0.9999999999999991
26,2,Adam Rippon,0.138,1,0,S3-27_percent,0.17630453519302622,0.0,0.958000000000002
26,2,Mirai Nagasu,0.138,1,0,S3-27_percent,0.09558305792485002,8.326672684688674e-17,0.9579999999999996
26,2,Arike Ogunbowale,0.131,3,1,S3-27_percent,0.08704556550106211,0.0,0.13885714285714257
26,2,Chris Mazdzer,0.123,4,0,S3-27_percent,0.09558299057592512,0.008000000000000285,0.966000000000002
26,2,Tonya Harding,0.123,4,0,S3-27_percent,0.17630459066231402,0.008000000000000607,0.9659999999999997
26,2,Jennie Finch Daigle,0.118,6,0,S3-27_percent,0.10004556550106211,0.013000000000000636,0.9710000000000001
26,2,Josh Norman,0.118,6,0,S3-27_percent,0.17630456148504992,0.013000000000000013,0.971
26,2,Kareem Abdul-Jabbar,0.11,8,1,S3-27_percent,0.09282913315671051,0.0,0.1568571428571425
26,3,Adam Rippon,0.194,1,0,S3-27_percent,0.23428378350853557,0.0,1.0
26,3,Josh Norman,0.18,2,0,S3-27_percent,0.23428336439798558,1.5612511283791264e-15,0.9999999999999986
26,3,Mirai Nagasu,0.166,3,1,S3-27_percent,0.09805973664531782,1.6555127928676272e-16,0.2604999999999997
26,3,Tonya Harding,0.166,3,0,S3-27_percent,0.23428334793340677,0.0,1.0
26,3,Chris Mazdzer,0.156,5,1,S3-27_percent,0.09805964537975403,0.0,0.26799999999999985
26,3,Jennie Finch Daigle,0.137,6,1,S3-27_percent,0.10103012213500033,2.0727958319219247e-17,0.28224999999999867
26,4,Adam Rippon,0.339,1,0,S3-27_percent,0.3333337010205774,5.551115123125783e-17,1.0
26,4,Josh Norman,0.333,2,0,S3-27_percent,0.3333329849275281,0.0,0.9999999999999996
26,4,Tonya Harding,0.327,3,0,S3-27_percent,0.3333333140518944,4.1518477025832705e-17,1.0
27,1,DeMarcus Ware,0.09,1,0,S3-27_percent,0.07787002163811503,0.0,0.9860000000000018
27,1,Tinashe,0.09,1,0,S3-27_percent,0.07395587518566622,2.3592239273284576e-16,0.9860000000000039
27,1,Alexis Ren,0.086,3,0,S3-27_percent,0.07885284687826424,1.5265566588595902e-16,0.9859999999999999
27,1,Juan Pablo Di Pace,0.086,3,0,S3-27_percent,0.07805496145020963,2.5989108581397436e-16,0.9860000000000024
27,1,Bobby Bones,0.078,5,0,S3-27_percent,0.07885270160723525,0.0,0.9859999999999975
27,1,Mary Lou Retton,0.078,5,0,S3-27_percent,0.07738472427804093,0.0,0.9860000000000041
27,1,Milo Manheim,0.078,5,0,S3-27_percent,0.07885252771792814,1.755388658840085e-16,0.9859999999999983
27,1,Nancy McKeon,0.076,8,0,S3-27_percent,0.07575661555267513,7.188222106705448e-17,0.9859999999999991
27,1,Danelle Umstead,0.071,9,0,S3-27_percent,0.07377710954663853,7.822716535601612e-16,0.9859999999999991
27,1,Evanna Lynch,0.071,9,0,S3-27_percent,0.07885260575393074,5.343449686503982e-16,0.9859999999999968
27,1,John Schneider,0.071,9,0,S3-27_percent,0.07819828572818964,0.0,0.9859999999999991
27,1,Nikki Glaser,0.069,12,1,S3-27_percent,0.06779586233155323,1.1665957137489451e-16,0.08476923076923079
27,1,Joe Amabile,0.055,13,0,S3-27_percent,0.08179586233155324,0.013999999999999754,1.0
27,2,Juan Pablo Di Pace,0.096,1,0,S3-27_percent,0.08404989242131945,8.953265393529734e-17,0.9970000000000017
27,2,Milo Manheim,0.096,1,0,S3-27_percent,0.08535593862612345,0.0,0.9970000000000014
27,2,Tinashe,0.096,1,0,S3-27_percent,0.07725365022689705,2.831025900425696e-17,0.9970000000000012
27,2,Alexis Ren,0.091,4,0,S3-27_percent,0.08535612948457186,1.8041124150158794e-16,0.9970000000000034
27,2,Evanna Lynch,0.089,5,0,S3-27_percent,0.08535606649522076,5.364632349458276e-16,0.9970000000000012
27,2,DeMarcus Ware,0.087,6,0,S3-27_percent,0.08374646748177905,1.3877787807814457e-16,0.996999999999997
27,2,Mary Lou Retton,0.085,7,0,S3-27_percent,0.08294851384263975,2.012846739589973e-16,0.9970000000000043
27,2,John Schneider,0.079,8,0,S3-27_percent,0.08428511572880365,0.0,0.9969999999999981
27,2,Nancy McKeon,0.076,9,0,S3-27_percent,0.08025733678045675,3.6146565062450955e-16,0.9969999999999973
27,2,Bobby Bones,0.072,10,0,S3-27_percent,0.08535603101403245,6.418476861114186e-17,0.9970000000000037
27,2,Danelle Umstead,0.068,11,1,S3-27_percent,0.07695383954437315,3.1576260161329126e-16,0.09866666666666585
27,2,Joe Amabile,0.065,12,0,S3-27_percent,0.08908101835378265,0.0029999999999999693,0.9999999999999996
27,3,Juan Pablo Di Pace,0.111,1,0,S3-27_percent,0.09127827648811512,0.0,0.981000000000004
27,3,Evanna Lynch,0.1,2,0,S3-27_percent,0.09386402417172923,0.0,0.9810000000000014
27,3,Milo Manheim,0.1,2,0,S3-27_percent,0.09386398224249813,3.056954876594563e-16,0.9810000000000025
27,3,Tinashe,0.1,2,0,S3-27_percent,0.07756915749821633,0.0,0.9809999999999997
27,3,Alexis Ren,0.096,5,0,S3-27_percent,0.09386393712744183,0.0,0.981000000000002
27,3,DeMarcus Ware,0.096,5,0,S3-27_percent,0.09067563170701813,3.6701674369050494e-16,0.9809999999999997
27,3,Mary Lou Retton,0.089,7,0,S3-27_percent,0.08908623960817033,0.0,0.9810000000000003
27,3,Bobby Bones,0.085,8,0,S3-27_percent,0.09386389792515543,0.0,0.9810000000000004
27,3,Nancy McKeon,0.081,9,1,S3-27_percent,0.08368300839628143,2.4513290319809375e-16,0.1009090909090909
27,3,John Schneider,0.077,10,0,S3-27_percent,0.09174529740261693,0.003999999999999769,0.984999999999999
27,3,Joe Amabile,0.066,11,0,S3-27_percent,0.10050654743275703,0.015,0.9960000000000033
27,4,Milo Manheim,0.125,1,0,S3-27_percent,0.10468674483221355,4.481026388805396e-16,0.8669999999999999
27,4,Mary Lou Retton,0.112,2,0,S3-27_percent,0.09492662389007063,0.0,0.8669999999999992
27,4,Tinashe,0.112,2,1,S3-27_percent,0.07066573624849012,2.444001528623633e-15,0.08799999999999976
27,4,Alexis Ren,0.108,4,0,S3-27_percent,0.10468653151434884,0.00399999999999949,0.8709999999999999
27,4,Evanna Lynch,0.103,5,0,S3-27_percent,0.10468667085669243,0.00899999999999958,0.8760000000000014
27,4,Juan Pablo Di Pace,0.103,5,0,S3-27_percent,0.09942481285010493,0.008999999999999916,0.8760000000000036
27,4,DeMarcus Ware,0.095,7,0,S3-27_percent,0.09819178582456693,0.016999999999999786,0.8840000000000012
27,4,John Schneider,0.091,8,0,S3-27_percent,0.10037882851410293,0.02099999999999957,0.8880000000000006
27,4,Bobby Bones,0.086,9,0,S3-27_percent,0.10468652922091955,0.026000000000000037,0.8930000000000005
27,4,Joe Amabile,0.065,10,0,S3-27_percent,0.11766573624849014,0.047000000000000194,0.9140000000000025
27,5,Alexis Ren,0.131,1,0,S3-27_percent,0.11686563669351463,1.3877787807814457e-17,0.9999999999999963
27,5,Juan Pablo Di Pace,0.131,1,0,S3-27_percent,0.10634926466128203,0.0,1.0
27,5,Milo Manheim,0.122,3,0,S3-27_percent,0.11686600350977783,1.603708169290897e-16,0.9999999999999994
27,5,DeMarcus Ware,0.117,4,0,S3-27_percent,0.10386204521421252,0.0,0.9999999999999984
27,5,Mary Lou Retton,0.113,5,0,S3-27_percent,0.09723007290308802,0.0,0.9999999999999962
27,5,Evanna Lynch,0.108,6,0,S3-27_percent,0.11686579379364352,6.322487180947505e-17,0.9999999999999987
27,5,John Schneider,0.108,6,0,S3-27_percent,0.10826791449464893,0.0,1.0
27,5,Bobby Bones,0.095,8,0,S3-27_percent,0.11686563479476363,6.175615574477433e-16,1.0
27,5,Joe Amabile,0.077,9,0,S3-27_percent,0.11682763393506893,1.0948930135493945e-16,1.0
27,6,Juan Pablo Di Pace,0.131,1,0,S3-27_percent,0.10333451733656393,5.427763630070241e-16,0.9600000000000046
27,6,Milo Manheim,0.131,1,0,S3-27_percent,0.12382095246246773,2.220446049250313e-16,0.9599999999999994
27,6,Evanna Lynch,0.127,3,0,S3-27_percent,0.12382069293935102,0.0,0.960000000000001
27,6,Alexis Ren,0.118,4,0,S3-27_percent,0.12382057127937483,2.636779683484747e-16,0.9599999999999985
27,6,DeMarcus Ware,0.114,5,0,S3-27_percent,0.09840992798596143,1.0794722909442943e-17,0.9599999999999976
27,6,Mary Lou Retton,0.105,6,1,S3-27_percent,0.08511190991321552,0.0,0.11733333333333255
27,6,Bobby Bones,0.096,7,0,S3-27_percent,0.12382055333438492,0.009000000000000532,0.9689999999999988
27,6,Joe Amabile,0.096,7,0,S3-27_percent,0.11074896483546492,0.008999999999999932,0.9690000000000002
27,6,John Schneider,0.083,9,0,S3-27_percent,0.10711190991321563,0.02200000000000032,0.9820000000000021
27,7,Evanna Lynch,0.136,1,0,S3-27_percent,0.14602107391641622,1.3877787807814457e-16,0.9820000000000007
27,7,Milo Manheim,0.133,2,0,S3-27_percent,0.14602134509891312,0.0,0.9820000000000035
27,7,Juan Pablo Di Pace,0.129,3,0,S3-27_percent,0.10652216653171342,2.498001805406602e-16,0.9820000000000089
27,7,Alexis Ren,0.126,4,0,S3-27_percent,0.14602109753352743,0.0,0.9819999999999969
27,7,John Schneider,0.124,5,1,S3-27_percent,0.09833734413160913,0.0,0.14428571428571432
27,7,Bobby Bones,0.122,6,0,S3-27_percent,0.14602096528550793,0.002000000000001674,0.9840000000000031
27,7,DeMarcus Ware,0.122,6,1,S3-27_percent,0.09671866337070373,0.0,0.14600000000000057
27,7,Joe Amabile,0.108,8,0,S3-27_percent,0.11433734413160902,0.01599999999999989,0.9980000000000033
27,8,Juan Pablo Di Pace,0.186,1,1,S3-27_percent,0.11622854780850184,1.0458015295202031e-16,0.1854000000000012
27,8,Alexis Ren,0.18,2,0,S3-27_percent,0.19051026491987574,0.005999999999999839,0.9330000000000037
27,8,Evanna Lynch,0.18,2,0,S3-27_percent,0.19051000262465917,0.005999999999999919,0.9329999999999975
27,8,Milo Manheim,0.171,4,0,S3-27_percent,0.19051013119572016,0.014999999999999541,0.9420000000000024
27,8,Joe Amabile,0.143,5,1,S3-27_percent,0.12173104831645784,8.846179719867006e-17,0.21979999999999983
27,8,Bobby Bones,0.14,6,0,S3-27_percent,0.19051000513478525,0.045999999999998736,0.9730000000000006
27,9,Evanna Lynch,0.26,1,0,S3-27_percent,0.24999988734135925,2.290465211683552e-16,1.0
27,9,Milo Manheim,0.26,1,0,S3-27_percent,0.24999986793450565,0.0,0.9999999999999991
27,9,Alexis Ren,0.247,3,0,S3-27_percent,0.25000032094948205,1.1102230246251565e-16,1.0
27,9,Bobby Bones,0.234,4,0,S3-27_percent,0.24999992377465305,0.0,0.9999999999999976
28,1,James Van Der Beek,0.107,1,0,S28+_bottom2,,,
28,1,Hannah Brown,0.102,2,0,S28+_bottom2,,,
28,1,Lauren Alaina,0.096,3,0,S28+_bottom2,,,
28,1,Sailor Brinkley-Cook,0.091,4,0,S28+_bottom2,,,
28,1,Karamo Brown,0.086,5,0,S28+_bottom2,,,
28,1,Mary Wilson,0.086,5,0,S28+_bottom2,,,
28,1,Ally Brooke,0.081,7,0,S28+_bottom2,,,
28,1,Kel Mitchell,0.081,7,0,S28+_bottom2,,,
28,1,Kate Flannery,0.076,9,0,S28+_bottom2,,,
28,1,Ray Lewis,0.076,9,0,S28+_bottom2,,,
28,1,Sean Spicer,0.061,11,0,S28+_bottom2,,,
28,1,Lamar Odom,0.056,12,0,S28+_bottom2,,,
28,2,Hannah Brown,0.11,1,0,S28+_bottom2,,,
28,2,Kate Flannery,0.096,2,0,S28+_bottom2,,,
28,2,Ally Brooke,0.091,3,0,S28+_bottom2,,,
28,2,James Van Der Beek,0.091,3,0,S28+_bottom2,,,
28,2,Kel Mitchell,0.091,3,0,S28+_bottom2,,,
28,2,Karamo Brown,0.087,6,0,S28+_bottom2,,,
28,2,Lauren Alaina,0.087,6,0,S28+_bottom2,,,
28,2,Sailor Brinkley-Cook,0.082,8,0,S28+_bottom2,,,
28,2,Sean Spicer,0.073,9,0,S28+_bottom2,,,
28,2,Mary Wilson,0.068,10,1,S28+_bottom2,,,
28,2,Ray Lewis,0.068,10,1,S28+_bottom2,,,
28,2,Lamar Odom,0.055,12,0,S28+_bottom2,,,
28,3,Ally Brooke,0.121,1,0,S28+_bottom2,,,
28,3,Kate Flannery,0.121,1,0,S28+_bottom2,,,
28,3,James Van Der Beek,0.116,3,0,S28+_bottom2,,,
28,3,Sailor Brinkley-Cook,0.116,3,0,S28+_bottom2,,,
28,3,Hannah Brown,0.106,5,0,S28+_bottom2,,,
28,3,Kel Mitchell,0.101,6,0,S28+_bottom2,,,
28,3,Lauren Alaina,0.101,6,0,S28+_bottom2,,,
28,3,Karamo Brown,0.081,8,0,S28+_bottom2,,,
28,3,Sean Spicer,0.076,9,0,S28+_bottom2,,,
28,3,Lamar Odom,0.061,10,0,S28+_bottom2,,,
28,4,Ally Brooke,0.113,1,0,S28+_bottom2,,,
28,4,Hannah Brown,0.113,1,0,S28+_bottom2,,,
28,4,Kel Mitchell,0.113,1,0,S28+_bottom2,,,
28,4,Lauren Alaina,0.113,1,0,S28+_bottom2,,,
28,4,Sailor Brinkley-Cook,0.11,5,0,S28+_bottom2,,,
28,4,James Van Der Beek,0.099,6,0,S28+_bottom2,,,
28,4,Karamo Brown,0.099,6,0,S28+_bottom2,,,
28,4,Kate Flannery,0.092,8,0,S28+_bottom2,,,
28,4,Sean Spicer,0.074,9,0,S28+_bottom2,,,
28,4,Lamar Odom,0.071,10,1,S28+_bottom2,,,
28,5,Ally Brooke,0.126,1,0,S28+_bottom2,,,
28,5,James Van Der Beek,0.121,2,0,S28+_bottom2,,,
28,5,Kel Mitchell,0.121,2,0,S28+_bottom2,,,
28,5,Hannah Brown,0.116,4,0,S28+_bottom2,,,
28,5,Kate Flannery,0.112,5,0,S28+_bottom2,,,
28,5,Sailor Brinkley-Cook,0.112,5,0,S28+_bottom2,,,
28,5,Lauren Alaina,0.107,7,0,S28+_bottom2,,,
28,5,Karamo Brown,0.098,8,0,S28+_bottom2,,,
28,5,Sean Spicer,0.088,9,0,S28+_bottom2,,,
28,6,James Van Der Beek,0.118,1,0,S28+_bottom2,,,
28,6,Kate Flannery,0.118,1,0,S28+_bottom2,,,
28,6,Sailor Brinkley-Cook,0.118,1,1,S28+_bottom2,,,
28,6,Kel Mitchell,0.114,4,0,S28+_bottom2,,,
28,6,Lauren Alaina,0.114,4,0,S28+_bottom2,,,
28,6,Ally Brooke,0.11,6,0,S28+_bottom2,,,
28,6,Karamo Brown,0.11,6,0,S28+_bottom2,,,
28,6,Hannah Brown,0.105,8,0,S28+_bottom2,,,
28,6,Sean Spicer,0.092,9,0,S28+_bottom2,,,
28,7,Ally Brooke,0.134,1,0,S28+_bottom2,,,
28,7,James Van Der Beek,0.134,1,0,S28+_bottom2,,,
28,7,Lauren Alaina,0.134,1,0,S28+_bottom2,,,
28,7,Hannah Brown,0.129,4,0,S28+_bottom2,,,
28,7,Kel Mitchell,0.126,5,0,S28+_bottom2,,,
28,7,Karamo Brown,0.121,6,1,S28+_bottom2,,,
28,7,Kate Flannery,0.119,7,0,S28+_bottom2,,,
28,7,Sean Spicer,0.104,8,0,S28+_bottom2,,,
28,8,James Van Der Beek,0.166,1,0,S28+_bottom2,,,
28,8,Hannah Brown,0.161,2,0,S28+_bottom2,,,
28,8,Ally Brooke,0.155,3,0,S28+_bottom2,,,
28,8,Kel Mitchell,0.155,4,0,S28+_bottom2,,,
28,8,Kate Flannery,0.135,5,1,S28+_bottom2,,,
28,8,Lauren Alaina,0.124,6,0,S28+_bottom2,,,
28,8,Sean Spicer,0.104,7,0,S28+_bottom2,,,
28,9,Ally Brooke,0.192,1,0,S28+_bottom2,,,
28,9,Kel Mitchell,0.177,2,0,S28+_bottom2,,,
28,9,James Van Der Beek,0.173,3,0,S28+_bottom2,,,
28,9,Hannah Brown,0.17,4,0,S28+_bottom2,,,
28,9,Lauren Alaina,0.168,5,0,S28+_bottom2,,,
28,9,Sean Spicer,0.12,6,1,S28+_bottom2,,,
28,10,Ally Brooke,0.215,1,0,S28+_bottom2,,,
28,10,Kel Mitchell,0.207,2,0,S28+_bottom2,,,
28,10,Hannah Brown,0.196,3,0,S28+_bottom2,,,
28,10,Lauren Alaina,0.196,3,0,S28+_bottom2,,,
28,10,James Van Der Beek,0.185,5,1,S28+_bottom2,,,
28,11,Ally Brooke,0.256,1,0,S28+_bottom2,,,
28,11,Kel Mitchell,0.252,2,0,S28+_bottom2,,,
28,11,Hannah Brown,0.248,3,0,S28+_bottom2,,,
28,11,Lauren Alaina,0.244,4,0,S28+_bottom2,,,
29,1,Justina Machado,0.081,1,0,S28+_bottom2,0.06705897849351143,3.6320162925848156e-17,1.0
29,1,Skai Jackson,0.081,1,0,S28+_bottom2,0.06712722592943285,0.0,0.9999999999999962
29,1,Kaitlyn Bristowe,0.077,3,0,S28+_bottom2,0.06720475998169788,0.0,0.9999999999999998
29,1,Nev Schulman,0.077,3,0,S28+_bottom2,0.06705895301166699,0.0,1.0
29,1,Monica Aldama,0.073,5,0,S28+_bottom2,0.06695471797256748,4.116633646102924e-17,1.0
29,1,AJ McLean,0.069,6,0,S28+_bottom2,0.06695104080812313,0.0,1.0
29,1,Anne Heche,0.069,6,0,S28+_bottom2,0.06630984265006078,0.0,1.0
29,1,Jeannie Mai,0.069,6,0,S28+_bottom2,0.06652242466674795,0.0,0.9999999999999986
29,1,Jesse Metcalfe,0.069,6,0,S28+_bottom2,0.06664433883856426,0.0,0.9999999999999978
29,1,Johnny Weir,0.069,6,0,S28+_bottom2,0.06694024708784355,0.0,1.0
29,1,Veron Davis,0.065,11,0,S28+_bottom2,0.06677721091924455,6.198058992240877e-17,0.9999999999999998
29,1,Nelly,0.062,12,0,S28+_bottom2,0.06736024504764727,0.0,0.9999999999999984
29,1,Chrishell Stause,0.05,13,0,S28+_bottom2,0.06660836978762316,4.908248023533398e-17,1.0
29,1,Charles Oakley,0.046,14,0,S28+_bottom2,0.06467358058016953,0.0,0.9999999999999998
29,1,Carole Baskin,0.042,15,0,S28+_bottom2,0.06580806422509929,0.0,1.0
29,2,Kaitlyn Bristowe,0.081,1,0,S28+_bottom2,0.06760913805737856,0.0,1.0
29,2,Justina Machado,0.077,2,0,S28+_bottom2,0.06735478571911883,0.0,1.0
29,2,Nev Schulman,0.077,2,0,S28+_bottom2,0.0673547407501409,0.0,1.0
29,2,Jesse Metcalfe,0.073,4,0,S28+_bottom2,0.06663001199297136,0.0,0.9999999999999976
29,2,AJ McLean,0.07,5,0,S28+_bottom2,0.06716630405493637,0.0,0.9999999999999922
29,2,Anne Heche,0.066,6,0,S28+_bottom2,0.06604394343815712,5.368969158148218e-16,0.9999999999999993
29,2,Chrishell Stause,0.066,6,0,S28+_bottom2,0.06656705962126298,0.0,0.9999999999999918
29,2,Jeannie Mai,0.066,6,0,S28+_bottom2,0.06641654623668959,2.0546957996754262e-17,1.0
29,2,Johnny Weir,0.066,6,0,S28+_bottom2,0.06714745465399335,7.36859580778123e-17,1.0
29,2,Nelly,0.066,6,0,S28+_bottom2,0.06788016247123353,2.6023336278114502e-17,1.0
29,2,Veron Davis,0.066,6,0,S28+_bottom2,0.0668624781628078,0.0,0.9999999999999998
29,2,Carole Baskin,0.059,12,0,S28+_bottom2,0.06516235611354758,0.0,0.9999999999999982
29,2,Monica Aldama,0.059,12,0,S28+_bottom2,0.06717272399895612,0.0,0.9999999999999992
29,2,Charles Oakley,0.055,14,1,S28+_bottom2,0.06315840578534654,6.844424681452638e-17,0.28760888005314067
29,2,Skai Jackson,0.055,14,0,S28+_bottom2,0.06747388894345942,0.0,1.0
29,3,Johnny Weir,0.085,1,0,S28+_bottom2,0.0719320808750598,3.734391986703362e-17,1.0
29,3,Nev Schulman,0.085,1,0,S28+_bottom2,0.07238208623662071,3.6893390561626736e-17,1.0
29,3,Kaitlyn Bristowe,0.082,3,0,S28+_bottom2,0.0729335664472332,0.0,1.0
29,3,Chrishell Stause,0.078,4,0,S28+_bottom2,0.07066912927704463,0.0,1.0
29,3,Jeannie Mai,0.078,4,0,S28+_bottom2,0.07034086320441382,0.0,0.9999999999999974
29,3,Veron Davis,0.078,4,0,S28+_bottom2,0.07131253987668063,0.0,1.0
29,3,AJ McLean,0.075,7,0,S28+_bottom2,0.07197305121174848,4.440892098500626e-16,1.0
29,3,Monica Aldama,0.075,7,0,S28+_bottom2,0.07198698331028935,0.0,1.0
29,3,Jesse Metcalfe,0.071,9,0,S28+_bottom2,0.0708063226100192,5.677139571975513e-17,0.999999999999998
29,3,Justina Machado,0.068,10,0,S28+_bottom2,0.07238218523137477,1.8124280562100054e-17,1.0
29,3,Nelly,0.064,11,0,S28+_bottom2,0.07352016012359187,0.0,0.9999999999999971
29,3,Skai Jackson,0.064,11,0,S28+_bottom2,0.07264045453941317,0.0,1.0
29,3,Anne Heche,0.053,13,0,S28+_bottom2,0.06952693076077497,0.0,1.0
29,3,Carole Baskin,0.043,14,1,S28+_bottom2,0.06759364629573535,3.118298669726602e-17,0.2522681195852396
29,4,Skai Jackson,0.093,1,0,S28+_bottom2,0.07897615392513965,1.121908480970223e-16,0.9861431077622674
29,4,Kaitlyn Bristowe,0.083,2,0,S28+_bottom2,0.0796284705367415,0.0,0.9861431078156383
29,4,AJ McLean,0.08,3,0,S28+_bottom2,0.07748740424896175,6.5157348177726745e-16,0.986143109712629
29,4,Johnny Weir,0.08,3,0,S28+_bottom2,0.0773958510989502,2.128806101379163e-17,0.9861431075149488
29,4,Justina Machado,0.08,3,0,S28+_bottom2,0.07840060795599893,0.0,0.9861431075345943
29,4,Monica Aldama,0.08,3,0,S28+_bottom2,0.0775185340481702,1.4247160956184124e-16,0.986143107514696
29,4,Nev Schulman,0.08,3,0,S28+_bottom2,0.07840038878474363,0.0,0.9861431076023399
29,4,Chrishell Stause,0.073,8,0,S28+_bottom2,0.07456465808870519,0.0,0.9861531741561844
29,4,Veron Davis,0.073,8,0,S28+_bottom2,0.07600922846029143,0.0,0.9861531738813126
29,4,Anne Heche,0.07,10,1,S28+_bottom2,0.071988633582511,1.212802335292368e-14,0.17950935434194942
29,4,Jeannie Mai,0.07,10,0,S28+_bottom2,0.0738258443341837,1.5437220393088435e-15,0.9999999999999976
29,4,Jesse Metcalfe,0.07,10,0,S28+_bottom2,0.07487307215861139,1.2879370442596354e-16,0.9999999999999991
29,4,Nelly,0.07,10,0,S28+_bottom2,0.08093115277699142,0.0,0.9999999999999996
29,5,Johnny Weir,0.101,1,0,S28+_bottom2,0.0835294735591263,0.0,1.0
29,5,Kaitlyn Bristowe,0.094,2,0,S28+_bottom2,0.088415187232134,1.9217708885290934e-17,1.0
29,5,Monica Aldama,0.091,3,0,S28+_bottom2,0.08379913953273421,1.2204632575883562e-17,1.0
29,5,Nev Schulman,0.091,3,0,S28+_bottom2,0.08573335057563032,0.0,0.999999999999999
29,5,AJ McLean,0.084,5,0,S28+_bottom2,0.08373071923150231,0.0,1.0
29,5,Jeannie Mai,0.084,5,0,S28+_bottom2,0.0754308310507887,8.739594892179866e-18,1.0
29,5,Justina Machado,0.084,5,0,S28+_bottom2,0.08573381249629371,0.0,0.9999999999999999
29,5,Nelly,0.084,5,0,S28+_bottom2,0.09112684194454573,0.0,1.0
29,5,Skai Jackson,0.084,5,0,S28+_bottom2,0.08699236832448376,1.408931165471302e-17,1.0
29,5,Veron Davis,0.073,10,0,S28+_bottom2,0.08047169879538069,0.0,1.0
29,5,Chrishell Stause,0.066,11,0,S28+_bottom2,0.07726653097955674,0.0,1.0
29,5,Jesse Metcalfe,0.066,11,1,S28+_bottom2,0.07777004627782359,0.0,0.2171464493827577
29,6,AJ McLean,0.101,1,0,S28+_bottom2,0.09076956913735872,0.0,0.9999999948635012
29,6,Justina Machado,0.101,1,0,S28+_bottom2,0.09504462764149736,8.090464692056592e-18,0.999999999999999
29,6,Kaitlyn Bristowe,0.101,1,0,S28+_bottom2,0.10071930798948911,1.4227719040583398e-17,1.0
29,6,Monica Aldama,0.101,1,0,S28+_bottom2,0.09091611177100276,0.0,1.0
29,6,Nev Schulman,0.097,5,0,S28+_bottom2,0.09504363457841901,0.0,1.0
29,6,Jeannie Mai,0.093,6,0,S28+_bottom2,0.07261185968833817,0.0,0.9999999999999982
29,6,Chrishell Stause,0.09,7,0,S28+_bottom2,0.07674668377993608,8.213408157645638e-13,1.0
29,6,Nelly,0.09,7,0,S28+_bottom2,0.10635037823571106,2.923912048531445e-17,1.0
29,6,Johnny Weir,0.082,9,0,S28+_bottom2,0.09033831196928896,9.257022108667899e-17,1.0
29,6,Veron Davis,0.078,10,1,S28+_bottom2,0.08374467868892327,4.330643128882126e-17,0.20306426090659285
29,6,Skai Jackson,0.067,11,0,S28+_bottom2,0.09771483652003535,0.0,0.9999999999999994
29,7,Nev Schulman,0.115,1,0,S28+_bottom2,0.10740911386723175,0.0,0.8914236883574896
29,7,Johnny Weir,0.104,2,0,S28+_bottom2,0.09766362510078057,1.7226492169365385e-14,0.8914236766789547
29,7,Nelly,0.104,2,0,S28+_bottom2,0.13024924995595466,0.0,0.8914236766753338
29,7,Skai Jackson,0.104,2,0,S28+_bottom2,0.112878355549824,0.0,0.8914236887497232
29,7,AJ McLean,0.1,5,0,S28+_bottom2,0.0985630109632316,1.0442968856436934e-16,0.8914872804961543
29,7,Chrishell Stause,0.1,5,0,S28+_bottom2,0.06859074437561168,0.0,0.8914872800857662
29,7,Justina Machado,0.1,5,0,S28+_bottom2,0.10741116727150683,7.133859057625788e-16,0.8914872800825913
29,7,Jeannie Mai,0.096,8,1,S28+_bottom2,0.05938769292054768,0.0,0.15738806632792837
29,7,Kaitlyn Bristowe,0.092,9,0,S28+_bottom2,0.11897870229952186,0.036216641110786624,0.9999999999999971
29,7,Monica Aldama,0.085,10,1,S28+_bottom2,0.09886833769578937,2.371021198520211e-16,0.35206218235833653
29,8,Johnny Weir,0.135,1,0,S28+_bottom2,0.11263954896477055,0.0,0.49509681765852354
29,8,Nev Schulman,0.135,1,0,S28+_bottom2,0.13229688513554666,0.0,0.4950967793284495
29,8,Justina Machado,0.131,3,0,S28+_bottom2,0.13230096569770644,1.4392022571329905e-15,0.5047883425424857
29,8,Kaitlyn Bristowe,0.126,4,0,S28+_bottom2,0.1385708300806572,1.152399669020203e-13,0.6772993560893635
29,8,AJ McLean,0.122,5,0,S28+_bottom2,0.11447629857489901,4.234392543241639e-16,0.7100824930130422
29,8,Chrishell Stause,0.122,5,1,S28+_bottom2,0.05005761521661586,1.4817413146609622e-13,0.11564861611142338
29,8,Skai Jackson,0.122,7,0,S28+_bottom2,0.1431094107376675,1.5182783253287618e-10,0.847635839577019
29,8,Nelly,0.108,8,0,S28+_bottom2,0.176548445592137,0.0,0.9009755782820942
29,9,Johnny Weir,0.155,1,0,S28+_bottom2,0.11207302530202172,0.0,0.9999999999999993
29,9,Kaitlyn Bristowe,0.155,1,0,S28+_bottom2,0.1552020528778264,0.0,1.0
29,9,Nev Schulman,0.15,3,0,S28+_bottom2,0.1514011909312526,1.5294071797921865e-16,1.0
29,9,Skai Jackson,0.15,3,0,S28+_bottom2,0.12464914539029524,0.0,1.0
29,9,Justina Machado,0.135,5,0,S28+_bottom2,0.15140912249547958,8.049116928532385e-16,1.0
29,9,AJ McLean,0.13,6,1,S28+_bottom2,0.11516542194318519,0.0,0.23861540301952194
29,9,Nelly,0.124,7,0,S28+_bottom2,0.19010004105993936,0.0,0.9999999999999973
29,10,Kaitlyn Bristowe,0.172,1,0,S28+_bottom2,0.1860620539055203,3.6205968214462934e-17,0.8212065249544884
29,10,Nev Schulman,0.172,1,0,S28+_bottom2,0.18349455648609278,9.817298217887673e-17,0.0
29,10,Justina Machado,0.167,3,0,S28+_bottom2,0.1835089649771524,3.0567386216648404e-15,0.8244447792836374
29,10,Johnny Weir,0.164,4,1,S28+_bottom2,0.10945642467081357,3.3306690738754696e-16,0.18371421337203286
29,10,Skai Jackson,0.164,4,1,S28+_bottom2,0.10945642467079056,0.0,0.18371421308539615
29,10,Nelly,0.161,6,0,S28+_bottom2,0.22802157528963063,0.1524510634737845,1.0
29,11,Justina Machado,0.253,1,0,S28+_bottom2,0.24015061515513222,0.0,1.0
29,11,Kaitlyn Bristowe,0.253,1,0,S28+_bottom2,0.24226533570808353,0.0,0.9999999999999991
29,11,Nev Schulman,0.253,1,0,S28+_bottom2,0.24013870280559718,0.0,1.0
29,11,Nelly,0.241,4,0,S28+_bottom2,0.2774453463311871,5.607726040759932e-17,1.0
30,1,JoJo Siwa,0.079,1,0,S28+_bottom2,,,
30,1,Amanda Kloots,0.077,2,0,S28+_bottom2,,,
30,1,Suni Lee,0.077,2,0,S28+_bottom2,,,
30,1,Melanie C,0.074,4,0,S28+_bottom2,,,
30,1,Kenya Moore,0.071,5,0,S28+_bottom2,,,
30,1,Melora Hardin,0.071,5,0,S28+_bottom2,,,
30,1,Christine Chiu,0.068,7,0,S28+_bottom2,,,
30,1,Olivia Jade,0.068,7,0,S28+_bottom2,,,
30,1,Brian Austin Green,0.066,9,0,S28+_bottom2,,,
30,1,Cody Rigsby,0.066,9,0,S28+_bottom2,,,
30,1,Matt James,0.066,9,0,S28+_bottom2,,,
30,1,"Mike ""The Miz"" Mizanin",0.066,9,0,S28+_bottom2,,,
30,1,Jimmie Allen,0.06,13,0,S28+_bottom2,,,
30,1,Iman Shumpert,0.057,14,0,S28+_bottom2,,,
30,1,Martin Kove,0.036,15,0,S28+_bottom2,,,
30,2,Amanda Kloots,0.083,1,0,S28+_bottom2,,,
30,2,JoJo Siwa,0.081,2,0,S28+_bottom2,,,
30,2,Melanie C,0.078,3,0,S28+_bottom2,,,
30,2,Suni Lee,0.073,4,0,S28+_bottom2,,,
30,2,Jimmie Allen,0.07,5,0,S28+_bottom2,,,
30,2,Melora Hardin,0.07,5,0,S28+_bottom2,,,
30,2,Olivia Jade,0.07,5,0,S28+_bottom2,,,
30,2,"Mike ""The Miz"" Mizanin",0.068,8,0,S28+_bottom2,,,
30,2,Iman Shumpert,0.065,9,0,S28+_bottom2,,,
30,2,Christine Chiu,0.062,10,0,S28+_bottom2,,,
30,2,Cody Rigsby,0.062,10,0,S28+_bottom2,,,
30,2,Kenya Moore,0.062,10,0,S28+_bottom2,,,
30,2,Brian Austin Green,0.06,13,0,S28+_bottom2,,,
30,2,Matt James,0.057,14,0,S28+_bottom2,,,
30,2,Martin Kove,0.039,15,1,S28+_bottom2,,,
30,3,Amanda Kloots,0.081,1,0,S28+_bottom2,,,
30,3,JoJo Siwa,0.081,1,0,S28+_bottom2,,,
30,3,Olivia Jade,0.081,1,0,S28+_bottom2,,,
30,3,Melora Hardin,0.077,4,0,S28+_bottom2,,,
30,3,Melanie C,0.074,5,0,S28+_bottom2,,,
30,3,"Mike ""The Miz"" Mizanin",0.074,5,0,S28+_bottom2,,,
30,3,Christine Chiu,0.07,7,1,S28+_bottom2,,,
30,3,Kenya Moore,0.07,7,0,S28+_bottom2,,,
30,3,Suni Lee,0.07,7,0,S28+_bottom2,,,
30,3,Jimmie Allen,0.067,10,0,S28+_bottom2,,,
30,3,Matt James,0.067,10,0,S28+_bottom2,,,
30,3,Brian Austin Green,0.064,12,0,S28+_bottom2,,,
30,3,Iman Shumpert,0.064,12,0,S28+_bottom2,,,
30,3,Cody Rigsby,0.06,14,0,S28+_bottom2,,,
30,4,Melora Hardin,0.088,1,0,S28+_bottom2,,,
30,4,JoJo Siwa,0.084,2,0,S28+_bottom2,,,
30,4,Olivia Jade,0.084,2,0,S28+_bottom2,,,
30,4,Amanda Kloots,0.082,4,0,S28+_bottom2,,,
30,4,Suni Lee,0.082,4,0,S28+_bottom2,,,
30,4,Melanie C,0.079,6,0,S28+_bottom2,,,
30,4,Jimmie Allen,0.078,7,0,S28+_bottom2,,,
30,4,"Mike ""The Miz"" Mizanin",0.078,7,0,S28+_bottom2,,,
30,4,Iman Shumpert,0.076,9,0,S28+_bottom2,,,
30,4,Kenya Moore,0.071,10,0,S28+_bottom2,,,
30,4,Cody Rigsby,0.07,11,0,S28+_bottom2,,,
30,4,Matt James,0.068,12,1,S28+_bottom2,,,
30,4,Brian Austin Green,0.062,13,1,S28+_bottom2,,,
30,5,JoJo Siwa,0.104,1,0,S28+_bottom2,,,
30,5,Amanda Kloots,0.101,2,0,S28+_bottom2,,,
30,5,Kenya Moore,0.094,3,0,S28+_bottom2,,,
30,5,Melanie C,0.094,3,1,S28+_bottom2,,,
30,5,Melora Hardin,0.094,3,0,S28+_bottom2,,,
30,5,Olivia Jade,0.094,3,0,S28+_bottom2,,,
30,5,Suni Lee,0.094,3,0,S28+_bottom2,,,
30,5,Jimmie Allen,0.088,8,0,S28+_bottom2,,,
30,5,Cody Rigsby,0.083,9,0,S28+_bottom2,,,
30,5,"Mike ""The Miz"" Mizanin",0.083,9,0,S28+_bottom2,,,
30,5,Iman Shumpert,0.073,11,0,S28+_bottom2,,,
30,6,Iman Shumpert,0.11,1,0,S28+_bottom2,,,
30,6,JoJo Siwa,0.11,1,0,S28+_bottom2,,,
30,6,Amanda Kloots,0.104,3,0,S28+_bottom2,,,
30,6,Jimmie Allen,0.104,3,0,S28+_bottom2,,,
30,6,Cody Rigsby,0.099,5,0,S28+_bottom2,,,
30,6,Olivia Jade,0.099,5,0,S28+_bottom2,,,
30,6,Suni Lee,0.099,5,0,S28+_bottom2,,,
30,6,Melora Hardin,0.093,8,0,S28+_bottom2,,,
30,6,"Mike ""The Miz"" Mizanin",0.093,8,0,S28+_bottom2,,,
30,6,Kenya Moore,0.088,10,1,S28+_bottom2,,,
30,7,Olivia Jade,0.128,1,0,S28+_bottom2,,,
30,7,JoJo Siwa,0.119,2,0,S28+_bottom2,,,
30,7,Jimmie Allen,0.116,3,0,S28+_bottom2,,,
30,7,Melora Hardin,0.116,3,0,S28+_bottom2,,,
30,7,Cody Rigsby,0.11,5,0,S28+_bottom2,,,
30,7,Amanda Kloots,0.104,6,0,S28+_bottom2,,,
30,7,Iman Shumpert,0.104,6,0,S28+_bottom2,,,
30,7,Suni Lee,0.104,6,0,S28+_bottom2,,,
30,7,"Mike ""The Miz"" Mizanin",0.098,9,1,S28+_bottom2,,,
30,8,Amanda Kloots,0.136,1,0,S28+_bottom2,,,
30,8,Melora Hardin,0.136,1,0,S28+_bottom2,,,
30,8,Suni Lee,0.136,1,0,S28+_bottom2,,,
30,8,JoJo Siwa,0.133,4,0,S28+_bottom2,,,
30,8,Cody Rigsby,0.123,5,0,S28+_bottom2,,,
30,8,Olivia Jade,0.117,6,1,S28+_bottom2,,,
30,8,Iman Shumpert,0.114,7,0,S28+_bottom2,,,
30,8,Jimmie Allen,0.104,8,1,S28+_bottom2,,,
30,9,JoJo Siwa,0.177,1,0,S28+_bottom2,,,
30,9,Amanda Kloots,0.175,2,0,S28+_bottom2,,,
30,9,Iman Shumpert,0.166,3,0,S28+_bottom2,,,
30,9,Suni Lee,0.166,3,1,S28+_bottom2,,,
30,9,Melora Hardin,0.159,5,1,S28+_bottom2,,,
30,9,Cody Rigsby,0.157,6,0,S28+_bottom2,,,
30,10,Iman Shumpert,0.255,1,0,S28+_bottom2,,,
30,10,JoJo Siwa,0.255,1,0,S28+_bottom2,,,
30,10,Amanda Kloots,0.248,3,0,S28+_bottom2,,,
30,10,Cody Rigsby,0.242,4,0,S28+_bottom2,,,
31,1,Charli D'Amelio,0.084,1,0,S28+_bottom2,,,
31,1,Wayne Brady,0.076,2,0,S28+_bottom2,,,
31,1,Gabby Windey,0.073,3,0,S28+_bottom2,,,
31,1,Selma Blair,0.073,3,0,S28+_bottom2,,,
31,1,Shangela,0.073,3,0,S28+_bottom2,,,
31,1,Daniel Durant,0.071,6,0,S28+_bottom2,,,
31,1,Jordin Sparks,0.068,7,0,S28+_bottom2,,,
31,1,Heidi D'Amelio,0.063,8,0,S28+_bottom2,,,
31,1,Joseph Baena,0.06,9,0,S28+_bottom2,,,
31,1,Cheryl Ladd,0.055,10,0,S28+_bottom2,,,
31,1,Trevor Donovan,0.055,10,0,S28+_bottom2,,,
31,1,Jessie James Decker,0.052,12,0,S28+_bottom2,,,
31,1,Sam Champion,0.052,12,0,S28+_bottom2,,,
31,1,Teresa Giudice,0.052,12,0,S28+_bottom2,,,
31,1,Jason Lewis,0.047,15,1,S28+_bottom2,,,
31,1,Vinny Guadagnino,0.045,16,0,S28+_bottom2,,,
31,2,Charli D'Amelio,0.078,1,0,S28+_bottom2,,,
31,2,Gabby Windey,0.078,1,0,S28+_bottom2,,,
31,2,Wayne Brady,0.078,1,0,S28+_bottom2,,,
31,2,Trevor Donovan,0.073,4,0,S28+_bottom2,,,
31,2,Daniel Durant,0.07,5,0,S28+_bottom2,,,
31,2,Heidi D'Amelio,0.068,6,0,S28+_bottom2,,,
31,2,Selma Blair,0.068,6,0,S28+_bottom2,,,
31,2,Shangela,0.068,6,0,S28+_bottom2,,,
31,2,Jordin Sparks,0.066,9,0,S28+_bottom2,,,
31,2,Vinny Guadagnino,0.066,9,0,S28+_bottom2,,,
31,2,Sam Champion,0.063,11,0,S28+_bottom2,,,
31,2,Jessie James Decker,0.061,12,0,S28+_bottom2,,,
31,2,Joseph Baena,0.058,13,0,S28+_bottom2,,,
31,2,Teresa Giudice,0.056,14,1,S28+_bottom2,,,
31,2,Cheryl Ladd,0.051,15,0,S28+_bottom2,,,
31,3,Charli D'Amelio,0.082,1,0,S28+_bottom2,,,
31,3,Gabby Windey,0.082,1,0,S28+_bottom2,,,
31,3,Wayne Brady,0.082,1,0,S28+_bottom2,,,
31,3,Heidi D'Amelio,0.079,4,0,S28+_bottom2,,,
31,3,Daniel Durant,0.077,5,0,S28+_bottom2,,,
31,3,Shangela,0.074,6,0,S28+_bottom2,,,
31,3,Jordin Sparks,0.072,7,0,S28+_bottom2,,,
31,3,Joseph Baena,0.072,7,0,S28+_bottom2,,,
31,3,Selma Blair,0.069,9,0,S28+_bottom2,,,
31,3,Trevor Donovan,0.067,10,0,S28+_bottom2,,,
31,3,Jessie James Decker,0.065,11,0,S28+_bottom2,,,
31,3,Sam Champion,0.062,12,0,S28+_bottom2,,,
31,3,Cheryl Ladd,0.06,13,1,S28+_bottom2,,,
31,3,Vinny Guadagnino,0.057,14,0,S28+_bottom2,,,
31,4,Charli D'Amelio,0.088,1,0,S28+_bottom2,,,
31,4,Gabby Windey,0.088,1,0,S28+_bottom2,,,
31,4,Wayne Brady,0.088,1,0,S28+_bottom2,,,
31,4,Heidi D'Amelio,0.083,4,0,S28+_bottom2,,,
31,4,Jordin Sparks,0.083,4,0,S28+_bottom2,,,
31,4,Selma Blair,0.078,6,0,S28+_bottom2,,,
31,4,Shangela,0.078,6,0,S28+_bottom2,,,
31,4,Jessie James Decker,0.076,8,0,S28+_bottom2,,,
31,4,Daniel Durant,0.071,9,0,S28+_bottom2,,,
31,4,Vinny Guadagnino,0.071,9,0,S28+_bottom2,,,
31,4,Joseph Baena,0.068,11,0,S28+_bottom2,,,
31,4,Trevor Donovan,0.068,11,0,S28+_bottom2,,,
31,4,Sam Champion,0.061,13,1,S28+_bottom2,,,
31,5,Charli D'Amelio,0.094,1,0,S28+_bottom2,,,
31,5,Gabby Windey,0.091,2,0,S28+_bottom2,,,
31,5,Wayne Brady,0.091,2,0,S28+_bottom2,,,
31,5,Selma Blair,0.089,4,1,S28+_bottom2,,,
31,5,Heidi D'Amelio,0.087,5,0,S28+_bottom2,,,
31,5,Shangela,0.086,6,0,S28+_bottom2,,,
31,5,Jessie James Decker,0.08,7,0,S28+_bottom2,,,
31,5,Trevor Donovan,0.08,7,0,S28+_bottom2,,,
31,5,Jordin Sparks,0.079,9,0,S28+_bottom2,,,
31,5,Joseph Baena,0.078,10,1,S28+_bottom2,,,
31,5,Daniel Durant,0.075,11,0,S28+_bottom2,,,
31,5,Vinny Guadagnino,0.069,12,0,S28+_bottom2,,,
31,6,Charli D'Amelio,0.116,1,0,S28+_bottom2,,,
31,6,Gabby Windey,0.107,2,0,S28+_bottom2,,,
31,6,Heidi D'Amelio,0.104,3,0,S28+_bottom2,,,
31,6,Shangela,0.104,3,0,S28+_bottom2,,,
31,6,Daniel Durant,0.099,5,0,S28+_bottom2,,,
31,6,Jordin Sparks,0.099,5,0,S28+_bottom2,,,
31,6,Trevor Donovan,0.099,5,0,S28+_bottom2,,,
31,6,Wayne Brady,0.099,5,0,S28+_bottom2,,,
31,6,Jessie James Decker,0.093,9,1,S28+_bottom2,,,
31,6,Vinny Guadagnino,0.081,10,0,S28+_bottom2,,,
31,7,Charli D'Amelio,0.12,1,0,S28+_bottom2,,,
31,7,Trevor Donovan,0.12,1,0,S28+_bottom2,,,
31,7,Wayne Brady,0.117,3,0,S28+_bottom2,,,
31,7,Daniel Durant,0.112,4,0,S28+_bottom2,,,
31,7,Shangela,0.112,4,0,S28+_bottom2,,,
31,7,Gabby Windey,0.109,6,0,S28+_bottom2,,,
31,7,Heidi D'Amelio,0.108,7,0,S28+_bottom2,,,
31,7,Jordin Sparks,0.106,8,1,S28+_bottom2,,,
31,7,Vinny Guadagnino,0.097,9,0,S28+_bottom2,,,
31,8,Charli D'Amelio,0.143,1,0,S28+_bottom2,,,
31,8,Wayne Brady,0.143,1,0,S28+_bottom2,,,
31,8,Shangela,0.134,3,0,S28+_bottom2,,,
31,8,Gabby Windey,0.127,4,0,S28+_bottom2,,,
31,8,Daniel Durant,0.124,5,0,S28+_bottom2,,,
31,8,Trevor Donovan,0.124,5,0,S28+_bottom2,,,
31,8,Heidi D'Amelio,0.111,7,1,S28+_bottom2,,,
31,8,Vinny Guadagnino,0.092,8,1,S28+_bottom2,,,
31,9,Charli D'Amelio,0.182,1,0,S28+_bottom2,,,
31,9,Gabby Windey,0.182,1,0,S28+_bottom2,,,
31,9,Shangela,0.166,3,0,S28+_bottom2,,,
31,9,Wayne Brady,0.166,3,0,S28+_bottom2,,,
31,9,Daniel Durant,0.157,5,1,S28+_bottom2,,,
31,9,Trevor Donovan,0.148,6,1,S28+_bottom2,,,
31,10,Charli D'Amelio,0.256,1,0,S28+_bottom2,,,
31,10,Gabby Windey,0.256,1,0,S28+_bottom2,,,
31,10,Shangela,0.244,3,0,S28+_bottom2,,,
31,10,Wayne Brady,0.244,3,0,S28+_bottom2,,,
32,1,Charity Lawson,0.095,1,0,S28+_bottom2,,,
32,1,Ariana Madix,0.091,2,0,S28+_bottom2,,,
32,1,Jason Mraz,0.091,2,0,S28+_bottom2,,,
32,1,Lele Pons,0.082,4,0,S28+_bottom2,,,
32,1,Adrian Peterson,0.078,5,0,S28+_bottom2,,,
32,1,Xochitl Gomez,0.078,5,0,S28+_bottom2,,,
32,1,Mira Sorvino,0.074,7,0,S28+_bottom2,,,
32,1,Barry Williams,0.069,8,0,S28+_bottom2,,,
32,1,Jamie Lynn Spears,0.065,9,0,S28+_bottom2,,,
32,1,Mauricio Umansky,0.065,9,0,S28+_bottom2,,,
32,1,Alyson Hannigan,0.056,11,0,S28+_bottom2,,,
32,1,Harry Jowsey,0.052,12,0,S28+_bottom2,,,
32,1,Matt Walsh,0.052,12,1,S28+_bottom2,,,
32,1,Tyson Beckford,0.052,12,0,S28+_bottom2,,,
32,2,Jason Mraz,0.101,1,0,S28+_bottom2,,,
32,2,Xochitl Gomez,0.101,1,0,S28+_bottom2,,,
32,2,Charity Lawson,0.088,3,0,S28+_bottom2,,,
32,2,Lele Pons,0.088,3,0,S28+_bottom2,,,
32,2,Ariana Madix,0.084,5,0,S28+_bottom2,,,
32,2,Alyson Hannigan,0.08,6,0,S28+_bottom2,,,
32,2,Mira Sorvino,0.076,7,0,S28+_bottom2,,,
32,2,Tyson Beckford,0.076,7,0,S28+_bottom2,,,
32,2,Jamie Lynn Spears,0.067,9,1,S28+_bottom2,,,
32,2,Adrian Peterson,0.063,10,0,S28+_bottom2,,,
32,2,Barry Williams,0.063,10,0,S28+_bottom2,,,
32,2,Harry Jowsey,0.063,10,0,S28+_bottom2,,,
32,2,Mauricio Umansky,0.05,13,0,S28+_bottom2,,,
32,3,Ariana Madix,0.105,1,0,S28+_bottom2,,,
32,3,Jason Mraz,0.105,1,0,S28+_bottom2,,,
32,3,Charity Lawson,0.099,3,0,S28+_bottom2,,,
32,3,Xochitl Gomez,0.099,3,0,S28+_bottom2,,,
32,3,Lele Pons,0.084,5,0,S28+_bottom2,,,
32,3,Mira Sorvino,0.08,6,0,S28+_bottom2,,,
32,3,Barry Williams,0.077,7,0,S28+_bottom2,,,
32,3,Alyson Hannigan,0.074,8,0,S28+_bottom2,,,
32,3,Harry Jowsey,0.074,8,0,S28+_bottom2,,,
32,3,Mauricio Umansky,0.071,10,0,S28+_bottom2,,,
32,3,Adrian Peterson,0.068,11,0,S28+_bottom2,,,
32,3,Tyson Beckford,0.062,12,1,S28+_bottom2,,,
32,4,Xochitl Gomez,0.112,1,0,S28+_bottom2,,,
32,4,Ariana Madix,0.104,2,0,S28+_bottom2,,,
32,4,Charity Lawson,0.1,3,0,S28+_bottom2,,,
32,4,Jason Mraz,0.1,3,0,S28+_bottom2,,,
32,4,Lele Pons,0.092,5,0,S28+_bottom2,,,
32,4,Adrian Peterson,0.088,6,1,S28+_bottom2,,,
32,4,Harry Jowsey,0.088,6,0,S28+_bottom2,,,
32,4,Mira Sorvino,0.088,6,0,S28+_bottom2,,,
32,4,Mauricio Umansky,0.079,9,0,S28+_bottom2,,,
32,4,Alyson Hannigan,0.075,10,0,S28+_bottom2,,,
32,4,Barry Williams,0.075,10,0,S28+_bottom2,,,
32,5,Charity Lawson,0.117,1,0,S28+_bottom2,,,
32,5,Xochitl Gomez,0.117,1,0,S28+_bottom2,,,
32,5,Jason Mraz,0.112,3,0,S28+_bottom2,,,
32,5,Ariana Madix,0.1,4,0,S28+_bottom2,,,
32,5,Barry Williams,0.1,4,0,S28+_bottom2,,,
32,5,Lele Pons,0.1,4,0,S28+_bottom2,,,
32,5,Mauricio Umansky,0.1,4,0,S28+_bottom2,,,
32,5,Mira Sorvino,0.092,8,1,S28+_bottom2,,,
32,5,Alyson Hannigan,0.088,9,0,S28+_bottom2,,,
32,5,Harry Jowsey,0.075,10,0,S28+_bottom2,,,
32,6,Xochitl Gomez,0.13,1,0,S28+_bottom2,,,
32,6,Ariana Madix,0.127,2,0,S28+_bottom2,,,
32,6,Jason Mraz,0.121,3,0,S28+_bottom2,,,
32,6,Charity Lawson,0.118,4,0,S28+_bottom2,,,
32,6,Lele Pons,0.115,5,0,S28+_bottom2,,,
32,6,Mauricio Umansky,0.102,6,1,S28+_bottom2,,,
32,6,Barry Williams,0.099,7,0,S28+_bottom2,,,
32,6,Alyson Hannigan,0.096,8,0,S28+_bottom2,,,
32,6,Harry Jowsey,0.09,9,0,S28+_bottom2,,,
32,7,Ariana Madix,0.131,1,0,S28+_bottom2,,,
32,7,Xochitl Gomez,0.131,1,0,S28+_bottom2,,,
32,7,Lele Pons,0.129,3,1,S28+_bottom2,,,
32,7,Charity Lawson,0.128,4,0,S28+_bottom2,,,
32,7,Jason Mraz,0.128,4,0,S28+_bottom2,,,
32,7,Alyson Hannigan,0.124,6,0,S28+_bottom2,,,
32,7,Barry Williams,0.115,7,0,S28+_bottom2,,,
32,7,Harry Jowsey,0.113,8,0,S28+_bottom2,,,
32,8,Ariana Madix,0.166,1,0,S28+_bottom2,,,
32,8,Xochitl Gomez,0.158,2,0,S28+_bottom2,,,
32,8,Charity Lawson,0.154,3,0,S28+_bottom2,,,
32,8,Alyson Hannigan,0.142,4,0,S28+_bottom2,,,
32,8,Barry Williams,0.138,5,1,S28+_bottom2,,,
32,8,Jason Mraz,0.13,6,0,S28+_bottom2,,,
32,8,Harry Jowsey,0.111,7,0,S28+_bottom2,,,
32,9,Jason Mraz,0.195,1,0,S28+_bottom2,,,
32,9,Xochitl Gomez,0.186,2,0,S28+_bottom2,,,
32,9,Charity Lawson,0.172,3,0,S28+_bottom2,,,
32,9,Ariana Madix,0.167,4,0,S28+_bottom2,,,
32,9,Alyson Hannigan,0.145,5,0,S28+_bottom2,,,
32,9,Harry Jowsey,0.136,6,1,S28+_bottom2,,,
32,10,Xochitl Gomez,0.211,1,0,S28+_bottom2,,,
32,10,Charity Lawson,0.207,2,0,S28+_bottom2,,,
32,10,Ariana Madix,0.204,3,0,S28+_bottom2,,,
32,10,Jason Mraz,0.2,4,0,S28+_bottom2,,,
32,10,Alyson Hannigan,0.179,5,0,S28+_bottom2,,,
32,11,Jason Mraz,0.206,1,0,S28+_bottom2,,,
32,11,Xochitl Gomez,0.206,1,0,S28+_bottom2,,,
32,11,Ariana Madix,0.203,3,0,S28+_bottom2,,,
32,11,Charity Lawson,0.203,3,0,S28+_bottom2,,,
32,11,Alyson Hannigan,0.182,5,0,S28+_bottom2,,,
33,1,Chandler Kinney,0.093,1,0,S28+_bottom2,0.07893529299795211,0.0,0.9999999999999971
33,1,Dwight Howard ,0.089,2,0,S28+_bottom2,0.0768232238354864,6.752958788702207e-17,0.9999999999999987
33,1,Joey Graziadei,0.085,3,0,S28+_bottom2,0.07710375717967041,0.0,1.0
33,1,Stephen Nedoroscik,0.085,3,0,S28+_bottom2,0.07883053141113743,0.0,0.9999999999999973
33,1,Danny Amendola,0.081,5,0,S28+_bottom2,0.0787942595446143,5.2783920290099186e-17,0.9999999999999982
33,1,Jenn Tran,0.077,6,0,S28+_bottom2,0.07764673146507801,0.0,1.0
33,1,Phaedra Parks,0.077,6,0,S28+_bottom2,0.07856455379856102,0.0,1.0
33,1,Anna Delvey,0.073,8,0,S28+_bottom2,0.07300944412723774,4.3021142204224816e-16,0.9999999999999998
33,1,Brooks Nader,0.073,8,0,S28+_bottom2,0.06854539774933921,0.0,0.9999999999999974
33,1,Ilona Maher,0.073,8,0,S28+_bottom2,0.08089965192178722,9.125249115107483e-17,0.9999999999999944
33,1,Tori Spelling,0.069,11,0,S28+_bottom2,0.044926342459261664,3.102083493797431e-17,0.9999999999999984
33,1,Reginald VelJohnson,0.065,12,0,S28+_bottom2,0.09308559032692644,0.0,0.9999999999999994
33,1,Eric Roberts,0.061,13,0,S28+_bottom2,0.09283522318294804,0.0,0.9999999999999993
33,2,Chandler Kinney,0.093,1,0,S28+_bottom2,0.08088146821168606,0.0,0.7282100755335871
33,2,Dwight Howard ,0.085,2,0,S28+_bottom2,0.07741322222272858,1.0353685918730338e-15,0.7282100756696475
33,2,Joey Graziadei,0.085,2,0,S28+_bottom2,0.0778760283144985,0.0,0.7282100755260801
33,2,Stephen Nedoroscik,0.085,2,0,S28+_bottom2,0.08071007077732506,1.130572362480046e-16,0.7282100760622796
33,2,Danny Amendola,0.081,5,0,S28+_bottom2,0.0806508905673549,0.0,0.7282100828927305
33,2,Ilona Maher,0.081,5,0,S28+_bottom2,0.08407489088741986,4.0858243669174213e-17,0.7282100828730923
33,2,Phaedra Parks,0.081,5,0,S28+_bottom2,0.08027542560533749,0.0,0.7282100827247496
33,2,Brooks Nader,0.078,8,0,S28+_bottom2,0.06343492193053066,0.0,0.7293422545532511
33,2,Jenn Tran,0.074,9,0,S28+_bottom2,0.07877001193450024,2.850838458232793e-16,0.7481091344632432
33,2,Tori Spelling,0.074,9,1,S28+_bottom2,0.018692024743977544,0.0,0.10324952464904569
33,2,Anna Delvey,0.066,11,1,S28+_bottom2,0.07105357834395237,1.1344502664027295e-14,0.17768999457617954
33,2,Eric Roberts,0.058,12,0,S28+_bottom2,0.10289116125885232,0.0809716237875441,0.8392048924336276
33,2,Reginald VelJohnson,0.058,12,0,S28+_bottom2,0.10327630520183627,0.08097073543440494,0.8392048923260284
33,3,Joey Graziadei,0.11,1,0,S28+_bottom2,0.08997649401324209,3.0849374503330653e-18,1.0
33,3,Chandler Kinney,0.108,2,0,S28+_bottom2,0.09618213610804704,0.0,0.9999999999999977
33,3,Jenn Tran,0.097,3,0,S28+_bottom2,0.0918065996788582,0.0,0.9999999999999996
33,3,Stephen Nedoroscik,0.097,3,0,S28+_bottom2,0.09583071930667372,0.0,0.9999999999999974
33,3,Brooks Nader,0.096,5,0,S28+_bottom2,0.05873099742351183,0.0,1.0
33,3,Danny Amendola,0.094,6,0,S28+_bottom2,0.09570932799170456,7.584459089800731e-17,1.0
33,3,Ilona Maher,0.088,7,0,S28+_bottom2,0.10267955573872427,1.5603137112848564e-14,1.0
33,3,Phaedra Parks,0.088,7,0,S28+_bottom2,0.0949380155280687,8.633561023516462e-18,0.9999999999999998
33,3,Dwight Howard ,0.082,9,0,S28+_bottom2,0.08901257775347411,0.0,0.9999999999999998
33,3,Eric Roberts,0.072,10,1,S28+_bottom2,0.09148318126313089,0.0,0.216562381517917
33,3,Reginald VelJohnson,0.066,11,1,S28+_bottom2,0.09365039519456465,2.777539428052308e-17,0.28015902633990236
33,4,Danny Amendola,0.122,1,0,S28+_bottom2,0.12245209680640147,3.689503763847835e-16,0.5750308011589742
33,4,Joey Graziadei,0.122,1,0,S28+_bottom2,0.11067283649372218,0.0,0.5750307820669536
33,4,Stephen Nedoroscik,0.112,3,0,S28+_bottom2,0.12269895641666774,0.0341250952088504,0.6320753300770573
33,4,Brooks Nader,0.109,4,1,S28+_bottom2,0.04129401604802749,3.191891195797325e-16,0.08085039525271233
33,4,Chandler Kinney,0.109,4,0,S28+_bottom2,0.12341334495795768,1.6850063011553118e-12,0.6807146626963934
33,4,Ilona Maher,0.109,4,0,S28+_bottom2,0.13648351226384647,2.727378120214198e-16,0.6807146518452095
33,4,Jenn Tran,0.109,4,0,S28+_bottom2,0.1144461425161169,0.07595103707173508,0.6807146776661048
33,4,Phaedra Parks,0.109,4,0,S28+_bottom2,0.12087992864866522,0.07811246052477698,0.6807146587537282
33,4,Dwight Howard ,0.099,9,0,S28+_bottom2,0.1076591658485948,0.0,0.8992030773288066
33,5,Chandler Kinney,0.134,1,0,S28+_bottom2,0.12586428083207785,5.551115123125783e-17,0.9999999999999984
33,5,Ilona Maher,0.129,2,0,S28+_bottom2,0.16542799908619438,0.0,1.0
33,5,Joey Graziadei,0.129,2,0,S28+_bottom2,0.11927879413261552,1.3249195178138426e-17,1.0
33,5,Danny Amendola,0.126,4,0,S28+_bottom2,0.14277380290109506,3.122502256758253e-17,0.9999999999999986
33,5,Jenn Tran,0.126,4,0,S28+_bottom2,0.07645679434787057,0.0,0.9999999999999987
33,5,Dwight Howard ,0.119,6,0,S28+_bottom2,0.11247729687724976,2.847907011573621e-17,0.9999999999999991
33,5,Phaedra Parks,0.119,6,1,S28+_bottom2,0.11483473380111643,0.0,0.2244607058994054
33,5,Stephen Nedoroscik,0.119,6,0,S28+_bottom2,0.14288629802178043,3.1218703759876195e-15,0.999999999999995
33,6,Chandler Kinney,0.155,1,0,S28+_bottom2,0.13894619596754676,0.0,0.30371813236009526
33,6,Joey Graziadei,0.155,1,0,S28+_bottom2,0.13582874782131324,0.0,0.19578610223026444
33,6,Dwight Howard ,0.15,3,0,S28+_bottom2,0.12230383429219423,0.0,0.3143154891592521
33,6,Jenn Tran,0.15,3,1,S28+_bottom2,0.024174553369005303,1.1396533577315162e-14,0.018674779683795443
33,6,Danny Amendola,0.136,5,0,S28+_bottom2,0.180029457949543,0.08012759628483386,0.3977296140859178
33,6,Stephen Nedoroscik,0.136,5,0,S28+_bottom2,0.18004685598105621,0.08012756463177552,0.41290528235191754
33,6,Ilona Maher,0.117,7,0,S28+_bottom2,0.21867035461934137,1.4497969417595335e-14,0.6830821397052661
33,7,Chandler Kinney,0.188,1,0,S28+_bottom2,0.15586386365861513,2.498001805406602e-16,1.0
33,7,Joey Graziadei,0.172,2,0,S28+_bottom2,0.15397059194832416,3.191891195797325e-16,1.0
33,7,Stephen Nedoroscik,0.169,3,0,S28+_bottom2,0.18135894182764292,0.0,1.0
33,7,Ilona Maher,0.162,4,0,S28+_bottom2,0.2061483525281317,1.145504203013419e-16,0.999999999999998
33,7,Danny Amendola,0.159,5,0,S28+_bottom2,0.18134790401313292,0.0,1.0
33,7,Dwight Howard ,0.15,6,1,S28+_bottom2,0.12131034602415314,4.855304704584324e-17,0.29129099256246865
33,8,Chandler Kinney,0.207,1,0,S28+_bottom2,0.18630682057875964,0.0,0.9999999999999956
33,8,Joey Graziadei,0.207,1,0,S28+_bottom2,0.1850266144670352,0.0,1.0
33,8,Ilona Maher,0.204,3,0,S28+_bottom2,0.22113224206940707,7.342563998533516e-17,1.0
33,8,Danny Amendola,0.193,4,0,S28+_bottom2,0.20376332331219,9.159339953157541e-16,0.9999999999999991
33,8,Stephen Nedoroscik,0.189,5,0,S28+_bottom2,0.2037709995726082,0.0,1.0
33,9,Chandler Kinney,0.206,1,0,S28+_bottom2,0.18905123731273862,0.0,0.9999999999999898
33,9,Joey Graziadei,0.203,2,0,S28+_bottom2,0.18803943942941773,2.3285024870185284e-16,1.0
33,9,Stephen Nedoroscik,0.203,2,0,S28+_bottom2,0.20296475003951123,0.0,0.9999999999999981
33,9,Ilona Maher,0.196,4,0,S28+_bottom2,0.21698596713024923,0.0,0.9999999999999978
33,9,Danny Amendola,0.192,5,0,S28+_bottom2,0.20295860608808328,2.55351295663786e-15,1.0
34,1,Robert Irwin,0.091,1,0,S28+_bottom2,,,
34,1,Whitney Leavitt,0.091,1,0,S28+_bottom2,,,
34,1,Hilaria Baldwin,0.085,3,0,S28+_bottom2,,,
34,1,Alix Earle,0.079,4,0,S28+_bottom2,,,
34,1,Lauren Jauregui,0.079,4,0,S28+_bottom2,,,
34,1,Danielle Fishel,0.073,6,0,S28+_bottom2,,,
34,1,Elaine Hendrix,0.073,6,0,S28+_bottom2,,,
34,1,Jen Affleck,0.073,6,0,S28+_bottom2,,,
34,1,Baron Davis,0.061,9,0,S28+_bottom2,,,
34,1,Dylan Efron,0.061,9,0,S28+_bottom2,,,
34,1,Jordan Chiles,0.061,9,0,S28+_bottom2,,,
34,1,Scott Hoying,0.061,9,0,S28+_bottom2,,,
34,1,Andy Richter,0.055,13,0,S28+_bottom2,,,
34,1,Corey Feldman,0.055,13,0,S28+_bottom2,,,
34,2,Jen Affleck,0.079,1,0,S28+_bottom2,,,
34,2,Jordan Chiles,0.079,1,0,S28+_bottom2,,,
34,2,Robert Irwin,0.079,1,0,S28+_bottom2,,,
34,2,Whitney Leavitt,0.079,1,0,S28+_bottom2,,,
34,2,Alix Earle,0.076,5,0,S28+_bottom2,,,
34,2,Elaine Hendrix,0.076,5,0,S28+_bottom2,,,
34,2,Hilaria Baldwin,0.076,5,0,S28+_bottom2,,,
34,2,Lauren Jauregui,0.076,5,0,S28+_bottom2,,,
34,2,Dylan Efron,0.072,9,0,S28+_bottom2,,,
34,2,Danielle Fishel,0.068,10,0,S28+_bottom2,,,
34,2,Baron Davis,0.065,11,1,S28+_bottom2,,,
34,2,Scott Hoying,0.065,11,0,S28+_bottom2,,,
34,2,Andy Richter,0.058,13,0,S28+_bottom2,,,
34,2,Corey Feldman,0.054,14,1,S28+_bottom2,,,
34,3,Jordan Chiles,0.093,1,0,S28+_bottom2,,,
34,3,Whitney Leavitt,0.093,1,0,S28+_bottom2,,,
34,3,Alix Earle,0.089,3,0,S28+_bottom2,,,
34,3,Dylan Efron,0.089,3,0,S28+_bottom2,,,
34,3,Hilaria Baldwin,0.086,5,0,S28+_bottom2,,,
34,3,Robert Irwin,0.086,5,0,S28+_bottom2,,,
34,3,Scott Hoying,0.086,5,0,S28+_bottom2,,,
34,3,Danielle Fishel,0.082,8,0,S28+_bottom2,,,
34,3,Elaine Hendrix,0.082,8,0,S28+_bottom2,,,
34,3,Jen Affleck,0.074,10,0,S28+_bottom2,,,
34,3,Andy Richter,0.07,11,0,S28+_bottom2,,,
34,3,Lauren Jauregui,0.07,11,1,S28+_bottom2,,,
34,4,Whitney Leavitt,0.101,1,0,S28+_bottom2,,,
34,4,Alix Earle,0.097,2,0,S28+_bottom2,,,
34,4,Elaine Hendrix,0.097,2,0,S28+_bottom2,,,
34,4,Jordan Chiles,0.097,2,0,S28+_bottom2,,,
34,4,Dylan Efron,0.093,5,0,S28+_bottom2,,,
34,4,Hilaria Baldwin,0.093,5,1,S28+_bottom2,,,
34,4,Jen Affleck,0.093,5,0,S28+_bottom2,,,
34,4,Robert Irwin,0.089,8,0,S28+_bottom2,,,
34,4,Danielle Fishel,0.085,9,0,S28+_bottom2,,,
34,4,Scott Hoying,0.085,9,0,S28+_bottom2,,,
34,4,Andy Richter,0.073,11,0,S28+_bottom2,,,
34,5,Dylan Efron,0.115,1,0,S28+_bottom2,,,
34,5,Alix Earle,0.112,2,0,S28+_bottom2,,,
34,5,Robert Irwin,0.112,2,0,S28+_bottom2,,,
34,5,Whitney Leavitt,0.105,4,0,S28+_bottom2,,,
34,5,Jordan Chiles,0.102,5,0,S28+_bottom2,,,
34,5,Elaine Hendrix,0.096,6,0,S28+_bottom2,,,
34,5,Scott Hoying,0.096,6,0,S28+_bottom2,,,
34,5,Danielle Fishel,0.093,8,0,S28+_bottom2,,,
34,5,Jen Affleck,0.093,8,0,S28+_bottom2,,,
34,5,Andy Richter,0.077,10,0,S28+_bottom2,,,
34,6,Jordan Chiles,0.115,1,0,S28+_bottom2,,,
34,6,Whitney Leavitt,0.115,1,0,S28+_bottom2,,,
34,6,Danielle Fishel,0.106,3,0,S28+_bottom2,,,
34,6,Elaine Hendrix,0.106,3,0,S28+_bottom2,,,
34,6,Robert Irwin,0.106,3,0,S28+_bottom2,,,
34,6,Alix Earle,0.103,6,0,S28+_bottom2,,,
34,6,Dylan Efron,0.094,7,0,S28+_bottom2,,,
34,6,Jen Affleck,0.094,7,0,S28+_bottom2,,,
34,6,Scott Hoying,0.082,9,1,S28+_bottom2,,,
34,6,Andy Richter,0.079,10,0,S28+_bottom2,,,
34,7,Alix Earle,0.13,1,0,S28+_bottom2,,,
34,7,Whitney Leavitt,0.127,2,0,S28+_bottom2,,,
34,7,Robert Irwin,0.123,3,0,S28+_bottom2,,,
34,7,Dylan Efron,0.114,4,0,S28+_bottom2,,,
34,7,Jordan Chiles,0.114,4,0,S28+_bottom2,,,
34,7,Danielle Fishel,0.105,6,0,S28+_bottom2,,,
34,7,Jen Affleck,0.102,7,1,S28+_bottom2,,,
34,7,Elaine Hendrix,0.096,8,0,S28+_bottom2,,,
34,7,Andy Richter,0.087,9,0,S28+_bottom2,,,
34,8,Whitney Leavitt,0.131,1,0,S28+_bottom2,,,
34,8,Jordan Chiles,0.129,2,0,S28+_bottom2,,,
34,8,Alix Earle,0.128,3,0,S28+_bottom2,,,
34,8,Dylan Efron,0.126,4,0,S28+_bottom2,,,
34,8,Robert Irwin,0.126,4,0,S28+_bottom2,,,
34,8,Elaine Hendrix,0.124,6,0,S28+_bottom2,,,
34,8,Danielle Fishel,0.123,7,1,S28+_bottom2,,,
34,8,Andy Richter,0.113,8,0,S28+_bottom2,,,
34,9,Dylan Efron,0.156,1,0,S28+_bottom2,,,
34,9,Robert Irwin,0.156,1,0,S28+_bottom2,,,
34,9,Whitney Leavitt,0.156,1,0,S28+_bottom2,,,
34,9,Alix Earle,0.148,4,0,S28+_bottom2,,,
34,9,Jordan Chiles,0.144,5,0,S28+_bottom2,,,
34,9,Elaine Hendrix,0.133,6,0,S28+_bottom2,,,
34,9,Andy Richter,0.107,7,1,S28+_bottom2,,,
34,10,Robert Irwin,0.172,1,0,S28+_bottom2,,,
34,10,Alix Earle,0.169,2,0,S28+_bottom2,,,
34,10,Whitney Leavitt,0.169,2,1,S28+_bottom2,,,
34,10,Elaine Hendrix,0.166,4,0,S28+_bottom2,,,
34,10,Jordan Chiles,0.166,4,0,S28+_bottom2,,,
34,10,Dylan Efron,0.16,6,0,S28+_bottom2,,,
34,11,Alix Earle,0.203,1,0,S28+_bottom2,,,
34,11,Jordan Chiles,0.201,2,0,S28+_bottom2,,,
34,11,Robert Irwin,0.201,2,0,S28+_bottom2,,,
34,11,Dylan Efron,0.199,4,0,S28+_bottom2,,,
34,11,Elaine Hendrix,0.196,5,0,S28+_bottom2,,,
