season,week,celebrity_name,judge_percent,judge_rank,eliminated_this_week,estimated_fan_vote_share,rule_type
1,1,Joey McIntyre,0.183,1,0,0.19117990902153498,S1-2_rank
1,1,John O'Hurley,0.183,1,0,0.18420009985184238,S1-2_rank
1,1,Rachel Hunter,0.183,1,0,0.14502504021185397,S1-2_rank
1,1,Evander Holyfield,0.165,4,0,0.17825943245351358,S1-2_rank
1,1,Trista Sutter,0.165,4,0,0.11713540630222857,S1-2_rank
1,1,Kelly Monaco,0.119,6,0,0.18420011215902654,S1-2_rank
1,2,John O'Hurley,0.215,1,0,0.18992843129312909,S1-2_rank
1,2,Rachel Hunter,0.198,2,0,0.1387975391483271,S1-2_rank
1,2,Joey McIntyre,0.174,3,0,0.19876784308300702,S1-2_rank
1,2,Trista Sutter,0.157,4,1,0.10022912952296324,S1-2_rank
1,2,Kelly Monaco,0.14,5,0,0.1899284373155447,S1-2_rank
1,2,Evander Holyfield,0.116,6,0,0.18234861963702886,S1-2_rank
1,3,Rachel Hunter,0.245,1,0,0.14125637843708638,S1-2_rank
1,3,John O'Hurley,0.226,2,0,0.2239112366487869,S1-2_rank
1,3,Joey McIntyre,0.208,3,0,0.2371655021409098,S1-2_rank
1,3,Kelly Monaco,0.198,4,0,0.22391123137230354,S1-2_rank
1,3,Evander Holyfield,0.123,5,1,0.17375565140091342,S1-2_rank
1,4,Kelly Monaco,0.283,1,0,0.2791669758959248,S1-2_rank
1,4,Rachel Hunter,0.272,2,1,0.14195450263499237,S1-2_rank
1,4,John O'Hurley,0.228,3,0,0.2791669983343196,S1-2_rank
1,4,Joey McIntyre,0.217,4,0,0.2997115231347632,S1-2_rank
1,5,John O'Hurley,0.37,1,0,0.3659718893152155,S1-2_rank
1,5,Kelly Monaco,0.322,2,0,0.3659718655402639,S1-2_rank
1,5,Joey McIntyre,0.308,3,1,0.26805624514452053,S1-2_rank
1,6,Kelly Monaco,0.505,1,0,0.49999999539348416,S1-2_rank
1,6,John O'Hurley,0.495,2,0,0.500000004606516,S1-2_rank
2,1,Drew Lachey,0.123,1,0,0.10610361826792715,S1-2_rank
2,1,Giselle Fernandez,0.118,2,0,0.08470181240691786,S1-2_rank
2,1,Tatum O'Neal,0.118,2,0,0.09258040975555223,S1-2_rank
2,1,Stacy Keibler,0.113,4,0,0.10610362888260871,S1-2_rank
2,1,Jerry Rice,0.108,5,0,0.10610362800500536,S1-2_rank
2,1,Tia Carrere,0.103,6,0,0.10070186036507442,S1-2_rank
2,1,Lisa Rinna,0.097,7,0,0.10253094692518946,S1-2_rank
2,1,George Hamilton,0.092,8,0,0.10174311217426732,S1-2_rank
2,1,Kenny Mayne,0.067,9,1,0.08412206277061357,S1-2_rank
2,1,Master P,0.062,10,0,0.11530892044684404,S1-2_rank
2,2,Stacy Keibler,0.145,1,0,0.11771100959882115,S1-2_rank
2,2,Drew Lachey,0.135,2,0,0.11771100191726695,S1-2_rank
2,2,Giselle Fernandez,0.12,3,0,0.08504523097580118,S1-2_rank
2,2,Jerry Rice,0.115,4,0,0.1177110079589525,S1-2_rank
2,2,George Hamilton,0.11,5,0,0.1112522487288511,S1-2_rank
2,2,Tia Carrere,0.11,5,0,0.10969665586935666,S1-2_rank
2,2,Lisa Rinna,0.1,7,0,0.11242575206331981,S1-2_rank
2,2,Tatum O'Neal,0.085,8,1,0.09737086401490229,S1-2_rank
2,2,Master P,0.08,9,0,0.1310762288727284,S1-2_rank
2,3,Drew Lachey,0.148,1,0,0.13401321613652115,S1-2_rank
2,3,Stacy Keibler,0.148,1,0,0.13401322191053608,S1-2_rank
2,3,Tia Carrere,0.143,3,0,0.11986061858971325,S1-2_rank
2,3,Lisa Rinna,0.137,4,0,0.12471842209044993,S1-2_rank
2,3,George Hamilton,0.121,5,0,0.12263459673738096,S1-2_rank
2,3,Giselle Fernandez,0.121,5,1,0.07383101221673763,S1-2_rank
2,3,Jerry Rice,0.104,7,0,0.13401322125676518,S1-2_rank
2,3,Master P,0.077,8,0,0.1569156910618959,S1-2_rank
2,4,Drew Lachey,0.177,1,0,0.1535041449722562,S1-2_rank
2,4,Lisa Rinna,0.165,2,0,0.13578594860969753,S1-2_rank
2,4,Stacy Keibler,0.165,2,0,0.15350414365203302,S1-2_rank
2,4,Tia Carrere,0.158,4,0,0.12636362124594436,S1-2_rank
2,4,Jerry Rice,0.152,5,0,0.15350414742814536,S1-2_rank
2,4,George Hamilton,0.133,6,0,0.13175771979096057,S1-2_rank
2,4,Master P,0.051,7,1,0.1455802743009631,S1-2_rank
2,5,Stacy Keibler,0.199,1,0,0.18698048877828938,S1-2_rank
2,5,Drew Lachey,0.179,2,0,0.18698050768766453,S1-2_rank
2,5,Lisa Rinna,0.166,3,0,0.15470651083237397,S1-2_rank
2,5,George Hamilton,0.159,4,0,0.14722812523463052,S1-2_rank
2,5,Jerry Rice,0.152,5,0,0.18698050275004058,S1-2_rank
2,5,Tia Carrere,0.146,6,1,0.1371238647170008,S1-2_rank
2,6,Drew Lachey,0.226,1,0,0.22520259709228002,S1-2_rank
2,6,Stacy Keibler,0.226,1,0,0.22520256038755876,S1-2_rank
2,6,Lisa Rinna,0.203,3,0,0.16889906857362694,S1-2_rank
2,6,George Hamilton,0.173,4,1,0.15549320340095707,S1-2_rank
2,6,Jerry Rice,0.173,4,0,0.2252025705455772,S1-2_rank
2,7,Drew Lachey,0.27,1,0,0.27367952686364805,S1-2_rank
2,7,Stacy Keibler,0.27,1,0,0.273679486158243,S1-2_rank
2,7,Lisa Rinna,0.26,3,1,0.1789615089213646,S1-2_rank
2,7,Jerry Rice,0.201,4,0,0.2736794780567443,S1-2_rank
2,8,Drew Lachey,0.344,1,0,0.3333333699837746,S1-2_rank
2,8,Stacy Keibler,0.34,2,0,0.33333333057766845,S1-2_rank
2,8,Jerry Rice,0.316,3,0,0.3333332994385569,S1-2_rank
3,1,Mario Lopez,0.123,1,0,0.09704788351089419,S3-27_percent
3,1,Emmitt Smith,0.113,2,0,0.09704739285153023,S3-27_percent
3,1,Vivica A. Fox,0.104,3,0,0.08851550905957192,S3-27_percent
3,1,Willa Ford,0.104,3,0,0.09025058088071508,S3-27_percent
3,1,Joey Lawrence,0.099,5,0,0.09443148466600783,S3-27_percent
3,1,Monique Coleman,0.09,6,0,0.09409363716144996,S3-27_percent
3,1,Shanna Moakler,0.085,7,0,0.0854312276099397,S3-27_percent
3,1,Harry Hamlin,0.08,8,0,0.08870268691132685,S3-27_percent
3,1,Jerry Springer,0.075,9,0,0.09377295948443086,S3-27_percent
3,1,Sara Evans,0.071,10,0,0.09204630913531639,S3-27_percent
3,1,Tucker Carlson,0.057,11,1,0.07866032872881701,S3-27_percent
3,2,Joey Lawrence,0.126,1,0,0.10356835786999935,S3-27_percent
3,2,Monique Coleman,0.113,2,0,0.10305149870074773,S3-27_percent
3,2,Emmitt Smith,0.104,3,0,0.10755109497410453,S3-27_percent
3,2,Vivica A. Fox,0.104,3,0,0.09441800350489538,S3-27_percent
3,2,Willa Ford,0.1,5,0,0.09712375630240201,S3-27_percent
3,2,Shanna Moakler,0.096,6,1,0.08956027001109297,S3-27_percent
3,2,Harry Hamlin,0.091,7,0,0.09471082331097694,S3-27_percent
3,2,Mario Lopez,0.091,7,0,0.10755116574870678,S3-27_percent
3,2,Sara Evans,0.091,7,0,0.0999047595659814,S3-27_percent
3,2,Jerry Springer,0.083,10,0,0.10256027001109295,S3-27_percent
3,3,Monique Coleman,0.13,1,0,0.114683678976784,S3-27_percent
3,3,Vivica A. Fox,0.13,1,0,0.09861903676418697,S3-27_percent
3,3,Sara Evans,0.121,3,0,0.10888630423890458,S3-27_percent
3,3,Harry Hamlin,0.106,4,1,0.09917313646601268,S3-27_percent
3,3,Joey Lawrence,0.106,4,0,0.11562976706359074,S3-27_percent
3,3,Mario Lopez,0.106,4,0,0.12286551476061598,S3-27_percent
3,3,Willa Ford,0.106,4,0,0.10370826782992586,S3-27_percent
3,3,Jerry Springer,0.101,8,0,0.11356884512335166,S3-27_percent
3,3,Emmitt Smith,0.092,9,0,0.1228654487766276,S3-27_percent
3,4,Mario Lopez,0.146,1,0,0.1444294680647861,S3-27_percent
3,4,Willa Ford,0.141,2,0,0.10806662924020764,S3-27_percent
3,4,Joey Lawrence,0.136,3,0,0.13090527482810302,S3-27_percent
3,4,Emmitt Smith,0.121,4,0,0.14442924804506607,S3-27_percent
3,4,Monique Coleman,0.121,4,0,0.12912014011107922,S3-27_percent
3,4,Vivica A. Fox,0.121,4,1,0.09807799129530455,S3-27_percent
3,4,Jerry Springer,0.111,7,0,0.12689325712014868,S3-27_percent
3,4,Sara Evans,0.101,8,0,0.11807799129530468,S3-27_percent
3,5,Emmitt Smith,0.149,1,0,0.17347067482202166,S3-27_percent
3,5,Mario Lopez,0.149,1,0,0.17347079298021154,S3-27_percent
3,5,Monique Coleman,0.149,1,0,0.14543173682898428,S3-27_percent
3,5,Willa Ford,0.149,1,1,0.10540135710415073,S3-27_percent
3,5,Joey Lawrence,0.138,5,0,0.1487425002621444,S3-27_percent
3,5,Jerry Springer,0.133,6,0,0.14122255118250107,S3-27_percent
3,5,Sara Evans,0.133,6,1,0.11226038681998618,S3-27_percent
3,6,Mario Lopez,0.237,1,0,0.2300895663988274,S3-27_percent
3,6,Emmitt Smith,0.212,2,0,0.23008965855394103,S3-27_percent
3,6,Joey Lawrence,0.203,3,0,0.18646865223105238,S3-27_percent
3,6,Monique Coleman,0.195,4,0,0.18050671026100817,S3-27_percent
3,6,Jerry Springer,0.153,5,0,0.17284541255517094,S3-27_percent
3,7,Emmitt Smith,0.211,1,0,0.25056590949361857,S3-27_percent
3,7,Joey Lawrence,0.211,1,0,0.17754197848540654,S3-27_percent
3,7,Mario Lopez,0.207,3,0,0.2505665607604275,S3-27_percent
3,7,Monique Coleman,0.2,4,0,0.16730364945330373,S3-27_percent
3,7,Jerry Springer,0.17,5,1,0.15402190180724368,S3-27_percent
3,8,Mario Lopez,0.261,1,0,0.31419865199915764,S3-27_percent
3,8,Emmitt Smith,0.248,2,0,0.3141973875647427,S3-27_percent
3,8,Joey Lawrence,0.248,2,0,0.19454413755801764,S3-27_percent
3,8,Monique Coleman,0.243,4,1,0.17705982287808208,S3-27_percent
3,9,Emmitt Smith,0.333,1,0,0.39675010352784523,S3-27_percent
3,9,Joey Lawrence,0.333,1,1,0.20649856070837036,S3-27_percent
3,9,Mario Lopez,0.333,1,0,0.3967513357637843,S3-27_percent
3,10,Emmitt Smith,0.5,1,0,0.49999913275086344,S3-27_percent
3,10,Mario Lopez,0.5,1,0,0.5000008672491365,S3-27_percent
4,1,Joey Fatone,0.117,1,0,0.09302338904242537,S3-27_percent
4,1,Laila Ali,0.112,2,0,0.09302361099194772,S3-27_percent
4,1,Apolo Anton Ohno,0.102,3,0,0.0930237969988156,S3-27_percent
4,1,Ian Ziering,0.102,3,0,0.09213914526114192,S3-27_percent
4,1,Paulina Porizkova,0.092,5,0,0.08408257146922998,S3-27_percent
4,1,Shandi Finnessey,0.092,5,0,0.08660517294369961,S3-27_percent
4,1,Heather Mills,0.087,7,0,0.09081367568855653,S3-27_percent
4,1,John Ratzenberger,0.083,8,0,0.09186691518510186,S3-27_percent
4,1,Clyde Drexler,0.078,9,0,0.09338315021560872,S3-27_percent
4,1,Leeza Gibbons,0.073,10,0,0.08986687539862101,S3-27_percent
4,1,Billy Ray Cyrus,0.063,11,0,0.09217169680485174,S3-27_percent
4,2,Laila Ali,0.11,1,0,0.09419867398720805,S3-27_percent
4,2,Apolo Anton Ohno,0.106,2,0,0.09419900653577376,S3-27_percent
4,2,Heather Mills,0.098,3,0,0.09078609791052177,S3-27_percent
4,2,Joey Fatone,0.098,3,0,0.09419828428498786,S3-27_percent
4,2,Ian Ziering,0.09,5,0,0.09283658865377842,S3-27_percent
4,2,Billy Ray Cyrus,0.086,6,0,0.09288706204868874,S3-27_percent
4,2,John Ratzenberger,0.086,6,0,0.0924162801447558,S3-27_percent
4,2,Leeza Gibbons,0.086,6,0,0.08931553571218656,S3-27_percent
4,2,Paulina Porizkova,0.086,6,1,0.08020538916396527,S3-27_percent
4,2,Shandi Finnessey,0.082,10,0,0.0842053891639653,S3-27_percent
4,2,Clyde Drexler,0.073,11,0,0.09475169239416849,S3-27_percent
4,3,Heather Mills,0.11,1,0,0.09804594921418389,S3-27_percent
4,3,Ian Ziering,0.11,1,0,0.10193828614223413,S3-27_percent
4,3,Joey Fatone,0.11,1,0,0.10450531156469108,S3-27_percent
4,3,Leeza Gibbons,0.11,1,0,0.09523430097179832,S3-27_percent
4,3,Apolo Anton Ohno,0.106,5,0,0.10450603441642647,S3-27_percent
4,3,Billy Ray Cyrus,0.096,6,0,0.10203314265959218,S3-27_percent
4,3,Laila Ali,0.096,6,0,0.10450574190734273,S3-27_percent
4,3,Shandi Finnessey,0.096,6,1,0.08254429992706046,S3-27_percent
4,3,John Ratzenberger,0.092,9,0,0.1011426332696102,S3-27_percent
4,3,Clyde Drexler,0.073,10,0,0.10554429992706052,S3-27_percent
4,4,Joey Fatone,0.147,1,0,0.1173670288415101,S3-27_percent
4,4,Apolo Anton Ohno,0.137,2,0,0.11736775501209082,S3-27_percent
4,4,Ian Ziering,0.126,3,0,0.11235176652317336,S3-27_percent
4,4,Heather Mills,0.121,4,0,0.104670768905837,S3-27_percent
4,4,Billy Ray Cyrus,0.111,5,0,0.11253701597758649,S3-27_percent
4,4,Laila Ali,0.111,5,0,0.11736771956081538,S3-27_percent
4,4,John Ratzenberger,0.084,7,0,0.11078878516820673,S3-27_percent
4,4,Leeza Gibbons,0.084,7,1,0.09906381240555936,S3-27_percent
4,4,Clyde Drexler,0.079,9,0,0.10848534760522083,S3-27_percent
4,5,Apolo Anton Ohno,0.17,1,0,0.13487673863949212,S3-27_percent
4,5,Laila Ali,0.159,2,0,0.1348765292302221,S3-27_percent
4,5,Joey Fatone,0.142,3,0,0.13487630304631443,S3-27_percent
4,5,Ian Ziering,0.136,4,0,0.1252285106814657,S3-27_percent
4,5,Heather Mills,0.119,5,0,0.110218478668992,S3-27_percent
4,5,John Ratzenberger,0.102,6,0,0.12219781597909865,S3-27_percent
4,5,Billy Ray Cyrus,0.097,7,0,0.12558673253002614,S3-27_percent
4,5,Clyde Drexler,0.074,8,1,0.11213889122438887,S3-27_percent
4,6,Apolo Anton Ohno,0.165,1,0,0.15796250092572375,S3-27_percent
4,6,Laila Ali,0.165,1,0,0.15796239167299125,S3-27_percent
4,6,Joey Fatone,0.159,3,0,0.15796235556488353,S3-27_percent
4,6,Ian Ziering,0.141,4,0,0.1399714901333588,S3-27_percent
4,6,Heather Mills,0.135,5,1,0.11124813232080054,S3-27_percent
4,6,Billy Ray Cyrus,0.124,6,0,0.1406449970614416,S3-27_percent
4,6,John Ratzenberger,0.112,7,0,0.13424813232080052,S3-27_percent
4,7,Joey Fatone,0.191,1,0,0.1862804166701092,S3-27_percent
4,7,Laila Ali,0.191,1,0,0.18628042882138462,S3-27_percent
4,7,Apolo Anton Ohno,0.175,3,0,0.18628016458869773,S3-27_percent
4,7,Ian Ziering,0.175,3,0,0.15390057104202665,S3-27_percent
4,7,John Ratzenberger,0.146,5,1,0.13212920943889092,S3-27_percent
4,7,Billy Ray Cyrus,0.123,6,0,0.15512920943889089,S3-27_percent
4,8,Apolo Anton Ohno,0.231,1,0,0.22405662492022638,S3-27_percent
4,8,Joey Fatone,0.219,2,0,0.22405677591397383,S3-27_percent
4,8,Laila Ali,0.211,3,0,0.22405654902096672,S3-27_percent
4,8,Ian Ziering,0.187,4,0,0.16774082377894575,S3-27_percent
4,8,Billy Ray Cyrus,0.151,5,1,0.16008922636588735,S3-27_percent
4,9,Joey Fatone,0.253,1,0,0.2736818347898701,S3-27_percent
4,9,Laila Ali,0.253,1,0,0.2736812187325414,S3-27_percent
4,9,Apolo Anton Ohno,0.249,3,0,0.2736814510517576,S3-27_percent
4,9,Ian Ziering,0.245,4,1,0.17895549542583092,S3-27_percent
4,10,Apolo Anton Ohno,0.34,1,0,0.33333336291212495,S3-27_percent
4,10,Joey Fatone,0.332,2,0,0.3333335320912833,S3-27_percent
4,10,Laila Ali,0.328,3,0,0.33333310499659186,S3-27_percent
5,1,Sabrina Bryan,0.101,1,0,0.08436809022921644,S3-27_percent
5,1,Helio Castroneves,0.097,2,0,0.08622175474353519,S3-27_percent
5,1,Jane Seymour,0.093,3,0,0.085121913478911,S3-27_percent
5,1,Mel B,0.093,3,0,0.08622166650048915,S3-27_percent
5,1,Albert Reed,0.082,5,0,0.07252356278189546,S3-27_percent
5,1,Cameron Mathison,0.082,5,0,0.08518403868227149,S3-27_percent
5,1,Jennie Garth,0.082,5,0,0.08537193407245801,S3-27_percent
5,1,Marie Osmond,0.082,5,0,0.0862219392129705,S3-27_percent
5,1,Mark Cuban,0.082,5,0,0.08404992306813,S3-27_percent
5,1,Wayne Newton,0.074,10,0,0.08790588496863533,S3-27_percent
5,1,Floyd Mayweather Jr. ,0.07,11,0,0.08322178752786842,S3-27_percent
5,1,Josie Maran,0.062,12,1,0.073587504733619,S3-27_percent
5,2,Helio Castroneves,0.113,1,0,0.09414418161789036,S3-27_percent
5,2,Sabrina Bryan,0.109,2,0,0.09120379631731036,S3-27_percent
5,2,Marie Osmond,0.101,3,0,0.09414432067434302,S3-27_percent
5,2,Mel B,0.097,4,0,0.09414408600379953,S3-27_percent
5,2,Albert Reed,0.088,5,1,0.07179537968794202,S3-27_percent
5,2,Cameron Mathison,0.088,5,0,0.09250103912434977,S3-27_percent
5,2,Floyd Mayweather Jr. ,0.088,5,0,0.08937351560646091,S3-27_percent
5,2,Jane Seymour,0.088,5,0,0.09240246171389689,S3-27_percent
5,2,Jennie Garth,0.088,5,0,0.09279911586963233,S3-27_percent
5,2,Mark Cuban,0.076,10,0,0.09069672369643283,S3-27_percent
5,2,Wayne Newton,0.063,11,0,0.096795379687942,S3-27_percent
5,3,Jane Seymour,0.113,1,0,0.10047247342062839,S3-27_percent
5,3,Mel B,0.113,1,0,0.10378972789301362,S3-27_percent
5,3,Sabrina Bryan,0.113,1,0,0.09817615823707172,S3-27_percent
5,3,Jennie Garth,0.109,4,0,0.10123000037650098,S3-27_percent
5,3,Marie Osmond,0.109,4,0,0.10378984464390337,S3-27_percent
5,3,Helio Castroneves,0.1,6,0,0.10378981898480195,S3-27_percent
5,3,Cameron Mathison,0.096,7,0,0.10066085507629217,S3-27_percent
5,3,Floyd Mayweather Jr. ,0.088,8,0,0.09464826081483729,S3-27_percent
5,3,Mark Cuban,0.084,9,0,0.09720147290270056,S3-27_percent
5,3,Wayne Newton,0.075,10,1,0.09624138765024999,S3-27_percent
5,4,Sabrina Bryan,0.128,1,0,0.10669769489802965,S3-27_percent
5,4,Cameron Mathison,0.115,2,0,0.11161952964276602,S3-27_percent
5,4,Helio Castroneves,0.115,2,0,0.11776485061608609,S3-27_percent
5,4,Jennie Garth,0.115,2,0,0.11274172038864766,S3-27_percent
5,4,Jane Seymour,0.111,5,0,0.11124771804653882,S3-27_percent
5,4,Marie Osmond,0.111,5,0,0.11776474872980193,S3-27_percent
5,4,Mel B,0.111,5,0,0.11776478619736923,S3-27_percent
5,4,Floyd Mayweather Jr. ,0.098,8,1,0.09964239115805346,S3-27_percent
5,4,Mark Cuban,0.094,9,0,0.10475656032270719,S3-27_percent
5,5,Mel B,0.146,1,0,0.13510085942231867,S3-27_percent
5,5,Sabrina Bryan,0.141,2,0,0.11364568304228823,S3-27_percent
5,5,Cameron Mathison,0.131,3,0,0.12325952357369832,S3-27_percent
5,5,Jane Seymour,0.131,3,0,0.12253744913374838,S3-27_percent
5,5,Jennie Garth,0.126,5,0,0.12543490756107947,S3-27_percent
5,5,Helio Castroneves,0.116,6,0,0.13510080741671954,S3-27_percent
5,5,Marie Osmond,0.106,7,0,0.13510060610213584,S3-27_percent
5,5,Mark Cuban,0.106,7,1,0.10982016374801155,S3-27_percent
5,6,Mel B,0.167,1,0,0.1577320765729477,S3-27_percent
5,6,Helio Castroneves,0.156,2,0,0.15773197344375284,S3-27_percent
5,6,Jennie Garth,0.15,3,0,0.13971156770946241,S3-27_percent
5,6,Cameron Mathison,0.139,4,0,0.13560831159167025,S3-27_percent
5,6,Sabrina Bryan,0.139,4,1,0.11724216443805015,S3-27_percent
5,6,Marie Osmond,0.128,6,0,0.15773174180606653,S3-27_percent
5,6,Jane Seymour,0.122,7,0,0.13424216443805015,S3-27_percent
5,7,Mel B,0.173,1,0,0.18664029729708936,S3-27_percent
5,7,Jennie Garth,0.17,2,0,0.154199421952495,S3-27_percent
5,7,Helio Castroneves,0.167,3,0,0.18664021816213272,S3-27_percent
5,7,Marie Osmond,0.167,3,0,0.1866400287320673,S3-27_percent
5,7,Cameron Mathison,0.163,5,0,0.14667785849685488,S3-27_percent
5,7,Jane Seymour,0.16,6,1,0.1392021753593607,S3-27_percent
5,8,Helio Castroneves,0.217,1,0,0.2252512337623564,S3-27_percent
5,8,Mel B,0.213,2,0,0.22525129312567543,S3-27_percent
5,8,Cameron Mathison,0.194,3,1,0.15540300525384262,S3-27_percent
5,8,Jennie Garth,0.19,4,0,0.16884330305099385,S3-27_percent
5,8,Marie Osmond,0.186,5,0,0.2252511648071318,S3-27_percent
5,9,Helio Castroneves,0.256,1,0,0.27369680345631126,S3-27_percent
5,9,Mel B,0.256,1,0,0.27369681979330807,S3-27_percent
5,9,Jennie Garth,0.248,3,1,0.17890946272167899,S3-27_percent
5,9,Marie Osmond,0.239,4,0,0.2736969140287016,S3-27_percent
5,10,Mel B,0.357,1,0,0.33333321310311254,S3-27_percent
5,10,Helio Castroneves,0.353,2,0,0.3333332926483243,S3-27_percent
5,10,Marie Osmond,0.29,3,0,0.33333349424856323,S3-27_percent
6,1,Kristi Yamaguchi,0.111,1,0,0.08617518383469025,S3-27_percent
6,1,Mario,0.099,2,0,0.08516379030310806,S3-27_percent
6,1,Priscilla Presley,0.099,2,0,0.08406455267010923,S3-27_percent
6,1,Jason Taylor,0.091,4,0,0.08617630055151129,S3-27_percent
6,1,Marlee Matlin,0.091,4,0,0.08457718702072758,S3-27_percent
6,1,Cristian de la Fuente,0.086,6,0,0.08617585589778382,S3-27_percent
6,1,Shannon Elizabeth,0.086,6,0,0.08492022025616065,S3-27_percent
6,1,Marissa Jaret Winokur,0.074,8,0,0.08534602737067679,S3-27_percent
6,1,Steve Guttenberg,0.074,8,0,0.08191984311115504,S3-27_percent
6,1,Penn Jillette,0.066,10,0,0.07611234853956414,S3-27_percent
6,1,Adam Carolla,0.062,11,0,0.0832560906787322,S3-27_percent
6,1,Monica Seles,0.062,11,0,0.07611259976578105,S3-27_percent
6,2,Jason Taylor,0.105,1,0,0.08789733596816814,S3-27_percent
6,2,Kristi Yamaguchi,0.105,1,0,0.08789686446420121,S3-27_percent
6,2,Mario,0.101,3,0,0.08629432626227798,S3-27_percent
6,2,Marlee Matlin,0.093,4,0,0.08536235186868849,S3-27_percent
6,2,Shannon Elizabeth,0.093,4,0,0.085908274740859,S3-27_percent
6,2,Marissa Jaret Winokur,0.082,6,0,0.08658473312221904,S3-27_percent
6,2,Priscilla Presley,0.082,6,0,0.08454496998873752,S3-27_percent
6,2,Cristian de la Fuente,0.078,8,0,0.08789726611564593,S3-27_percent
6,2,Adam Carolla,0.074,9,0,0.08325458468537407,S3-27_percent
6,2,Penn Jillette,0.066,10,1,0.0716261279514748,S3-27_percent
6,2,Steve Guttenberg,0.062,11,0,0.08110860164975643,S3-27_percent
6,2,Monica Seles,0.058,12,1,0.07162456318259747,S3-27_percent
6,3,Kristi Yamaguchi,0.118,1,0,0.10434130947572508,S3-27_percent
6,3,Priscilla Presley,0.114,2,0,0.09780389646965686,S3-27_percent
6,3,Cristian de la Fuente,0.11,3,0,0.10434133799190966,S3-27_percent
6,3,Shannon Elizabeth,0.105,4,0,0.10047481861111895,S3-27_percent
6,3,Jason Taylor,0.101,5,0,0.10434182860486305,S3-27_percent
6,3,Adam Carolla,0.092,6,0,0.09526362236797921,S3-27_percent
6,3,Mario,0.092,6,0,0.10122800571865902,S3-27_percent
6,3,Marlee Matlin,0.092,6,0,0.09940726280823113,S3-27_percent
6,3,Steve Guttenberg,0.092,6,1,0.0910032735882798,S3-27_percent
6,3,Marissa Jaret Winokur,0.083,10,0,0.1017946443635773,S3-27_percent
6,4,Jason Taylor,0.129,1,0,0.11773012096194581,S3-27_percent
6,4,Kristi Yamaguchi,0.129,1,0,0.11772899578978759,S3-27_percent
6,4,Shannon Elizabeth,0.124,3,0,0.11009814233853576,S3-27_percent
6,4,Cristian de la Fuente,0.116,4,0,0.1177292055468016,S3-27_percent
6,4,Mario,0.107,5,0,0.11159098881028993,S3-27_percent
6,4,Marissa Jaret Winokur,0.107,5,0,0.11271194907149976,S3-27_percent
6,4,Marlee Matlin,0.107,5,0,0.10797437467706957,S3-27_percent
6,4,Priscilla Presley,0.098,8,0,0.10477129610008125,S3-27_percent
6,4,Adam Carolla,0.084,9,1,0.09966492670398873,S3-27_percent
6,5,Kristi Yamaguchi,0.148,1,0,0.1350447743066992,S3-27_percent
6,5,Jason Taylor,0.138,2,0,0.13504613442439273,S3-27_percent
6,5,Mario,0.138,2,0,0.1232046189950759,S3-27_percent
6,5,Marissa Jaret Winokur,0.122,4,0,0.12537965245621463,S3-27_percent
6,5,Cristian de la Fuente,0.117,5,0,0.13504548114036685,S3-27_percent
6,5,Shannon Elizabeth,0.117,5,0,0.12029818994912511,S3-27_percent
6,5,Marlee Matlin,0.112,7,0,0.1161444302100592,S3-27_percent
6,5,Priscilla Presley,0.107,8,1,0.10983671851806634,S3-27_percent
6,6,Kristi Yamaguchi,0.167,1,0,0.15762658530872445,S3-27_percent
6,6,Mario,0.156,2,0,0.13549503066977467,S3-27_percent
6,6,Cristian de la Fuente,0.15,3,0,0.15762692682099855,S3-27_percent
6,6,Marissa Jaret Winokur,0.144,4,0,0.13960034335249605,S3-27_percent
6,6,Jason Taylor,0.133,5,0,0.157627572259477,S3-27_percent
6,6,Shannon Elizabeth,0.133,5,0,0.1299820695431016,S3-27_percent
6,6,Marlee Matlin,0.117,7,1,0.12204147204542785,S3-27_percent
6,7,Jason Taylor,0.178,1,0,0.1871060718659182,S3-27_percent
6,7,Kristi Yamaguchi,0.175,2,0,0.18710418769417883,S3-27_percent
6,7,Marissa Jaret Winokur,0.168,3,0,0.1546458176864395,S3-27_percent
6,7,Mario,0.165,4,0,0.1471173616567555,S3-27_percent
6,7,Shannon Elizabeth,0.165,4,1,0.13692129931499863,S3-27_percent
6,7,Cristian de la Fuente,0.149,6,0,0.18710526178170933,S3-27_percent
6,8,Cristian de la Fuente,0.213,1,0,0.22525696850736943,S3-27_percent
6,8,Kristi Yamaguchi,0.206,2,0,0.22525631089816434,S3-27_percent
6,8,Mario,0.199,3,1,0.15539201601904104,S3-27_percent
6,8,Jason Taylor,0.195,4,0,0.2252575248307581,S3-27_percent
6,8,Marissa Jaret Winokur,0.187,5,0,0.1688371797446671,S3-27_percent
6,9,Kristi Yamaguchi,0.259,1,0,0.27369779003212047,S3-27_percent
6,9,Cristian de la Fuente,0.255,2,0,0.2736984565553622,S3-27_percent
6,9,Jason Taylor,0.25,3,0,0.2736996819715191,S3-27_percent
6,9,Marissa Jaret Winokur,0.236,4,1,0.17890407144099815,S3-27_percent
6,10,Kristi Yamaguchi,0.355,1,0,0.3333323065770731,S3-27_percent
6,10,Jason Taylor,0.337,2,0,0.3333342258262107,S3-27_percent
6,10,Cristian de la Fuente,0.308,3,0,0.33333346759671617,S3-27_percent
7,1,Brooke Burke,0.097,1,0,0.08249458490097228,S3-27_percent
7,1,Toni Braxton,0.089,2,0,0.08029353196889058,S3-27_percent
7,1,Lance Bass,0.085,3,0,0.08249452046451881,S3-27_percent
7,1,Warren Sapp,0.085,3,0,0.08249457984239565,S3-27_percent
7,1,Misty May-Treanor,0.083,5,0,0.06696253344778932,S3-27_percent
7,1,Cody Linley,0.081,6,0,0.08163215447820003,S3-27_percent
7,1,Maurice Greene,0.077,7,0,0.08144138498610123,S3-27_percent
7,1,Kim Kardashian,0.073,8,0,0.07112686566515401,S3-27_percent
7,1,Susan Lucci,0.073,8,0,0.08118849924162116,S3-27_percent
7,1,Ted McGinley,0.073,8,1,0.0630356723762752,S3-27_percent
7,1,Rocco DiSpirito,0.069,11,0,0.08065818530290997,S3-27_percent
7,1,Cloris Leachman,0.063,12,0,0.08314182291965799,S3-27_percent
7,1,Jeffrey Ross,0.048,13,1,0.06303566440551377,S3-27_percent
7,2,Brooke Burke,0.109,1,0,0.09594616869217858,S3-27_percent
7,2,Warren Sapp,0.109,1,0,0.09594616719881012,S3-27_percent
7,2,Toni Braxton,0.104,3,0,0.09239297145547866,S3-27_percent
7,2,Cody Linley,0.095,4,0,0.09455827802952997,S3-27_percent
7,2,Misty May-Treanor,0.095,4,1,0.06998417663025601,S3-27_percent
7,2,Susan Lucci,0.095,4,0,0.09384213215347018,S3-27_percent
7,2,Lance Bass,0.09,7,0,0.09594612245263838,S3-27_percent
7,2,Maurice Greene,0.086,8,0,0.09425052378231301,S3-27_percent
7,2,Kim Kardashian,0.077,9,1,0.07716510634481301,S3-27_percent
7,2,Rocco DiSpirito,0.072,10,0,0.092984176630256,S3-27_percent
7,2,Cloris Leachman,0.068,11,0,0.09698417663025602,S3-27_percent
7,3,Brooke Burke,0.141,1,0,0.11425149019798546,S3-27_percent
7,3,Warren Sapp,0.126,2,0,0.11425149717436195,S3-27_percent
7,3,Maurice Greene,0.121,3,0,0.11102187949177063,S3-27_percent
7,3,Lance Bass,0.111,4,0,0.11425146868342566,S3-27_percent
7,3,Toni Braxton,0.111,4,0,0.1074593565344936,S3-27_percent
7,3,Cody Linley,0.106,6,0,0.11160960950966389,S3-27_percent
7,3,Susan Lucci,0.106,6,0,0.11024085299289102,S3-27_percent
7,3,Rocco DiSpirito,0.101,8,0,0.1058522938638872,S3-27_percent
7,3,Cloris Leachman,0.08,9,0,0.11106155155152066,S3-27_percent
7,4,Brooke Burke,0.128,1,0,0.11761671143105626,S3-27_percent
7,4,Lance Bass,0.128,1,0,0.11761671875622341,S3-27_percent
7,4,Susan Lucci,0.118,3,0,0.10991275242727121,S3-27_percent
7,4,Cody Linley,0.113,4,0,0.1125511147195354,S3-27_percent
7,4,Cloris Leachman,0.108,5,0,0.10878296343936307,S3-27_percent
7,4,Toni Braxton,0.108,5,0,0.10452116348426732,S3-27_percent
7,4,Warren Sapp,0.108,5,0,0.11761672392922704,S3-27_percent
7,4,Maurice Greene,0.099,8,0,0.111419402320562,S3-27_percent
7,4,Rocco DiSpirito,0.089,9,1,0.09996244949249435,S3-27_percent
7,5,Brooke Burke,0.149,1,0,0.13500360054050164,S3-27_percent
7,5,Cody Linley,0.144,2,0,0.12531311656701372,S3-27_percent
7,5,Maurice Greene,0.138,3,0,0.12313210717046459,S3-27_percent
7,5,Warren Sapp,0.128,4,0,0.13500361973056244,S3-27_percent
7,5,Susan Lucci,0.113,5,0,0.12021911874878348,S3-27_percent
7,5,Toni Braxton,0.113,5,1,0.1097025625207103,S3-27_percent
7,5,Cloris Leachman,0.108,7,0,0.11662222920834221,S3-27_percent
7,5,Lance Bass,0.108,7,0,0.13500364551362168,S3-27_percent
7,6,Lance Bass,0.169,1,0,0.15758561635458673,S3-27_percent
7,6,Brooke Burke,0.162,2,0,0.1575855536343797,S3-27_percent
7,6,Warren Sapp,0.156,3,0,0.15758557077369814,S3-27_percent
7,6,Cody Linley,0.144,4,0,0.13954586648178482,S3-27_percent
7,6,Susan Lucci,0.144,4,0,0.12992125717877867,S3-27_percent
7,6,Maurice Greene,0.131,6,0,0.13543767208285218,S3-27_percent
7,6,Cloris Leachman,0.094,7,1,0.12233846349391957,S3-27_percent
7,7,Brooke Burke,0.204,1,0,0.1871101549354996,S3-27_percent
7,7,Lance Bass,0.17,2,0,0.1871101950899709,S3-27_percent
7,7,Maurice Greene,0.17,2,0,0.14711299942263745,S3-27_percent
7,7,Susan Lucci,0.163,4,1,0.1369140215994287,S3-27_percent
7,7,Cody Linley,0.15,5,0,0.15464246965386985,S3-27_percent
7,7,Warren Sapp,0.143,6,0,0.18711015929859348,S3-27_percent
7,8,Brooke Burke,0.216,1,0,0.22525920896760018,S3-27_percent
7,8,Warren Sapp,0.212,2,0,0.22525920970881005,S3-27_percent
7,8,Lance Bass,0.196,3,0,0.225259210253655,S3-27_percent
7,8,Cody Linley,0.188,4,0,0.1688344218375635,S3-27_percent
7,8,Maurice Greene,0.188,4,1,0.1553879492323713,S3-27_percent
7,9,Lance Bass,0.284,1,0,0.2736996197408092,S3-27_percent
7,9,Brooke Burke,0.244,2,0,0.2736996434019563,S3-27_percent
7,9,Warren Sapp,0.244,2,0,0.27369966362356823,S3-27_percent
7,9,Cody Linley,0.229,4,1,0.17890107323366633,S3-27_percent
7,10,Brooke Burke,0.353,1,0,0.33333333710073915,S3-27_percent
7,10,Lance Bass,0.324,2,0,0.3333332978086201,S3-27_percent
7,10,Warren Sapp,0.324,2,0,0.3333333650906408,S3-27_percent
8,1,Gilles Marini,0.099,1,0,0.07828131487289147,S3-27_percent
8,1,Melissa Rycroft,0.095,2,0,0.07828119375353981,S3-27_percent
8,1,Shawn Johnson,0.095,2,0,0.07828144173828118,S3-27_percent
8,1,Lil' Kim,0.086,4,0,0.07782665798861944,S3-27_percent
8,1,Chuck Wicks,0.082,5,0,0.07775222251855132,S3-27_percent
8,1,David Alan Grier,0.078,6,0,0.07656831869339176,S3-27_percent
8,1,Denise Richards,0.074,7,0,0.07191238065971192,S3-27_percent
8,1,Holly Madison,0.074,7,0,0.07558269480886569,S3-27_percent
8,1,Belinda Carlisle,0.07,9,0,0.07102663710084685,S3-27_percent
8,1,Steve-O,0.07,9,0,0.08004798889783085,S3-27_percent
8,1,Lawrence Taylor,0.066,11,0,0.07760833378936334,S3-27_percent
8,1,Ty Murray,0.058,12,0,0.07795829682055747,S3-27_percent
8,1,Steve Wozniak,0.053,13,0,0.07887251835754891,S3-27_percent
8,2,Gilles Marini,0.102,1,0,0.07918475408651138,S3-27_percent
8,2,Melissa Rycroft,0.098,2,0,0.07918477050105194,S3-27_percent
8,2,Shawn Johnson,0.091,3,0,0.07918476906563365,S3-27_percent
8,2,Lil' Kim,0.087,4,0,0.0784388207089667,S3-27_percent
8,2,Denise Richards,0.079,5,0,0.06857241171007204,S3-27_percent
8,2,Chuck Wicks,0.075,6,0,0.07831644749494616,S3-27_percent
8,2,Lawrence Taylor,0.075,6,0,0.07807953527787556,S3-27_percent
8,2,Ty Murray,0.075,6,0,0.07865534915731504,S3-27_percent
8,2,Belinda Carlisle,0.068,9,1,0.06706728896388263,S3-27_percent
8,2,Holly Madison,0.068,9,0,0.07473182797537015,S3-27_percent
8,2,David Alan Grier,0.064,11,0,0.07636501492479299,S3-27_percent
8,2,Steve Wozniak,0.064,11,0,0.08015172116969924,S3-27_percent
8,2,Steve-O,0.053,13,0,0.08206728896388257,S3-27_percent
8,3,Gilles Marini,0.106,1,0,0.08677613860867354,S3-27_percent
8,3,Melissa Rycroft,0.106,1,0,0.08677625112840352,S3-27_percent
8,3,Shawn Johnson,0.106,1,0,0.08677599164307251,S3-27_percent
8,3,Lil' Kim,0.098,4,0,0.08526574956020233,S3-27_percent
8,3,David Alan Grier,0.094,5,0,0.08103627922120715,S3-27_percent
8,3,Chuck Wicks,0.091,6,0,0.08501731408801291,S3-27_percent
8,3,Ty Murray,0.091,6,0,0.08570503908086878,S3-27_percent
8,3,Lawrence Taylor,0.079,8,0,0.08453523019597398,S3-27_percent
8,3,Holly Madison,0.067,9,0,0.07767502988142652,S3-27_percent
8,3,Denise Richards,0.063,10,1,0.06472534229728216,S3-27_percent
8,3,Steve-O,0.059,11,0,0.0869862919975947,S3-27_percent
8,3,Steve Wozniak,0.039,12,0,0.08872534229728199,S3-27_percent
8,4,Gilles Marini,0.124,1,0,0.09635751897088103,S3-27_percent
8,4,Melissa Rycroft,0.12,2,0,0.09635772601472535,S3-27_percent
8,4,Lil' Kim,0.112,3,0,0.09320442212968695,S3-27_percent
8,4,Shawn Johnson,0.103,4,0,0.09635727252324476,S3-27_percent
8,4,Ty Murray,0.103,4,0,0.09412373300266183,S3-27_percent
8,4,Chuck Wicks,0.091,6,0,0.09268429528730175,S3-27_percent
8,4,David Alan Grier,0.091,6,0,0.08427541897293912,S3-27_percent
8,4,Lawrence Taylor,0.079,8,0,0.09167236305729469,S3-27_percent
8,4,Holly Madison,0.066,9,1,0.07706847505245357,S3-27_percent
8,4,Steve-O,0.062,10,0,0.09401604043749821,S3-27_percent
8,4,Steve Wozniak,0.05,11,1,0.08388273455131277,S3-27_percent
8,5,Gilles Marini,0.138,1,0,0.11771412752538174,S3-27_percent
8,5,Lil' Kim,0.124,2,0,0.11125487139269238,S3-27_percent
8,5,Shawn Johnson,0.124,2,0,0.11771411810062392,S3-27_percent
8,5,Melissa Rycroft,0.119,4,0,0.11771427715476734,S3-27_percent
8,5,Chuck Wicks,0.11,5,0,0.11018331931893832,S3-27_percent
8,5,David Alan Grier,0.105,6,1,0.09259104989403885,S3-27_percent
8,5,Ty Murray,0.1,7,0,0.11314488768463378,S3-27_percent
8,5,Lawrence Taylor,0.095,8,0,0.10809229903488479,S3-27_percent
8,5,Steve-O,0.086,9,0,0.11159104989403895,S3-27_percent
8,6,Lil' Kim,0.151,1,0,0.12189294603256277,S3-27_percent
8,6,Melissa Rycroft,0.145,2,0,0.13448028344221344,S3-27_percent
8,6,Gilles Marini,0.14,3,0,0.13448008768053796,S3-27_percent
8,6,Shawn Johnson,0.14,3,0,0.1344805300500989,S3-27_percent
8,6,Chuck Wicks,0.124,5,0,0.11978604146862261,S3-27_percent
8,6,Lawrence Taylor,0.118,6,0,0.11565801327892872,S3-27_percent
8,6,Ty Murray,0.097,7,0,0.12559573466573512,S3-27_percent
8,6,Steve-O,0.086,8,1,0.1136263633813004,S3-27_percent
8,7,Melissa Rycroft,0.159,1,0,0.1576358399880225,S3-27_percent
8,7,Shawn Johnson,0.154,2,0,0.15763633876184527,S3-27_percent
8,7,Chuck Wicks,0.148,3,0,0.12999270020617476,S3-27_percent
8,7,Gilles Marini,0.148,3,0,0.15763548054554302,S3-27_percent
8,7,Lil' Kim,0.143,5,0,0.1340066341446803,S3-27_percent
8,7,Ty Murray,0.132,6,0,0.14101843806825884,S3-27_percent
8,7,Lawrence Taylor,0.115,7,1,0.12207456828547528,S3-27_percent
8,8,Lil' Kim,0.179,1,0,0.14436631116854906,S3-27_percent
8,8,Gilles Marini,0.176,2,0,0.18715683794765592,S3-27_percent
8,8,Shawn Johnson,0.167,3,0,0.18715764463442977,S3-27_percent
8,8,Ty Murray,0.167,3,0,0.15723728558745512,S3-27_percent
8,8,Chuck Wicks,0.163,5,1,0.13692454314310462,S3-27_percent
8,8,Melissa Rycroft,0.147,6,0,0.18715737751880548,S3-27_percent
8,9,Melissa Rycroft,0.213,1,0,0.2253730112645547,S3-27_percent
8,9,Gilles Marini,0.21,2,0,0.22537259426846937,S3-27_percent
8,9,Shawn Johnson,0.21,2,0,0.225373208103935,S3-27_percent
8,9,Lil' Kim,0.195,4,1,0.15044059318152048,S3-27_percent
8,9,Ty Murray,0.172,5,0,0.1734405931815205,S3-27_percent
8,10,Gilles Marini,0.274,1,0,0.27295274065485703,S3-27_percent
8,10,Shawn Johnson,0.256,2,0,0.2729533122292205,S3-27_percent
8,10,Melissa Rycroft,0.251,3,0,0.2729526525617109,S3-27_percent
8,10,Ty Murray,0.219,4,1,0.18114129455421168,S3-27_percent
8,11,Shawn Johnson,0.343,1,0,0.33333400305771194,S3-27_percent
8,11,Gilles Marini,0.331,2,0,0.3333332627813185,S3-27_percent
8,11,Melissa Rycroft,0.326,3,0,0.3333327341609695,S3-27_percent
9,1,Joanna Krupa,0.084,1,0,0.0644889726787345,S3-27_percent
9,1,Aaron Carter,0.079,2,0,0.06438185168259805,S3-27_percent
9,1,Mya,0.076,3,0,0.06498073848813969,S3-27_percent
9,1,Kelly Osbourne,0.076,4,0,0.06498076968063632,S3-27_percent
9,1,Donny Osmond,0.074,5,0,0.06498065149647392,S3-27_percent
9,1,Mark Dacascos,0.071,6,0,0.06401210199647264,S3-27_percent
9,1,Louie Vito,0.067,7,0,0.06382513647900072,S3-27_percent
9,1,Natalie Coughlin,0.067,7,0,0.0637963750477639,S3-27_percent
9,1,Melissa Joan Hart,0.059,9,0,0.06378411939616382,S3-27_percent
9,1,Chuck Liddell,0.054,10,0,0.06334795710932688,S3-27_percent
9,1,Debi Mazar,0.054,10,0,0.06122619535133999,S3-27_percent
9,1,Kathy Ireland,0.049,12,0,0.06133704308901332,S3-27_percent
9,1,Tom DeLay,0.049,12,0,0.06161010197218158,S3-27_percent
9,1,Michael Irvin,0.047,14,0,0.06431896458380384,S3-27_percent
9,1,Ashley Hamiliton,0.047,15,1,0.05446451047418562,S3-27_percent
9,1,Macy Gray,0.047,15,1,0.0544645104741653,S3-27_percent
9,2,Aaron Carter,0.092,1,0,0.07274593175690611,S3-27_percent
9,2,Mya,0.092,1,0,0.0738077045609962,S3-27_percent
9,2,Donny Osmond,0.085,3,0,0.07380761163399759,S3-27_percent
9,2,Debi Mazar,0.071,4,0,0.06707745034831536,S3-27_percent
9,2,Mark Dacascos,0.071,4,0,0.07208809967071715,S3-27_percent
9,2,Natalie Coughlin,0.071,4,0,0.07170354863881223,S3-27_percent
9,2,Joanna Krupa,0.068,7,0,0.07293601399639826,S3-27_percent
9,2,Michael Irvin,0.068,7,0,0.07263415558252165,S3-27_percent
9,2,Chuck Liddell,0.065,9,0,0.07090247400907784,S3-27_percent
9,2,Kelly Osbourne,0.065,9,0,0.07380773180447799,S3-27_percent
9,2,Louie Vito,0.065,9,0,0.07175511532154488,S3-27_percent
9,2,Melissa Joan Hart,0.065,9,0,0.07168171880051863,S3-27_percent
9,2,Kathy Ireland,0.061,13,1,0.06727868824692607,S3-27_percent
9,2,Tom DeLay,0.061,13,0,0.06777375562879019,S3-27_percent
9,3,Mya,0.105,1,0,0.08132392370085802,S3-27_percent
9,3,Natalie Coughlin,0.101,2,0,0.07685379087112826,S3-27_percent
9,3,Joanna Krupa,0.089,3,0,0.07947821607396864,S3-27_percent
9,3,Aaron Carter,0.081,4,0,0.07907478356241587,S3-27_percent
9,3,Donny Osmond,0.081,4,0,0.0813239084663629,S3-27_percent
9,3,Kelly Osbourne,0.078,6,0,0.08132396029779344,S3-27_percent
9,3,Louie Vito,0.078,6,0,0.07696435629128238,S3-27_percent
9,3,Melissa Joan Hart,0.074,8,0,0.07680730604774319,S3-27_percent
9,3,Mark Dacascos,0.07,9,0,0.07767456497333114,S3-27_percent
9,3,Chuck Liddell,0.066,10,0,0.07513833541028034,S3-27_percent
9,3,Debi Mazar,0.066,10,1,0.06683732781135591,S3-27_percent
9,3,Tom DeLay,0.058,12,1,0.06836219868212395,S3-27_percent
9,3,Michael Irvin,0.054,13,0,0.07883732781135593,S3-27_percent
9,4,Melissa Joan Hart,0.116,1,0,0.08716850285993097,S3-27_percent
9,4,Mya,0.116,1,0,0.09693273500976199,S3-27_percent
9,4,Joanna Krupa,0.107,3,0,0.09296506140384536,S3-27_percent
9,4,Donny Osmond,0.099,4,0,0.09693268929797845,S3-27_percent
9,4,Natalie Coughlin,0.099,4,0,0.0872697104521416,S3-27_percent
9,4,Kelly Osbourne,0.095,6,0,0.09693272477267889,S3-27_percent
9,4,Mark Dacascos,0.091,7,0,0.08905794680258257,S3-27_percent
9,4,Aaron Carter,0.074,8,0,0.09209389622685824,S3-27_percent
9,4,Chuck Liddell,0.07,9,1,0.0835113754682345,S3-27_percent
9,4,Louie Vito,0.066,10,0,0.0875113754682345,S3-27_percent
9,4,Michael Irvin,0.066,10,0,0.08962398223775296,S3-27_percent
9,5,Donny Osmond,0.12,1,0,0.11110889188686246,S3-27_percent
9,5,Mya,0.112,2,0,0.11110889540653608,S3-27_percent
9,5,Mark Dacascos,0.107,3,0,0.09477222388566549,S3-27_percent
9,5,Aaron Carter,0.099,4,0,0.10111996853568182,S3-27_percent
9,5,Joanna Krupa,0.099,4,0,0.10292970068615058,S3-27_percent
9,5,Kelly Osbourne,0.099,4,0,0.11110890519477674,S3-27_percent
9,5,Melissa Joan Hart,0.095,7,0,0.09078841908662404,S3-27_percent
9,5,Louie Vito,0.091,8,0,0.09100230045328722,S3-27_percent
9,5,Natalie Coughlin,0.091,8,1,0.09100230045328722,S3-27_percent
9,5,Michael Irvin,0.087,10,0,0.0950583944111283,S3-27_percent
9,6,Joanna Krupa,0.138,1,0,0.11525497907250305,S3-27_percent
9,6,Mya,0.127,2,0,0.13146894921703198,S3-27_percent
9,6,Aaron Carter,0.127,3,0,0.11161978289610927,S3-27_percent
9,6,Mark Dacascos,0.123,4,0,0.09871860272419145,S3-27_percent
9,6,Donny Osmond,0.119,5,0,0.13146900745374793,S3-27_percent
9,6,Kelly Osbourne,0.096,6,0,0.1314689215279172,S3-27_percent
9,6,Louie Vito,0.092,7,1,0.09063099375391173,S3-27_percent
9,6,Melissa Joan Hart,0.092,8,1,0.09049317439748866,S3-27_percent
9,6,Michael Irvin,0.085,9,0,0.09887558895709883,S3-27_percent
9,7,Joanna Krupa,0.157,1,0,0.13996920901687088,S3-27_percent
9,7,Aaron Carter,0.151,2,0,0.1329059917799669,S3-27_percent
9,7,Donny Osmond,0.148,3,0,0.17079915064247456,S3-27_percent
9,7,Kelly Osbourne,0.148,3,0,0.17079901675604459,S3-27_percent
9,7,Mya,0.14,5,0,0.1707990470822404,S3-27_percent
9,7,Michael Irvin,0.134,6,1,0.10741738141172294,S3-27_percent
9,7,Mark Dacascos,0.123,7,1,0.10731020331067964,S3-27_percent
9,8,Mya,0.225,1,0,0.22477561119233128,S3-27_percent
9,8,Joanna Krupa,0.198,2,0,0.16937666883859753,S3-27_percent
9,8,Kelly Osbourne,0.195,3,0,0.22477560413675043,S3-27_percent
9,8,Aaron Carter,0.191,4,1,0.15629638113455083,S3-27_percent
9,8,Donny Osmond,0.191,4,0,0.22477573469776999,S3-27_percent
9,9,Mya,0.272,1,0,0.2735291717084396,S3-27_percent
9,9,Joanna Krupa,0.253,2,1,0.17941230581128115,S3-27_percent
9,9,Kelly Osbourne,0.244,3,0,0.2735291989871929,S3-27_percent
9,9,Donny Osmond,0.231,4,0,0.2735293234930863,S3-27_percent
9,10,Donny Osmond,0.351,1,0,0.3333334099722248,S3-27_percent
9,10,Mya,0.343,2,0,0.33333328069275137,S3-27_percent
9,10,Kelly Osbourne,0.306,3,0,0.3333333093350238,S3-27_percent
10,1,Nicole Scherzinger,0.12,1,0,0.0929795028628741,S3-27_percent
10,1,Evan Lysacek,0.11,2,0,0.09297947175025106,S3-27_percent
10,1,Erin Andrews,0.1,3,0,0.09297955795063706,S3-27_percent
10,1,Pamela Anderson,0.1,3,0,0.09164116804968483,S3-27_percent
10,1,Jake Pavelka,0.096,5,0,0.09127460294361847,S3-27_percent
10,1,Chad Ochocinco,0.086,6,0,0.0920958202002491,S3-27_percent
10,1,Niecy Nash,0.086,6,0,0.09190028696349332,S3-27_percent
10,1,Shannen Doherty,0.086,6,0,0.07538341345410984,S3-27_percent
10,1,Kate Gosselin,0.077,9,0,0.09072665262899669,S3-27_percent
10,1,Aiden Turner,0.072,10,0,0.08986436068232212,S3-27_percent
10,1,Buzz Aldrin,0.067,11,0,0.09817516251376329,S3-27_percent
10,2,Nicole Scherzinger,0.127,1,0,0.09419882375476156,S3-27_percent
10,2,Evan Lysacek,0.109,2,0,0.09419883357009647,S3-27_percent
10,2,Erin Andrews,0.105,3,0,0.09419887007780535,S3-27_percent
10,2,Pamela Anderson,0.1,4,0,0.09213556956826374,S3-27_percent
10,2,Niecy Nash,0.095,5,0,0.09253589199318249,S3-27_percent
10,2,Jake Pavelka,0.091,6,0,0.09156861991344016,S3-27_percent
10,2,Shannen Doherty,0.091,6,1,0.0661131693244659,S3-27_percent
10,2,Aiden Turner,0.086,8,0,0.08937981520592855,S3-27_percent
10,2,Chad Ochocinco,0.073,9,0,0.09283765700357412,S3-27_percent
10,2,Kate Gosselin,0.068,10,0,0.09071958026401578,S3-27_percent
10,2,Buzz Aldrin,0.055,11,0,0.10211316932446592,S3-27_percent
10,3,Evan Lysacek,0.128,1,0,0.10345732424562014,S3-27_percent
10,3,Erin Andrews,0.113,2,0,0.10345733010366605,S3-27_percent
10,3,Nicole Scherzinger,0.113,2,0,0.10345728418309394,S3-27_percent
10,3,Jake Pavelka,0.103,4,0,0.09848580939139016,S3-27_percent
10,3,Niecy Nash,0.103,4,0,0.10032006029578698,S3-27_percent
10,3,Pamela Anderson,0.103,4,0,0.09956179984829526,S3-27_percent
10,3,Aiden Turner,0.099,7,0,0.09430875869303912,S3-27_percent
10,3,Chad Ochocinco,0.099,7,0,0.10089082199942333,S3-27_percent
10,3,Kate Gosselin,0.074,9,0,0.09686990556995466,S3-27_percent
10,3,Buzz Aldrin,0.064,10,1,0.09919090566973039,S3-27_percent
10,4,Evan Lysacek,0.14,1,0,0.11774372716216723,S3-27_percent
10,4,Nicole Scherzinger,0.135,2,0,0.1177436645495299,S3-27_percent
10,4,Pamela Anderson,0.127,3,0,0.11009692256589897,S3-27_percent
10,4,Chad Ochocinco,0.119,4,0,0.11271587722754982,S3-27_percent
10,4,Erin Andrews,0.105,5,0,0.11774371605444114,S3-27_percent
10,4,Jake Pavelka,0.102,6,0,0.10796859489722292,S3-27_percent
10,4,Niecy Nash,0.097,7,0,0.11159245912162294,S3-27_percent
10,4,Aiden Turner,0.089,8,1,0.09963640557803903,S3-27_percent
10,4,Kate Gosselin,0.086,9,0,0.10475863284352785,S3-27_percent
10,5,Nicole Scherzinger,0.168,1,0,0.13505150762800297,S3-27_percent
10,5,Evan Lysacek,0.156,2,0,0.13505158750087756,S3-27_percent
10,5,Jake Pavelka,0.133,3,0,0.11613931502016545,S3-27_percent
10,5,Erin Andrews,0.127,4,0,0.13505154446340825,S3-27_percent
10,5,Pamela Anderson,0.121,5,0,0.12029600051284525,S3-27_percent
10,5,Chad Ochocinco,0.104,6,0,0.12538036363676835,S3-27_percent
10,5,Niecy Nash,0.104,6,0,0.12320346864059316,S3-27_percent
10,5,Kate Gosselin,0.087,8,1,0.109826212597339,S3-27_percent
10,6,Nicole Scherzinger,0.172,1,0,0.15762965548888203,S3-27_percent
10,6,Erin Andrews,0.163,2,0,0.1576296497631012,S3-27_percent
10,6,Chad Ochocinco,0.148,3,0,0.139599920413494,S3-27_percent
10,6,Pamela Anderson,0.144,4,0,0.1299803020394659,S3-27_percent
10,6,Evan Lysacek,0.129,5,0,0.15762970187613431,S3-27_percent
10,6,Niecy Nash,0.124,6,0,0.13549378158252287,S3-27_percent
10,6,Jake Pavelka,0.12,7,1,0.12203698883639967,S3-27_percent
10,7,Evan Lysacek,0.174,1,0,0.18710634713221916,S3-27_percent
10,7,Nicole Scherzinger,0.174,1,0,0.18710634211912477,S3-27_percent
10,7,Chad Ochocinco,0.167,3,0,0.154644623375101,S3-27_percent
10,7,Erin Andrews,0.164,4,0,0.18710632030683,S3-27_percent
10,7,Pamela Anderson,0.164,4,1,0.13691987865505909,S3-27_percent
10,7,Niecy Nash,0.158,6,0,0.147116488411666,S3-27_percent
10,8,Nicole Scherzinger,0.233,1,0,0.2252575210721534,S3-27_percent
10,8,Erin Andrews,0.209,2,0,0.22525748870475276,S3-27_percent
10,8,Evan Lysacek,0.209,2,0,0.22525747361002482,S3-27_percent
10,8,Chad Ochocinco,0.178,4,0,0.16883644719089283,S3-27_percent
10,8,Niecy Nash,0.17,5,1,0.15539106942217618,S3-27_percent
10,9,Evan Lysacek,0.261,1,0,0.2736989510366228,S3-27_percent
10,9,Nicole Scherzinger,0.261,1,0,0.27369906949269496,S3-27_percent
10,9,Erin Andrews,0.248,3,0,0.2736990231144174,S3-27_percent
10,9,Chad Ochocinco,0.23,4,1,0.17890295635626477,S3-27_percent
10,10,Nicole Scherzinger,0.348,1,0,0.3333333892011429,S3-27_percent
10,10,Erin Andrews,0.327,2,0,0.33333335287518717,S3-27_percent
10,10,Evan Lysacek,0.325,3,0,0.3333332579236699,S3-27_percent
11,1,Jennifer Grey,0.106,1,0,0.08615681954640636,S3-27_percent
11,1,Brandy,0.101,2,0,0.08530718284758848,S3-27_percent
11,1,Kyle Massey,0.101,2,0,0.0861570380513864,S3-27_percent
11,1,Rick Fox,0.097,4,0,0.08486214140058279,S3-27_percent
11,1,Audrina Patridge,0.084,5,0,0.08369382880322689,S3-27_percent
11,1,Kurt Warner,0.084,5,0,0.08588026185719423,S3-27_percent
11,1,Bristol Palin,0.079,7,0,0.08615657006415672,S3-27_percent
11,1,Florence Henderson,0.079,7,0,0.08396552436286465,S3-27_percent
11,1,Michael Bolton,0.07,9,0,0.0792769402218087,S3-27_percent
11,1,David Hasselhoff,0.066,10,1,0.07363878974623299,S3-27_percent
11,1,Margaret Cho,0.066,10,0,0.08176391588495377,S3-27_percent
11,1,The Situation,0.066,10,0,0.08314098721359797,S3-27_percent
11,2,Jennifer Grey,0.109,1,0,0.0940067121588565,S3-27_percent
11,2,Audrina Patridge,0.104,2,0,0.09009338717138016,S3-27_percent
11,2,Bristol Palin,0.1,3,0,0.09400648363799245,S3-27_percent
11,2,Kyle Massey,0.1,3,0,0.09400693016673826,S3-27_percent
11,2,Brandy,0.095,5,0,0.09266190495019123,S3-27_percent
11,2,Kurt Warner,0.095,5,0,0.0935693743759012,S3-27_percent
11,2,Rick Fox,0.095,5,0,0.09195518081453419,S3-27_percent
11,2,Florence Henderson,0.086,8,0,0.09052746123244529,S3-27_percent
11,2,Margaret Cho,0.081,9,0,0.08699762164840845,S3-27_percent
11,2,The Situation,0.081,9,0,0.0892090705705175,S3-27_percent
11,2,Michael Bolton,0.054,11,1,0.08296587327303485,S3-27_percent
11,3,Audrina Patridge,0.118,1,0,0.09692487329164313,S3-27_percent
11,3,Brandy,0.109,2,0,0.10185460655007429,S3-27_percent
11,3,Jennifer Grey,0.109,2,0,0.10441409787114221,S3-27_percent
11,3,Rick Fox,0.109,2,0,0.10050246399974373,S3-27_percent
11,3,Kurt Warner,0.104,5,0,0.10358339220824171,S3-27_percent
11,3,Kyle Massey,0.104,5,0,0.10441401951943861,S3-27_percent
11,3,Florence Henderson,0.09,7,0,0.09776171707104071,S3-27_percent
11,3,The Situation,0.09,7,0,0.09521573695299994,S3-27_percent
11,3,Bristol Palin,0.086,9,0,0.10441403081370308,S3-27_percent
11,3,Margaret Cho,0.081,10,1,0.09091506172197265,S3-27_percent
11,4,Jennifer Grey,0.156,1,0,0.11782570716601908,S3-27_percent
11,4,Brandy,0.134,2,0,0.11281109984068946,S3-27_percent
11,4,Audrina Patridge,0.128,3,0,0.10303910367522535,S3-27_percent
11,4,Kyle Massey,0.112,4,0,0.11782576527604381,S3-27_percent
11,4,Rick Fox,0.109,5,0,0.1101453727445142,S3-27_percent
11,4,Florence Henderson,0.098,6,0,0.10470889914205964,S3-27_percent
11,4,Kurt Warner,0.095,7,0,0.11620207338609417,S3-27_percent
11,4,Bristol Palin,0.089,8,0,0.11782588335131947,S3-27_percent
11,4,The Situation,0.078,9,1,0.09961609541803489,S3-27_percent
11,5,Brandy,0.148,1,0,0.12558627341877,S3-27_percent
11,5,Jennifer Grey,0.137,2,0,0.13523063353218212,S3-27_percent
11,5,Kurt Warner,0.132,3,0,0.1321203315628436,S3-27_percent
11,5,Rick Fox,0.132,3,0,0.12041144273889111,S3-27_percent
11,5,Audrina Patridge,0.126,5,0,0.10644167506137378,S3-27_percent
11,5,Florence Henderson,0.115,6,1,0.10974816410098436,S3-27_percent
11,5,Kyle Massey,0.11,7,0,0.13523063424252282,S3-27_percent
11,5,Bristol Palin,0.099,8,0,0.13523084534243224,S3-27_percent
11,6,Brandy,0.174,1,0,0.14006307600133613,S3-27_percent
11,6,Audrina Patridge,0.155,2,1,0.10327601836763073,S3-27_percent
11,6,Rick Fox,0.145,3,0,0.13027497650379774,S3-27_percent
11,6,Kyle Massey,0.145,4,0,0.15803656745465453,S3-27_percent
11,6,Jennifer Grey,0.14,5,0,0.1580366119963398,S3-27_percent
11,6,Bristol Palin,0.135,6,0,0.15803673130861037,S3-27_percent
11,6,Kurt Warner,0.106,7,0,0.15227601836763072,S3-27_percent
11,7,Brandy,0.175,1,0,0.15312517705503914,S3-27_percent
11,7,Jennifer Grey,0.175,1,0,0.18546404946336698,S3-27_percent
11,7,Kurt Warner,0.168,3,0,0.15538182469937414,S3-27_percent
11,7,Rick Fox,0.165,4,1,0.13510106834944144,S3-27_percent
11,7,Kyle Massey,0.161,5,0,0.1854639097433101,S3-27_percent
11,7,Bristol Palin,0.156,6,0,0.18546397068946824,S3-27_percent
11,8,Brandy,0.215,1,0,0.16762348111295694,S3-27_percent
11,8,Jennifer Grey,0.215,1,0,0.2239072017289958,S3-27_percent
11,8,Kyle Massey,0.211,3,0,0.2239072122701575,S3-27_percent
11,8,Kurt Warner,0.181,4,1,0.16065505542299477,S3-27_percent
11,8,Bristol Palin,0.177,5,0,0.22390704946489492,S3-27_percent
11,9,Jennifer Grey,0.263,1,0,0.2736762071629845,S3-27_percent
11,9,Kyle Massey,0.254,2,0,0.27367608166167845,S3-27_percent
11,9,Brandy,0.25,3,1,0.17897174163762725,S3-27_percent
11,9,Bristol Palin,0.232,4,0,0.27367596953770973,S3-27_percent
11,10,Jennifer Grey,0.361,1,0,0.3333332933318991,S3-27_percent
11,10,Kyle Massey,0.329,2,0,0.33333334357840616,S3-27_percent
11,10,Bristol Palin,0.309,3,0,0.3333333630896947,S3-27_percent
12,1,Ralph Macchio,0.116,1,0,0.092114000590164,S3-27_percent
12,1,Kirstie Alley,0.111,2,0,0.09293289603778206,S3-27_percent
12,1,Chelsea Kane,0.101,3,0,0.09293270047154746,S3-27_percent
12,1,Hines Ward,0.101,3,0,0.09293292610833814,S3-27_percent
12,1,Chris Jericho,0.092,5,0,0.0912220743655211,S3-27_percent
12,1,Romeo,0.092,5,0,0.09177924740926306,S3-27_percent
12,1,Kendra Wilkinson,0.087,7,0,0.09193315899043426,S3-27_percent
12,1,Petra Nemcova,0.087,7,0,0.09067005335564172,S3-27_percent
12,1,Sugar Ray Leonard,0.082,9,0,0.08938413061950384,S3-27_percent
12,1,Wendy Williams,0.068,10,0,0.0883570449029061,S3-27_percent
12,1,Mike Catherwood,0.063,11,0,0.08574176714889828,S3-27_percent
12,2,Chris Jericho,0.106,1,0,0.09140807256821039,S3-27_percent
12,2,Hines Ward,0.106,1,0,0.09404807419636288,S3-27_percent
12,2,Romeo,0.106,1,0,0.09226958340416619,S3-27_percent
12,2,Ralph Macchio,0.097,4,0,0.09278655725252992,S3-27_percent
12,2,Kirstie Alley,0.093,5,0,0.09404814996126863,S3-27_percent
12,2,Kendra Wilkinson,0.088,6,0,0.09250800597695609,S3-27_percent
12,2,Chelsea Kane,0.083,7,0,0.09404804023419344,S3-27_percent
12,2,Petra Nemcova,0.083,7,0,0.09055259718200503,S3-27_percent
12,2,Mike Catherwood,0.079,9,1,0.0828301393917633,S3-27_percent
12,2,Sugar Ray Leonard,0.079,9,0,0.08855277285643826,S3-27_percent
12,2,Wendy Williams,0.079,9,0,0.08694800697610587,S3-27_percent
12,3,Hines Ward,0.117,1,0,0.10442583223652792,S3-27_percent
12,3,Petra Nemcova,0.117,1,0,0.09780383184852652,S3-27_percent
12,3,Chelsea Kane,0.107,3,0,0.10442600981755773,S3-27_percent
12,3,Kendra Wilkinson,0.107,3,0,0.10152013592780042,S3-27_percent
12,3,Chris Jericho,0.098,5,0,0.09943295244146887,S3-27_percent
12,3,Kirstie Alley,0.098,5,0,0.10442613601509894,S3-27_percent
12,3,Ralph Macchio,0.098,5,0,0.10204634800912499,S3-27_percent
12,3,Romeo,0.093,8,0,0.10106791525672575,S3-27_percent
12,3,Sugar Ray Leonard,0.093,8,0,0.09397360808175177,S3-27_percent
12,3,Wendy Williams,0.07,10,1,0.09087723036541713,S3-27_percent
12,4,Chelsea Kane,0.126,1,0,0.1178232421602787,S3-27_percent
12,4,Hines Ward,0.121,2,0,0.11782273050521906,S3-27_percent
12,4,Ralph Macchio,0.121,2,0,0.1131728226933169,S3-27_percent
12,4,Chris Jericho,0.112,4,0,0.10802727752928463,S3-27_percent
12,4,Petra Nemcova,0.112,4,0,0.10479837469709567,S3-27_percent
12,4,Romeo,0.112,4,0,0.11125096868426222,S3-27_percent
12,4,Kirstie Alley,0.107,7,0,0.11782327859151734,S3-27_percent
12,4,Sugar Ray Leonard,0.102,8,1,0.09714065256951274,S3-27_percent
12,4,Kendra Wilkinson,0.087,9,0,0.11214065256951272,S3-27_percent
12,5,Hines Ward,0.139,1,0,0.13493820666729495,S3-27_percent
12,5,Chelsea Kane,0.134,2,0,0.13493884081616456,S3-27_percent
12,5,Chris Jericho,0.134,2,0,0.11600025276622299,S3-27_percent
12,5,Romeo,0.134,2,0,0.12228277274916186,S3-27_percent
12,5,Kirstie Alley,0.119,5,0,0.13493891419119822,S3-27_percent
12,5,Kendra Wilkinson,0.113,6,0,0.12124239206787744,S3-27_percent
12,5,Petra Nemcova,0.113,6,1,0.10965422512395699,S3-27_percent
12,5,Ralph Macchio,0.113,6,0,0.12600439561812304,S3-27_percent
12,6,Chelsea Kane,0.156,1,0,0.1575732659299089,S3-27_percent
12,6,Romeo,0.156,1,0,0.1339091983355363,S3-27_percent
12,6,Hines Ward,0.15,3,0,0.1575725239954393,S3-27_percent
12,6,Kirstie Alley,0.144,4,0,0.15757335927366506,S3-27_percent
12,6,Kendra Wilkinson,0.139,5,0,0.13051142606071695,S3-27_percent
12,6,Ralph Macchio,0.133,6,0,0.1409294132982202,S3-27_percent
12,6,Chris Jericho,0.122,7,1,0.12193081310651332,S3-27_percent
12,7,Hines Ward,0.175,1,0,0.18709811631133483,S3-27_percent
12,7,Ralph Macchio,0.175,1,0,0.1571639813680241,S3-27_percent
12,7,Chelsea Kane,0.17,3,0,0.1870986261310757,S3-27_percent
12,7,Kendra Wilkinson,0.162,4,1,0.13725024504069355,S3-27_percent
12,7,Kirstie Alley,0.159,5,0,0.1870987502513178,S3-27_percent
12,7,Romeo,0.159,5,0,0.14429028089755402,S3-27_percent
12,8,Chelsea Kane,0.212,1,0,0.22537704149102417,S3-27_percent
12,8,Hines Ward,0.208,2,0,0.22537706972152827,S3-27_percent
12,8,Kirstie Alley,0.204,3,0,0.22537724568168568,S3-27_percent
12,8,Romeo,0.2,4,1,0.15043432155288092,S3-27_percent
12,8,Ralph Macchio,0.177,5,0,0.17343432155288097,S3-27_percent
12,9,Chelsea Kane,0.311,1,0,0.27295439423462997,S3-27_percent
12,9,Hines Ward,0.255,2,0,0.2729549628712689,S3-27_percent
12,9,Kirstie Alley,0.23,3,0,0.27295463967573746,S3-27_percent
12,9,Ralph Macchio,0.204,4,1,0.18113600321836362,S3-27_percent
12,10,Chelsea Kane,0.34,1,0,0.3333329648092611,S3-27_percent
12,10,Hines Ward,0.34,1,0,0.33333376133085146,S3-27_percent
12,10,Kirstie Alley,0.321,3,0,0.3333332738598875,S3-27_percent
13,1,Chynna Phillips,0.101,1,0,0.08321864085806428,S3-27_percent
13,1,J.R. Martinez,0.101,1,0,0.08624162729299119,S3-27_percent
13,1,Hope Solo,0.097,3,0,0.08539179588860787,S3-27_percent
13,1,Ricki Lake,0.092,4,0,0.08624148872142323,S3-27_percent
13,1,Kristin Cavallari,0.088,5,0,0.07913678476616345,S3-27_percent
13,1,David Arquette,0.083,6,0,0.08495466764206813,S3-27_percent
13,1,Carson Kressley,0.078,7,0,0.0848735374689155,S3-27_percent
13,1,Chaz Bono,0.078,7,0,0.08804085077833677,S3-27_percent
13,1,Nancy Grace,0.074,9,0,0.08520361923679984,S3-27_percent
13,1,Rob Kardashian,0.074,9,0,0.08624152048807066,S3-27_percent
13,1,Elisabetta Canalis,0.069,11,0,0.0768430424778436,S3-27_percent
13,1,Metta World Peace (Ron),0.065,12,1,0.07361242438071544,S3-27_percent
13,2,Ricki Lake,0.103,1,0,0.0941583048546785,S3-27_percent
13,2,J.R. Martinez,0.099,2,0,0.09415842692537772,S3-27_percent
13,2,Kristin Cavallari,0.099,2,0,0.08275498720855719,S3-27_percent
13,2,Chynna Phillips,0.094,4,0,0.08935119941322413,S3-27_percent
13,2,Elisabetta Canalis,0.094,4,1,0.07899014936055326,S3-27_percent
13,2,Nancy Grace,0.094,4,0,0.09251511030006808,S3-27_percent
13,2,Rob Kardashian,0.094,4,0,0.09415825269855711,S3-27_percent
13,2,Hope Solo,0.085,8,0,0.0928133324433203,S3-27_percent
13,2,Carson Kressley,0.081,9,0,0.09199014936055326,S3-27_percent
13,2,David Arquette,0.081,9,0,0.09211993807455723,S3-27_percent
13,2,Chaz Bono,0.076,11,0,0.09699014936055322,S3-27_percent
13,3,Ricki Lake,0.114,1,0,0.10440359577113947,S3-27_percent
13,3,Chynna Phillips,0.11,2,0,0.09519197735199646,S3-27_percent
13,3,J.R. Martinez,0.11,2,0,0.10440372581808971,S3-27_percent
13,3,David Arquette,0.101,4,0,0.10051881900058326,S3-27_percent
13,3,Hope Solo,0.101,4,0,0.10184407652402408,S3-27_percent
13,3,Kristin Cavallari,0.101,4,1,0.08224691345916751,S3-27_percent
13,3,Rob Kardashian,0.101,4,0,0.1044034904136051,S3-27_percent
13,3,Carson Kressley,0.097,8,0,0.09846553203531057,S3-27_percent
13,3,Nancy Grace,0.089,9,0,0.1012749561669163,S3-27_percent
13,3,Chaz Bono,0.076,10,0,0.10724691345916754,S3-27_percent
13,4,Ricki Lake,0.139,1,0,0.117253311620007,S3-27_percent
13,4,J.R. Martinez,0.124,2,0,0.1172534236374116,S3-27_percent
13,4,Hope Solo,0.115,3,0,0.1122383642969711,S3-27_percent
13,4,Rob Kardashian,0.115,3,0,0.11725335201075296,S3-27_percent
13,4,David Arquette,0.11,5,0,0.10962648635199773,S3-27_percent
13,4,Chaz Bono,0.1,6,0,0.11162039223212471,S3-27_percent
13,4,Chynna Phillips,0.1,6,1,0.09901888567071349,S3-27_percent
13,4,Nancy Grace,0.1,6,0,0.11111802476665025,S3-27_percent
13,4,Carson Kressley,0.096,9,0,0.10461775941337118,S3-27_percent
13,5,J.R. Martinez,0.149,1,0,0.13472784218796202,S3-27_percent
13,5,David Arquette,0.133,2,0,0.11999598849107186,S3-27_percent
13,5,Rob Kardashian,0.133,2,0,0.1347278123933657,S3-27_percent
13,5,Hope Solo,0.128,4,0,0.12507169212513933,S3-27_percent
13,5,Ricki Lake,0.128,4,0,0.13472762513630823,S3-27_percent
13,5,Nancy Grace,0.117,6,0,0.12289828042740134,S3-27_percent
13,5,Chaz Bono,0.112,7,0,0.1181568733669367,S3-27_percent
13,5,Carson Kressley,0.101,8,1,0.10969388587181488,S3-27_percent
13,6,J.R. Martinez,0.175,1,0,0.15740474548268857,S3-27_percent
13,6,Ricki Lake,0.175,1,0,0.15740451391721832,S3-27_percent
13,6,Nancy Grace,0.145,3,0,0.13528586809451854,S3-27_percent
13,6,David Arquette,0.139,4,0,0.1297775540743518,S3-27_percent
13,6,Rob Kardashian,0.133,5,0,0.15740457892563933,S3-27_percent
13,6,Hope Solo,0.12,6,0,0.1393888067800281,S3-27_percent
13,6,Chaz Bono,0.114,7,1,0.12333393272555533,S3-27_percent
13,7,Ricki Lake,0.181,1,0,0.18710070989792682,S3-27_percent
13,7,Rob Kardashian,0.174,2,0,0.1871007334101498,S3-27_percent
13,7,Hope Solo,0.171,3,0,0.1546474678560347,S3-27_percent
13,7,J.R. Martinez,0.164,4,0,0.18710099373873482,S3-27_percent
13,7,David Arquette,0.16,5,1,0.13692846725707022,S3-27_percent
13,7,Nancy Grace,0.15,6,0,0.14712162784008367,S3-27_percent
13,8,J.R. Martinez,0.232,1,0,0.22525522035416343,S3-27_percent
13,8,Hope Solo,0.201,2,0,0.16883910987187928,S3-27_percent
13,8,Ricki Lake,0.201,2,0,0.2252549404889038,S3-27_percent
13,8,Rob Kardashian,0.197,4,0,0.22525502788141805,S3-27_percent
13,8,Nancy Grace,0.17,5,1,0.1553957014036355,S3-27_percent
13,9,Ricki Lake,0.283,1,0,0.27369795462465446,S3-27_percent
13,9,Rob Kardashian,0.274,2,0,0.2736980704587763,S3-27_percent
13,9,J.R. Martinez,0.236,3,0,0.27369850462698725,S3-27_percent
13,9,Hope Solo,0.207,4,1,0.17890547028958198,S3-27_percent
13,10,Rob Kardashian,0.335,1,0,0.3333330354491132,S3-27_percent
13,10,J.R. Martinez,0.333,2,0,0.33333390076414937,S3-27_percent
13,10,Ricki Lake,0.331,3,0,0.3333330637867374,S3-27_percent
14,1,Jaleel White,0.096,1,0,0.08365992670459567,S3-27_percent
14,1,Katherine Jenkins,0.096,1,0,0.08481550812693306,S3-27_percent
14,1,William Levy,0.089,3,0,0.08481573961630613,S3-27_percent
14,1,Gladys Knight,0.085,4,0,0.08356796769536452,S3-27_percent
14,1,Jack Wagner,0.085,4,0,0.08144561535701333,S3-27_percent
14,1,Roshon Fegan,0.085,4,0,0.08375323946122636,S3-27_percent
14,1,Sherri Sheperd,0.085,4,0,0.08255062687882604,S3-27_percent
14,1,Donald Driver,0.078,8,0,0.08481569280524844,S3-27_percent
14,1,Maria Menounos,0.078,8,0,0.08414477888073421,S3-27_percent
14,1,Gavin DeGraw,0.074,10,0,0.08318540585272272,S3-27_percent
14,1,Martina Navratilova,0.074,10,0,0.07936084375861636,S3-27_percent
14,1,Melissa Gilbert,0.074,10,0,0.08388465486241319,S3-27_percent
14,2,Katherine Jenkins,0.097,1,0,0.08570552604056743,S3-27_percent
14,2,Roshon Fegan,0.097,1,0,0.08401306353029234,S3-27_percent
14,2,Maria Menounos,0.093,3,0,0.08463786903180733,S3-27_percent
14,2,William Levy,0.093,3,0,0.08570576564951185,S3-27_percent
14,2,Donald Driver,0.089,5,0,0.08570569663073364,S3-27_percent
14,2,Sherri Sheperd,0.086,6,0,0.08208724157894154,S3-27_percent
14,2,Jaleel White,0.082,7,0,0.08386415716896072,S3-27_percent
14,2,Gavin DeGraw,0.078,8,0,0.08310507619969075,S3-27_percent
14,2,Jack Wagner,0.078,8,0,0.08030850826475873,S3-27_percent
14,2,Melissa Gilbert,0.074,10,0,0.08422275055967696,S3-27_percent
14,2,Gladys Knight,0.071,11,0,0.08371705643170155,S3-27_percent
14,2,Martina Navratilova,0.063,12,1,0.0769272889133572,S3-27_percent
14,3,Katherine Jenkins,0.104,1,0,0.09443186281528161,S3-27_percent
14,3,William Levy,0.1,2,0,0.0944321058487062,S3-27_percent
14,3,Maria Menounos,0.096,3,0,0.09234059630394348,S3-27_percent
14,3,Donald Driver,0.093,4,0,0.09443203038463242,S3-27_percent
14,3,Jaleel White,0.089,5,0,0.09081887858297341,S3-27_percent
14,3,Roshon Fegan,0.089,5,0,0.09111191194327764,S3-27_percent
14,3,Gavin DeGraw,0.086,7,0,0.08932044884505486,S3-27_percent
14,3,Gladys Knight,0.086,7,0,0.09052876035458873,S3-27_percent
14,3,Jack Wagner,0.086,7,1,0.08375563428300978,S3-27_percent
14,3,Melissa Gilbert,0.086,7,0,0.09152440114499003,S3-27_percent
14,3,Sherri Sheperd,0.086,7,0,0.08730336949354187,S3-27_percent
14,4,Donald Driver,0.116,1,0,0.10571000466353812,S3-27_percent
14,4,Maria Menounos,0.112,2,0,0.10147529793233204,S3-27_percent
14,4,Roshon Fegan,0.112,2,0,0.09897288484527397,S3-27_percent
14,4,Katherine Jenkins,0.103,4,0,0.1057098388258447,S3-27_percent
14,4,Gavin DeGraw,0.099,5,0,0.09530504335926453,S3-27_percent
14,4,Jaleel White,0.094,6,0,0.09837486540387146,S3-27_percent
14,4,Melissa Gilbert,0.094,6,0,0.09981390913213928,S3-27_percent
14,4,William Levy,0.094,6,0,0.10571004204971618,S3-27_percent
14,4,Sherri Sheperd,0.09,9,1,0.09114655618169208,S3-27_percent
14,4,Gladys Knight,0.086,10,0,0.09778155760632763,S3-27_percent
14,5,Katherine Jenkins,0.129,1,0,0.1205561307927194,S3-27_percent
14,5,William Levy,0.129,1,0,0.12055626946049063,S3-27_percent
14,5,Donald Driver,0.121,3,0,0.12055626408376395,S3-27_percent
14,5,Maria Menounos,0.121,3,0,0.11213422122445971,S3-27_percent
14,5,Roshon Fegan,0.116,5,0,0.10710952517313124,S3-27_percent
14,5,Jaleel White,0.107,6,0,0.10590372311033802,S3-27_percent
14,5,Gladys Knight,0.098,7,0,0.1047045759668331,S3-27_percent
14,5,Melissa Gilbert,0.094,8,0,0.10880210175770227,S3-27_percent
14,5,Gavin DeGraw,0.085,9,1,0.09967718843056168,S3-27_percent
14,6,Katherine Jenkins,0.151,1,0,0.14053919107162072,S3-27_percent
14,6,Jaleel White,0.143,2,0,0.1120901627918401,S3-27_percent
14,6,William Levy,0.14,3,0,0.14053923604673157,S3-27_percent
14,6,Donald Driver,0.132,4,0,0.14053923141675925,S3-27_percent
14,6,Melissa Gilbert,0.116,5,0,0.11779774191405809,S3-27_percent
14,6,Maria Menounos,0.116,6,0,0.12430893715910091,S3-27_percent
14,6,Roshon Fegan,0.109,7,0,0.114469749540561,S3-27_percent
14,6,Gladys Knight,0.093,8,1,0.10971575005932842,S3-27_percent
14,7,Maria Menounos,0.155,1,0,0.1377162660683385,S3-27_percent
14,7,Katherine Jenkins,0.147,2,0,0.16789074505638607,S3-27_percent
14,7,Donald Driver,0.144,3,0,0.1678906398888848,S3-27_percent
14,7,William Levy,0.144,3,0,0.16789068023717255,S3-27_percent
14,7,Roshon Fegan,0.142,5,0,0.1189397125581256,S3-27_percent
14,7,Jaleel White,0.139,6,1,0.11433597809554623,S3-27_percent
14,7,Melissa Gilbert,0.128,7,0,0.12533597809554622,S3-27_percent
14,8,William Levy,0.174,1,0,0.20461147508003164,S3-27_percent
14,8,Roshon Fegan,0.171,2,1,0.1155441972681352,S3-27_percent
14,8,Donald Driver,0.168,3,0,0.20461137003329374,S3-27_percent
14,8,Katherine Jenkins,0.168,3,0,0.20461161135140585,S3-27_percent
14,8,Maria Menounos,0.162,5,0,0.15058703991374034,S3-27_percent
14,8,Melissa Gilbert,0.156,6,1,0.12003430635339327,S3-27_percent
14,9,Maria Menounos,0.257,1,1,0.18009761782165612,S3-27_percent
14,9,William Levy,0.252,2,0,0.2733007616249315,S3-27_percent
14,9,Donald Driver,0.248,3,0,0.2733006363326301,S3-27_percent
14,9,Katherine Jenkins,0.243,4,0,0.2733009842207824,S3-27_percent
14,10,Katherine Jenkins,0.336,1,0,0.3333335783466478,S3-27_percent
14,10,Donald Driver,0.332,2,0,0.3333331342101883,S3-27_percent
14,10,William Levy,0.332,2,0,0.33333328744316393,S3-27_percent
15,1,Emmitt Smith,0.089,1,0,0.0789284753268037,S3-27_percent
15,1,Gilles Marini,0.087,2,0,0.07872305883781032,S3-27_percent
15,1,Sabrina Bryan,0.081,3,0,0.07828072517335904,S3-27_percent
15,1,Apolo Anton Ohno,0.08,4,0,0.07884081223109425,S3-27_percent
15,1,Shawn Johnson,0.08,4,0,0.07969052921988189,S3-27_percent
15,1,Drew Lachey,0.078,6,0,0.07405103195779174,S3-27_percent
15,1,Helio Castroneves,0.078,6,0,0.07405113304946687,S3-27_percent
15,1,Kelly Monaco,0.078,6,0,0.07969074864164483,S3-27_percent
15,1,Melissa Rycroft,0.076,9,0,0.07969088480587336,S3-27_percent
15,1,Joey Fatone,0.074,10,0,0.07002211134443961,S3-27_percent
15,1,Bristol Palin,0.071,11,0,0.08022246343367555,S3-27_percent
15,1,Kirstie Alley,0.069,12,0,0.07872309515036785,S3-27_percent
15,1,Pamela Anderson,0.061,13,1,0.06908493082779103,S3-27_percent
15,2,Sabrina Bryan,0.094,1,0,0.0845290268396173,S3-27_percent
15,2,Gilles Marini,0.092,2,0,0.08525302449409156,S3-27_percent
15,2,Shawn Johnson,0.091,3,0,0.08683142108991883,S3-27_percent
15,2,Apolo Anton Ohno,0.089,4,0,0.08544559684593621,S3-27_percent
15,2,Melissa Rycroft,0.085,5,0,0.08683171703323372,S3-27_percent
15,2,Helio Castroneves,0.083,6,0,0.07752207083048666,S3-27_percent
15,2,Drew Lachey,0.082,7,0,0.07752197439998759,S3-27_percent
15,2,Emmitt Smith,0.082,7,0,0.08558883471506604,S3-27_percent
15,2,Joey Fatone,0.082,7,1,0.07069584098502939,S3-27_percent
15,2,Kelly Monaco,0.08,10,0,0.08683157264437544,S3-27_percent
15,2,Kirstie Alley,0.076,11,0,0.0852530791372279,S3-27_percent
15,2,Bristol Palin,0.065,12,0,0.08769584098502935,S3-27_percent
15,3,Kelly Monaco,0.097,1,0,0.09625896089914204,S3-27_percent
15,3,Melissa Rycroft,0.097,1,0,0.0962591492862581,S3-27_percent
15,3,Shawn Johnson,0.095,3,0,0.09625896010624081,S3-27_percent
15,3,Apolo Anton Ohno,0.092,4,0,0.09353251679013269,S3-27_percent
15,3,Gilles Marini,0.092,4,0,0.0931522807109976,S3-27_percent
15,3,Helio Castroneves,0.092,4,1,0.07760919950649248,S3-27_percent
15,3,Sabrina Bryan,0.092,4,0,0.09172024336928104,S3-27_percent
15,3,Emmitt Smith,0.09,8,0,0.09381505395986627,S3-27_percent
15,3,Drew Lachey,0.086,9,1,0.07760909642878983,S3-27_percent
15,3,Kirstie Alley,0.086,9,0,0.09315233959202743,S3-27_percent
15,3,Bristol Palin,0.081,11,0,0.09063219935077177,S3-27_percent
15,4,Gilles Marini,0.123,1,0,0.11009191320900977,S3-27_percent
15,4,Shawn Johnson,0.123,1,0,0.11636724907852523,S3-27_percent
15,4,Kelly Monaco,0.117,3,0,0.11636708431647672,S3-27_percent
15,4,Melissa Rycroft,0.115,4,0,0.11636728178161601,S3-27_percent
15,4,Emmitt Smith,0.112,5,0,0.11143611584490434,S3-27_percent
15,4,Sabrina Bryan,0.11,6,0,0.1071772996718374,S3-27_percent
15,4,Apolo Anton Ohno,0.107,7,0,0.11086349093180578,S3-27_percent
15,4,Bristol Palin,0.1,8,1,0.10123759933869914,S3-27_percent
15,4,Kirstie Alley,0.093,9,0,0.11009196582712566,S3-27_percent
15,5,Sabrina Bryan,0.132,1,0,0.1148797523718012,S3-27_percent
15,5,Apolo Anton Ohno,0.127,2,0,0.12213055938792854,S3-27_percent
15,5,Gilles Marini,0.127,2,0,0.12061842025762666,S3-27_percent
15,5,Melissa Rycroft,0.127,2,0,0.13283402570821312,S3-27_percent
15,5,Shawn Johnson,0.127,2,0,0.1328341071497695,S3-27_percent
15,5,Emmitt Smith,0.126,6,0,0.1232508112645434,S3-27_percent
15,5,Kirstie Alley,0.118,7,0,0.12061846015417814,S3-27_percent
15,5,Kelly Monaco,0.116,8,0,0.1328338637059394,S3-27_percent
15,6,Apolo Anton Ohno,0.133,1,0,0.1196489537822971,S3-27_percent
15,6,Sabrina Bryan,0.133,1,1,0.10577332257624872,S3-27_percent
15,6,Melissa Rycroft,0.131,3,0,0.13975255470299308,S3-27_percent
15,6,Shawn Johnson,0.124,4,0,0.1397527285524556,S3-27_percent
15,6,Gilles Marini,0.122,5,0,0.11677332257624874,S3-27_percent
15,6,Kirstie Alley,0.122,5,0,0.11677332257624873,S3-27_percent
15,6,Kelly Monaco,0.119,7,0,0.13975247265725926,S3-27_percent
15,6,Emmitt Smith,0.117,8,0,0.12177332257624872,S3-27_percent
15,7,Melissa Rycroft,0.161,1,0,0.16571075553556566,S3-27_percent
15,7,Shawn Johnson,0.157,2,0,0.1657109410914621,S3-27_percent
15,7,Kelly Monaco,0.149,3,0,0.1657107665003771,S3-27_percent
15,7,Emmitt Smith,0.143,4,0,0.12962084184001538,S3-27_percent
15,7,Gilles Marini,0.138,5,0,0.12240271524799487,S3-27_percent
15,7,Apolo Anton Ohno,0.136,6,0,0.12844137635869768,S3-27_percent
15,7,Kirstie Alley,0.116,7,0,0.12240260342588716,S3-27_percent
15,8,Melissa Rycroft,0.151,1,0,0.1844603415472637,S3-27_percent
15,8,Apolo Anton Ohno,0.147,2,0,0.11728659316685806,S3-27_percent
15,8,Gilles Marini,0.147,2,1,0.10567706541362443,S3-27_percent
15,8,Emmitt Smith,0.146,4,0,0.11797820838479525,S3-27_percent
15,8,Kelly Monaco,0.142,5,0,0.18446041728294454,S3-27_percent
15,8,Shawn Johnson,0.14,6,0,0.18446047313293776,S3-27_percent
15,8,Kirstie Alley,0.128,7,1,0.10567690107157625,S3-27_percent
15,9,Shawn Johnson,0.209,1,0,0.2477880167312189,S3-27_percent
15,9,Melissa Rycroft,0.204,2,0,0.24778797943956934,S3-27_percent
15,9,Apolo Anton Ohno,0.203,3,1,0.1280691040865698,S3-27_percent
15,9,Kelly Monaco,0.192,4,0,0.2477880878992156,S3-27_percent
15,9,Emmitt Smith,0.191,5,1,0.12856681184342633,S3-27_percent
15,10,Melissa Rycroft,0.336,1,0,0.3333332982733716,S3-27_percent
15,10,Kelly Monaco,0.333,2,0,0.33333342498673013,S3-27_percent
15,10,Shawn Johnson,0.331,3,0,0.3333332767398983,S3-27_percent
16,1,Zendaya,0.105,1,0,0.08448619733472815,S3-27_percent
16,1,Alexandra Raisman,0.092,2,0,0.08446667620988711,S3-27_percent
16,1,Dorothy Hamill,0.092,2,0,0.07936183849793631,S3-27_percent
16,1,Kellie Pickler,0.092,2,0,0.08448619277095831,S3-27_percent
16,1,Ingo Rademacher,0.087,5,0,0.08410865093434028,S3-27_percent
16,1,Jacoby Jones,0.087,5,0,0.08450600382436706,S3-27_percent
16,1,Sean Lowe,0.083,7,0,0.08399048159925886,S3-27_percent
16,1,Lisa Vanderpump,0.079,8,0,0.08255343625576267,S3-27_percent
16,1,Victor Ortiz,0.079,8,0,0.08357784791039735,S3-27_percent
16,1,Wynonna Judd,0.079,8,0,0.081447212323381,S3-27_percent
16,1,Andy Dick,0.074,11,0,0.08382466772996444,S3-27_percent
16,1,D. L. Hughley,0.052,12,0,0.08319079460901851,S3-27_percent
16,2,Kellie Pickler,0.107,1,0,0.08518129946270209,S3-27_percent
16,2,Zendaya,0.107,1,0,0.08518130466962268,S3-27_percent
16,2,Alexandra Raisman,0.098,3,0,0.08515024651229716,S3-27_percent
16,2,Jacoby Jones,0.094,4,0,0.08521283854331849,S3-27_percent
16,2,Andy Dick,0.082,5,0,0.0841267513071202,S3-27_percent
16,2,Ingo Rademacher,0.082,5,0,0.08457982133292721,S3-27_percent
16,2,Sean Lowe,0.082,5,0,0.08439136706511924,S3-27_percent
16,2,Lisa Vanderpump,0.074,8,0,0.08209144171088971,S3-27_percent
16,2,Victor Ortiz,0.074,8,0,0.08373247326330958,S3-27_percent
16,2,Wynonna Judd,0.074,8,0,0.0803106788724181,S3-27_percent
16,2,D. L. Hughley,0.066,11,0,0.08311333656772822,S3-27_percent
16,2,Dorothy Hamill,0.061,12,1,0.07692844069254715,S3-27_percent
16,3,Jacoby Jones,0.111,1,0,0.09346688601010347,S3-27_percent
16,3,Zendaya,0.111,1,0,0.09340510473759431,S3-27_percent
16,3,Kellie Pickler,0.106,3,0,0.09340509716894387,S3-27_percent
16,3,Alexandra Raisman,0.098,4,0,0.09334430097671005,S3-27_percent
16,3,Victor Ortiz,0.098,4,0,0.09055806411352599,S3-27_percent
16,3,Ingo Rademacher,0.089,6,0,0.09222539185990962,S3-27_percent
16,3,Lisa Vanderpump,0.089,6,0,0.08731074285614228,S3-27_percent
16,3,Sean Lowe,0.089,6,0,0.091855096791675,S3-27_percent
16,3,Andy Dick,0.077,9,0,0.09133467492976849,S3-27_percent
16,3,D. L. Hughley,0.068,10,0,0.08933575233205585,S3-27_percent
16,3,Wynonna Judd,0.064,11,1,0.08375888822357104,S3-27_percent
16,4,Alexandra Raisman,0.121,1,0,0.10350777545447809,S3-27_percent
16,4,Kellie Pickler,0.116,2,0,0.10363086221385755,S3-27_percent
16,4,Zendaya,0.116,2,0,0.1036308625354296,S3-27_percent
16,4,Jacoby Jones,0.107,4,0,0.1037559509509575,S3-27_percent
16,4,Ingo Rademacher,0.103,5,0,0.10123741906712361,S3-27_percent
16,4,Andy Dick,0.094,6,0,0.0994237921044913,S3-27_percent
16,4,D. L. Hughley,0.094,6,0,0.09533293120952428,S3-27_percent
16,4,Sean Lowe,0.089,8,0,0.1004841145981544,S3-27_percent
16,4,Lisa Vanderpump,0.08,9,1,0.09115838630069768,S3-27_percent
16,4,Victor Ortiz,0.08,9,0,0.09783790556528602,S3-27_percent
16,5,Zendaya,0.139,1,0,0.11642082147515988,S3-27_percent
16,5,Kellie Pickler,0.129,2,0,0.11642081985874339,S3-27_percent
16,5,Jacoby Jones,0.124,3,0,0.11666951058068173,S3-27_percent
16,5,Alexandra Raisman,0.12,4,0,0.11617600485877744,S3-27_percent
16,5,Sean Lowe,0.115,5,0,0.11013553610896616,S3-27_percent
16,5,Ingo Rademacher,0.1,6,0,0.11164531180935003,S3-27_percent
16,5,Victor Ortiz,0.1,6,0,0.10480577319011111,S3-27_percent
16,5,Andy Dick,0.086,8,0,0.10800491787899505,S3-27_percent
16,5,D. L. Hughley,0.086,8,1,0.0997213042392153,S3-27_percent
16,6,Kellie Pickler,0.143,1,0,0.13256402322184202,S3-27_percent
16,6,Alexandra Raisman,0.138,2,0,0.13209222268164877,S3-27_percent
16,6,Zendaya,0.135,3,0,0.13256401285722758,S3-27_percent
16,6,Ingo Rademacher,0.122,4,0,0.12331223052018504,S3-27_percent
16,6,Sean Lowe,0.122,4,0,0.12036521549811884,S3-27_percent
16,6,Jacoby Jones,0.119,6,0,0.13304298852654872,S3-27_percent
16,6,Andy Dick,0.114,7,0,0.11618755605238747,S3-27_percent
16,6,Victor Ortiz,0.106,8,1,0.10987175064204162,S3-27_percent
16,7,Alexandra Raisman,0.174,1,0,0.15215181365960082,S3-27_percent
16,7,Zendaya,0.163,2,0,0.15302883325052938,S3-27_percent
16,7,Kellie Pickler,0.158,3,0,0.1530288478020051,S3-27_percent
16,7,Jacoby Jones,0.147,4,0,0.15391842824244373,S3-27_percent
16,7,Ingo Rademacher,0.136,5,0,0.13568347778095252,S3-27_percent
16,7,Sean Lowe,0.13,6,0,0.13008976631439645,S3-27_percent
16,7,Andy Dick,0.092,7,1,0.12209883295007205,S3-27_percent
16,8,Zendaya,0.186,1,0,0.1788721686364142,S3-27_percent
16,8,Alexandra Raisman,0.18,2,0,0.1773025447694997,S3-27_percent
16,8,Kellie Pickler,0.177,3,0,0.17887217558500615,S3-27_percent
16,8,Jacoby Jones,0.167,4,0,0.18046220712334718,S3-27_percent
16,8,Ingo Rademacher,0.154,5,0,0.14741815995371013,S3-27_percent
16,8,Sean Lowe,0.135,6,1,0.13707274393202262,S3-27_percent
16,9,Alexandra Raisman,0.209,1,0,0.20833758024801066,S3-27_percent
16,9,Jacoby Jones,0.209,1,0,0.21377348070655572,S3-27_percent
16,9,Kellie Pickler,0.206,3,0,0.21104051512718505,S3-27_percent
16,9,Zendaya,0.195,4,0,0.2110404911363173,S3-27_percent
16,9,Ingo Rademacher,0.181,5,1,0.1558079327819311,S3-27_percent
16,10,Kellie Pickler,0.256,1,0,0.24999038195853532,S3-27_percent
16,10,Zendaya,0.256,1,0,0.24999036100535096,S3-27_percent
16,10,Alexandra Raisman,0.248,3,1,0.24550962851805688,S3-27_percent
16,10,Jacoby Jones,0.239,4,0,0.2545096285180569,S3-27_percent
17,1,Amber Riley,0.105,1,0,0.0843580554382803,S3-27_percent
17,1,Corbin Bleu,0.094,2,0,0.0843584382894913,S3-27_percent
17,1,Elizabeth Berkley Lauren,0.094,2,0,0.08410070915921992,S3-27_percent
17,1,Jack Osbourne,0.09,4,0,0.0843592573907026,S3-27_percent
17,1,"Nicole ""Snooki"" Polizzi",0.09,4,0,0.08386749879802075,S3-27_percent
17,1,Brant Daugherty,0.086,6,0,0.08397805160057834,S3-27_percent
17,1,Christina Milian,0.086,6,0,0.08267901303804104,S3-27_percent
17,1,Leah Remini,0.082,8,0,0.08460129427533793,S3-27_percent
17,1,Valerie Harper,0.082,8,0,0.08255497568336524,S3-27_percent
17,1,Bill Engvall,0.07,10,0,0.08437318650042663,S3-27_percent
17,1,Keyshawn Johnson,0.066,11,0,0.07915180372319289,S3-27_percent
17,1,Bill Nye,0.055,12,0,0.08161771610334301,S3-27_percent
17,2,Corbin Bleu,0.098,1,0,0.08497869201490249,S3-27_percent
17,2,Christina Milian,0.094,2,0,0.08229361677722984,S3-27_percent
17,2,Elizabeth Berkley Lauren,0.094,2,0,0.08456754291455065,S3-27_percent
17,2,Amber Riley,0.09,4,0,0.0849784532743475,S3-27_percent
17,2,Jack Osbourne,0.09,4,0,0.08497924714847763,S3-27_percent
17,2,Leah Remini,0.09,4,0,0.08536505680250474,S3-27_percent
17,2,Brant Daugherty,0.086,7,0,0.08437226453520415,S3-27_percent
17,2,Bill Engvall,0.079,8,0,0.08500190137131394,S3-27_percent
17,2,"Nicole ""Snooki"" Polizzi",0.075,9,0,0.08419573737705718,S3-27_percent
17,2,Valerie Harper,0.071,10,0,0.08209459775498239,S3-27_percent
17,2,Keyshawn Johnson,0.068,11,1,0.07658644501471473,S3-27_percent
17,2,Bill Nye,0.064,12,0,0.08058644501471474,S3-27_percent
17,3,Brant Daugherty,0.106,1,0,0.09179137897393881,S3-27_percent
17,3,Christina Milian,0.102,2,0,0.08768582370931348,S3-27_percent
17,3,Corbin Bleu,0.102,2,0,0.09298191047905889,S3-27_percent
17,3,Elizabeth Berkley Lauren,0.098,4,0,0.09217444239150932,S3-27_percent
17,3,"Nicole ""Snooki"" Polizzi",0.098,4,0,0.09144394727664189,S3-27_percent
17,3,Amber Riley,0.094,6,0,0.09298175267782922,S3-27_percent
17,3,Bill Engvall,0.094,6,0,0.09302699583697921,S3-27_percent
17,3,Leah Remini,0.094,6,0,0.09373843261454287,S3-27_percent
17,3,Jack Osbourne,0.086,9,0,0.092981968485509,S3-27_percent
17,3,Bill Nye,0.063,10,1,0.08390285110567393,S3-27_percent
17,3,Valerie Harper,0.063,10,0,0.08729049644900341,S3-27_percent
17,4,Amber Riley,0.114,1,0,0.10280586556418042,S3-27_percent
17,4,Corbin Bleu,0.114,1,0,0.10280593140114379,S3-27_percent
17,4,Elizabeth Berkley Lauren,0.114,1,0,0.10116588714132288,S3-27_percent
17,4,Christina Milian,0.101,4,0,0.09196677222889259,S3-27_percent
17,4,Jack Osbourne,0.101,4,0,0.10280565061199022,S3-27_percent
17,4,Leah Remini,0.101,4,0,0.10433786446994797,S3-27_percent
17,4,"Nicole ""Snooki"" Polizzi",0.101,4,0,0.09967902404363663,S3-27_percent
17,4,Bill Engvall,0.089,8,0,0.10289690565253969,S3-27_percent
17,4,Brant Daugherty,0.089,8,0,0.10038717784890584,S3-27_percent
17,4,Valerie Harper,0.076,10,1,0.09114892103743996,S3-27_percent
17,5,Christina Milian,0.119,1,1,0.09283591805150193,S3-27_percent
17,5,Corbin Bleu,0.119,1,0,0.11478868101790066,S3-27_percent
17,5,Brant Daugherty,0.115,3,0,0.1099516993906866,S3-27_percent
17,5,Jack Osbourne,0.115,3,0,0.11478841788661061,S3-27_percent
17,5,"Nicole ""Snooki"" Polizzi",0.115,3,0,0.10852869591073122,S3-27_percent
17,5,Amber Riley,0.111,6,0,0.11478885890604887,S3-27_percent
17,5,Elizabeth Berkley Lauren,0.111,6,0,0.11151187540395925,S3-27_percent
17,5,Bill Engvall,0.102,8,0,0.11496993538105892,S3-27_percent
17,5,Leah Remini,0.094,9,0,0.11783591805150198,S3-27_percent
17,6,Amber Riley,0.139,1,0,0.128695801864293,S3-27_percent
17,6,Elizabeth Berkley Lauren,0.139,2,0,0.12233338241700387,S3-27_percent
17,6,Brant Daugherty,0.134,3,0,0.11928770280528544,S3-27_percent
17,6,"Nicole ""Snooki"" Polizzi",0.13,4,0,0.1164984579224322,S3-27_percent
17,6,Leah Remini,0.121,5,0,0.12674807301556262,S3-27_percent
17,6,Corbin Bleu,0.117,6,0,0.12869540651869688,S3-27_percent
17,6,Jack Osbourne,0.117,7,0,0.1286953828659532,S3-27_percent
17,6,Bill Engvall,0.104,8,0,0.12904579259077292,S3-27_percent
17,7,Amber Riley,0.133,1,0,0.13249012908331995,S3-27_percent
17,7,Corbin Bleu,0.133,1,0,0.1324896980520949,S3-27_percent
17,7,Brant Daugherty,0.129,3,0,0.11471563116994234,S3-27_percent
17,7,Jack Osbourne,0.129,3,0,0.13248998927263378,S3-27_percent
17,7,Elizabeth Berkley Lauren,0.122,5,0,0.12050713929347674,S3-27_percent
17,7,"Nicole ""Snooki"" Polizzi",0.122,5,1,0.10937701431858857,S3-27_percent
17,7,Leah Remini,0.12,7,0,0.1247853756142086,S3-27_percent
17,7,Bill Engvall,0.113,8,0,0.1331450231957351,S3-27_percent
17,8,Corbin Bleu,0.156,1,0,0.15299070332615533,S3-27_percent
17,8,Jack Osbourne,0.156,1,0,0.15299136791553328,S3-27_percent
17,8,Amber Riley,0.146,3,0,0.15299115107430028,S3-27_percent
17,8,Leah Remini,0.146,3,0,0.13653382796201258,S3-27_percent
17,8,Brant Daugherty,0.141,5,1,0.11964769033571016,S3-27_percent
17,8,Elizabeth Berkley Lauren,0.13,6,0,0.13064769033571016,S3-27_percent
17,8,Bill Engvall,0.125,7,0,0.15419756905057824,S3-27_percent
17,9,Corbin Bleu,0.184,1,0,0.17859927411835405,S3-27_percent
17,9,Elizabeth Berkley Lauren,0.178,2,1,0.13575043625861813,S3-27_percent
17,9,Jack Osbourne,0.171,3,0,0.17860044061859232,S3-27_percent
17,9,Leah Remini,0.171,3,0,0.14769962417219196,S3-27_percent
17,9,Amber Riley,0.162,5,0,0.17859978857362555,S3-27_percent
17,9,Bill Engvall,0.133,6,0,0.18075043625861814,S3-27_percent
17,10,Amber Riley,0.226,1,0,0.21066161067331876,S3-27_percent
17,10,Corbin Bleu,0.214,2,0,0.2106610501624339,S3-27_percent
17,10,Jack Osbourne,0.203,3,0,0.21066266446212653,S3-27_percent
17,10,Leah Remini,0.186,4,1,0.15582018001163842,S3-27_percent
17,10,Bill Engvall,0.171,5,0,0.21219449469048243,S3-27_percent
17,11,Amber Riley,0.274,1,0,0.24968048012172026,S3-27_percent
17,11,Corbin Bleu,0.259,2,0,0.24967971049671192,S3-27_percent
17,11,Jack Osbourne,0.245,3,0,0.24968165348043148,S3-27_percent
17,11,Bill Engvall,0.223,4,1,0.2509581559011364,S3-27_percent
18,1,Charlie White,0.103,1,0,0.08639180433637882,S3-27_percent
18,1,Candace Cameron Bure,0.095,2,0,0.08689716714709392,S3-27_percent
18,1,Amy Purdy,0.092,3,0,0.0868294022132884,S3-27_percent
18,1,Danica McKellar,0.092,3,0,0.08625441543335693,S3-27_percent
18,1,Meryl Davis,0.092,3,0,0.08682963839450027,S3-27_percent
18,1,Cody Simpson,0.084,6,0,0.08467476077186387,S3-27_percent
18,1,Drew Carey,0.08,7,0,0.08633326187065712,S3-27_percent
18,1,James Maslow,0.08,7,0,0.08676528100587136,S3-27_percent
18,1,NeNe Leakes,0.08,7,0,0.0860613939813435,S3-27_percent
18,1,Sean Avery,0.076,10,0,0.07539750369653923,S3-27_percent
18,1,Diana Nyad,0.069,11,1,0.06778268557455326,S3-27_percent
18,1,Billy Dee Williams,0.057,12,0,0.07978268557455323,S3-27_percent
18,2,Charlie White,0.102,1,0,0.09397441429933864,S3-27_percent
18,2,James Maslow,0.102,1,0,0.09456374172508385,S3-27_percent
18,2,Meryl Davis,0.102,1,0,0.09466520518899235,S3-27_percent
18,2,Amy Purdy,0.098,4,0,0.09466496942048339,S3-27_percent
18,2,Danica McKellar,0.098,4,0,0.09375757945641504,S3-27_percent
18,2,Cody Simpson,0.09,6,0,0.09125363572002597,S3-27_percent
18,2,Candace Cameron Bure,0.086,7,0,0.09477156911078624,S3-27_percent
18,2,Drew Carey,0.086,7,0,0.09388222749112081,S3-27_percent
18,2,NeNe Leakes,0.086,7,0,0.0934527555057219,S3-27_percent
18,2,Sean Avery,0.086,7,1,0.07617425186485102,S3-27_percent
18,2,Billy Dee Williams,0.061,11,1,0.07883965021718083,S3-27_percent
18,3,Meryl Davis,0.125,1,0,0.1125902433246297,S3-27_percent
18,3,Amy Purdy,0.116,2,0,0.11259004657853024,S3-27_percent
18,3,Charlie White,0.116,2,0,0.11128014820416834,S3-27_percent
18,3,Danica McKellar,0.116,2,0,0.11086842455746947,S3-27_percent
18,3,James Maslow,0.116,2,0,0.11239810315473868,S3-27_percent
18,3,Cody Simpson,0.113,6,0,0.10608665791268308,S3-27_percent
18,3,Candace Cameron Bure,0.103,7,0,0.11279157813421613,S3-27_percent
18,3,NeNe Leakes,0.1,8,0,0.11028922169210079,S3-27_percent
18,3,Drew Carey,0.096,9,0,0.11110557644146359,S3-27_percent
18,4,Meryl Davis,0.131,1,0,0.11396070732621535,S3-27_percent
18,4,James Maslow,0.118,2,0,0.11359248902938093,S3-27_percent
18,4,Amy Purdy,0.114,3,0,0.11396057651278843,S3-27_percent
18,4,Charlie White,0.111,4,0,0.11144601524368782,S3-27_percent
18,4,Drew Carey,0.111,4,0,0.11111075365812223,S3-27_percent
18,4,Danica McKellar,0.108,6,0,0.11065415676672864,S3-27_percent
18,4,NeNe Leakes,0.108,6,0,0.10953881070965313,S3-27_percent
18,4,Cody Simpson,0.104,8,0,0.10139012149990156,S3-27_percent
18,4,Candace Cameron Bure,0.094,9,0,0.11434636925352183,S3-27_percent
18,5,James Maslow,0.124,1,0,0.11592172116734266,S3-27_percent
18,5,Danica McKellar,0.121,2,0,0.11026430350892871,S3-27_percent
18,5,Amy Purdy,0.115,3,0,0.11662771053901247,S3-27_percent
18,5,Charlie White,0.115,3,0,0.11179275612072936,S3-27_percent
18,5,Meryl Davis,0.112,5,0,0.11662781756505014,S3-27_percent
18,5,NeNe Leakes,0.112,5,0,0.10810638397831389,S3-27_percent
18,5,Candace Cameron Bure,0.109,7,0,0.11736669309371767,S3-27_percent
18,5,Cody Simpson,0.106,8,1,0.09214630701345256,S3-27_percent
18,5,Drew Carey,0.087,9,0,0.11114630701345256,S3-27_percent
18,6,Meryl Davis,0.142,1,0,0.13207691727335516,S3-27_percent
18,6,Amy Purdy,0.135,2,0,0.13207679602555034,S3-27_percent
18,6,Charlie White,0.128,3,0,0.12280443090257574,S3-27_percent
18,6,Danica McKellar,0.128,3,0,0.11985104808894294,S3-27_percent
18,6,James Maslow,0.124,5,0,0.13072932718350003,S3-27_percent
18,6,NeNe Leakes,0.117,6,0,0.11566237005086376,S3-27_percent
18,6,Candace Cameron Bure,0.113,7,0,0.13348471902311437,S3-27_percent
18,6,Drew Carey,0.113,7,1,0.11331439145209772,S3-27_percent
18,7,Meryl Davis,0.154,1,0,0.15301889969096943,S3-27_percent
18,7,Amy Purdy,0.148,2,0,0.15301882673092917,S3-27_percent
18,7,Candace Cameron Bure,0.146,3,0,0.15562575883407065,S3-27_percent
18,7,Danica McKellar,0.142,4,0,0.1300739864771712,S3-27_percent
18,7,Charlie White,0.14,5,0,0.13566945925510387,S3-27_percent
18,7,James Maslow,0.138,6,0,0.15051713409102455,S3-27_percent
18,7,NeNe Leakes,0.13,7,1,0.1220759349207312,S3-27_percent
18,8,Amy Purdy,0.177,1,0,0.17884328798292567,S3-27_percent
18,8,Charlie White,0.177,1,0,0.1473998802314628,S3-27_percent
18,8,Danica McKellar,0.168,3,1,0.1370565316585089,S3-27_percent
18,8,Candace Cameron Bure,0.159,4,0,0.18349388248156193,S3-27_percent
18,8,James Maslow,0.159,4,0,0.1743631797723807,S3-27_percent
18,8,Meryl Davis,0.159,4,0,0.17884323787316,S3-27_percent
18,9,Meryl Davis,0.209,1,0,0.2109907394609044,S3-27_percent
18,9,Amy Purdy,0.204,2,0,0.21099090234365842,S3-27_percent
18,9,Charlie White,0.199,3,1,0.15578552942450505,S3-27_percent
18,9,James Maslow,0.199,3,0,0.2032640126609381,S3-27_percent
18,9,Candace Cameron Bure,0.188,5,0,0.21896881610999402,S3-27_percent
18,10,Meryl Davis,0.262,1,0,0.24991934261827056,S3-27_percent
18,10,Amy Purdy,0.259,2,0,0.24991956190431952,S3-27_percent
18,10,James Maslow,0.253,3,1,0.23708054773870496,S3-27_percent
18,10,Candace Cameron Bure,0.227,4,0,0.26308054773870493,S3-27_percent
19,1,Alfonso Ribeiro,0.097,1,0,0.0785339373259025,S3-27_percent
19,1,Sadie Robertson,0.091,2,0,0.0785332998840712,S3-27_percent
19,1,Bethany Mota,0.086,3,0,0.07853432556856373,S3-27_percent
19,1,Lea Thompson,0.086,3,0,0.07822691158758145,S3-27_percent
19,1,Randy Couture,0.083,5,0,0.0757729769241024,S3-27_percent
19,1,Jonathan Bennett,0.081,6,0,0.07836860418245166,S3-27_percent
19,1,Janel Parrish,0.078,7,0,0.07853414983527231,S3-27_percent
19,1,Tavis Smiley,0.078,7,0,0.07255467681708172,S3-27_percent
19,1,Tommy Chong,0.073,9,0,0.07840202447976799,S3-27_percent
19,1,Antonio Sabato Jr.,0.067,10,0,0.07822685407240532,S3-27_percent
19,1,Michael Waltrip,0.067,10,0,0.0791831428834359,S3-27_percent
19,1,Lolo Jones,0.059,12,1,0.0691139643771118,S3-27_percent
19,1,Betsey Johnson,0.054,13,0,0.07601513206225206,S3-27_percent
19,2,Lea Thompson,0.097,1,0,0.08441906911151777,S3-27_percent
19,2,Janel Parrish,0.094,2,0,0.08492273236528597,S3-27_percent
19,2,Bethany Mota,0.091,3,0,0.08492298204968836,S3-27_percent
19,2,Alfonso Ribeiro,0.088,4,0,0.08492214116163176,S3-27_percent
19,2,Antonio Sabato Jr.,0.086,5,0,0.08441924857940353,S3-27_percent
19,2,Sadie Robertson,0.086,5,0,0.08492147225570858,S3-27_percent
19,2,Jonathan Bennett,0.083,7,0,0.08465175075274498,S3-27_percent
19,2,Betsey Johnson,0.077,8,0,0.0807739666774351,S3-27_percent
19,2,Randy Couture,0.077,8,0,0.08037268149025044,S3-27_percent
19,2,Tavis Smiley,0.077,8,1,0.07498368970291408,S3-27_percent
19,2,Tommy Chong,0.077,8,0,0.08470657615050532,S3-27_percent
19,2,Michael Waltrip,0.066,12,0,0.08598368970291403,S3-27_percent
19,3,Bethany Mota,0.113,1,0,0.09277907590743573,S3-27_percent
19,3,Janel Parrish,0.113,1,0,0.09277876930642294,S3-27_percent
19,3,Tommy Chong,0.096,3,0,0.09235162366022223,S3-27_percent
19,3,Alfonso Ribeiro,0.091,4,0,0.09277780579485347,S3-27_percent
19,3,Jonathan Bennett,0.091,4,0,0.09224271237078445,S3-27_percent
19,3,Sadie Robertson,0.091,4,0,0.09277715399931101,S3-27_percent
19,3,Lea Thompson,0.088,7,0,0.09178102210531014,S3-27_percent
19,3,Antonio Sabato Jr.,0.082,8,0,0.09178187495882362,S3-27_percent
19,3,Betsey Johnson,0.082,8,0,0.08449651182856577,S3-27_percent
19,3,Michael Waltrip,0.079,10,0,0.09254624155027873,S3-27_percent
19,3,Randy Couture,0.074,11,1,0.08368720851799197,S3-27_percent
19,4,Alfonso Ribeiro,0.125,1,0,0.10247538454341662,S3-27_percent
19,4,Lea Thompson,0.122,2,0,0.10044420334368105,S3-27_percent
19,4,Sadie Robertson,0.116,3,0,0.10247493829589929,S3-27_percent
19,4,Janel Parrish,0.112,4,0,0.1024764774688487,S3-27_percent
19,4,Bethany Mota,0.103,5,0,0.10247666965590894,S3-27_percent
19,4,Antonio Sabato Jr.,0.091,6,0,0.10044637265532183,S3-27_percent
19,4,Betsey Johnson,0.091,6,1,0.08538606378416974,S3-27_percent
19,4,Tommy Chong,0.088,8,0,0.10160818450827579,S3-27_percent
19,4,Michael Waltrip,0.078,9,0,0.10082564196030835,S3-27_percent
19,4,Jonathan Bennett,0.075,10,0,0.10138606378416969,S3-27_percent
19,5,Sadie Robertson,0.136,1,0,0.11363246139562135,S3-27_percent
19,5,Alfonso Ribeiro,0.129,2,0,0.11363247578370794,S3-27_percent
19,5,Lea Thompson,0.129,2,0,0.10956565640569348,S3-27_percent
19,5,Janel Parrish,0.125,4,0,0.11363335119912824,S3-27_percent
19,5,Bethany Mota,0.121,5,0,0.11363328744028856,S3-27_percent
19,5,Antonio Sabato Jr.,0.106,6,0,0.10956996629247746,S3-27_percent
19,5,Jonathan Bennett,0.091,7,0,0.10468090056326883,S3-27_percent
19,5,Tommy Chong,0.087,8,0,0.11189899005362017,S3-27_percent
19,5,Michael Waltrip,0.076,9,0,0.109752910866194,S3-27_percent
19,6,Alfonso Ribeiro,0.133,1,0,0.11644143442986744,S3-27_percent
19,6,Bethany Mota,0.123,2,0,0.11644162496230187,S3-27_percent
19,6,Sadie Robertson,0.119,3,0,0.1164417313640245,S3-27_percent
19,6,Janel Parrish,0.113,4,0,0.11644190366475075,S3-27_percent
19,6,Jonathan Bennett,0.109,5,1,0.09552463999642151,S3-27_percent
19,6,Lea Thompson,0.109,5,0,0.10851640103891907,S3-27_percent
19,6,Michael Waltrip,0.102,7,0,0.10859502610339182,S3-27_percent
19,6,Antonio Sabato Jr.,0.096,8,0,0.10852463999642158,S3-27_percent
19,6,Tommy Chong,0.096,8,0,0.11307259844390154,S3-27_percent
19,7,Bethany Mota,0.145,1,0,0.13229778931439548,S3-27_percent
19,7,Lea Thompson,0.135,2,0,0.11699008163624754,S3-27_percent
19,7,Alfonso Ribeiro,0.132,3,0,0.13229770822867137,S3-27_percent
19,7,Janel Parrish,0.13,4,0,0.1322979606829801,S3-27_percent
19,7,Sadie Robertson,0.12,5,0,0.1322981227582054,S3-27_percent
19,7,Tommy Chong,0.116,6,0,0.12582534116077368,S3-27_percent
19,7,Antonio Sabato Jr.,0.114,7,1,0.11099649810936323,S3-27_percent
19,7,Michael Waltrip,0.108,8,0,0.11699649810936323,S3-27_percent
19,8,Janel Parrish,0.173,1,0,0.15303551806428617,S3-27_percent
19,8,Alfonso Ribeiro,0.165,2,0,0.15303536447990299,S3-27_percent
19,8,Bethany Mota,0.161,3,0,0.15303574493556166,S3-27_percent
19,8,Sadie Robertson,0.153,4,0,0.15303565851546486,S3-27_percent
19,8,Lea Thompson,0.129,5,0,0.12419702821679839,S3-27_percent
19,8,Tommy Chong,0.117,6,0,0.140951311393846,S3-27_percent
19,8,Michael Waltrip,0.101,7,1,0.12270937439413998,S3-27_percent
19,9,Alfonso Ribeiro,0.18,1,0,0.17910293806537617,S3-27_percent
19,9,Janel Parrish,0.18,1,0,0.17910271538599207,S3-27_percent
19,9,Bethany Mota,0.173,3,0,0.17910325946397462,S3-27_percent
19,9,Sadie Robertson,0.171,4,0,0.17910305735600127,S3-27_percent
19,9,Lea Thompson,0.164,5,1,0.12629401486432792,S3-27_percent
19,9,Tommy Chong,0.133,6,0,0.15729401486432792,S3-27_percent
19,10,Janel Parrish,0.214,1,0,0.20976051374497426,S3-27_percent
19,10,Bethany Mota,0.208,2,0,0.20976099485154623,S3-27_percent
19,10,Alfonso Ribeiro,0.205,3,0,0.20976140253805392,S3-27_percent
19,10,Sadie Robertson,0.203,4,0,0.20976160969490656,S3-27_percent
19,10,Tommy Chong,0.17,5,1,0.16095547917051908,S3-27_percent
19,11,Alfonso Ribeiro,0.256,1,0,0.25000055774484575,S3-27_percent
19,11,Sadie Robertson,0.252,2,0,0.2500009628063636,S3-27_percent
19,11,Janel Parrish,0.249,3,0,0.24999910087048233,S3-27_percent
19,11,Bethany Mota,0.243,4,1,0.24999937857830837,S3-27_percent
20,1,Rumer Willis,0.101,1,0,0.08492629586295809,S3-27_percent
20,1,Riker Lynch,0.097,2,0,0.0849263103943005,S3-27_percent
20,1,Nastia Liukin,0.094,3,0,0.08425678165356708,S3-27_percent
20,1,Robert Herjavec,0.088,4,0,0.0842271378795835,S3-27_percent
20,1,Chris Soules,0.082,5,0,0.08988139090852691,S3-27_percent
20,1,Michael Sam,0.082,5,0,0.08238361043816142,S3-27_percent
20,1,Noah Galloway,0.082,5,0,0.08492630549970706,S3-27_percent
20,1,Patti LaBelle,0.079,8,0,0.08366705286606034,S3-27_percent
20,1,Suzanne Somers,0.079,8,0,0.083297184382581,S3-27_percent
20,1,Willow Shields,0.079,8,0,0.08344146930019222,S3-27_percent
20,1,Charlotte McKinney,0.069,11,0,0.08149151092414489,S3-27_percent
20,1,Redfoo,0.069,11,0,0.07257494989021707,S3-27_percent
20,2,Nastia Liukin,0.098,1,0,0.08486215298900858,S3-27_percent
20,2,Riker Lynch,0.092,2,0,0.08592742869778558,S3-27_percent
20,2,Rumer Willis,0.092,2,0,0.08592740945709784,S3-27_percent
20,2,Willow Shields,0.092,2,0,0.08356065536303638,S3-27_percent
20,2,Redfoo,0.089,5,1,0.06571785684264272,S3-27_percent
20,2,Michael Sam,0.081,6,0,0.08186485061531583,S3-27_percent
20,2,Patti LaBelle,0.081,6,0,0.08392123874276936,S3-27_percent
20,2,Robert Herjavec,0.081,6,0,0.0848149208556091,S3-27_percent
20,2,Suzanne Somers,0.081,6,0,0.08332983973395887,S3-27_percent
20,2,Noah Galloway,0.078,10,0,0.08592742157962122,S3-27_percent
20,2,Charlotte McKinney,0.075,11,0,0.08042836828051197,S3-27_percent
20,2,Chris Soules,0.061,12,0,0.09371785684264267,S3-27_percent
20,3,Nastia Liukin,0.109,1,0,0.09200225076605731,S3-27_percent
20,3,Riker Lynch,0.109,1,0,0.09408700645604062,S3-27_percent
20,3,Rumer Willis,0.105,3,0,0.09408698935416689,S3-27_percent
20,3,Willow Shields,0.102,4,0,0.08944178750548987,S3-27_percent
20,3,Noah Galloway,0.096,5,0,0.09408699942469392,S3-27_percent
20,3,Robert Herjavec,0.093,6,0,0.09190958674335535,S3-27_percent
20,3,Chris Soules,0.089,7,0,0.09594681245409256,S3-27_percent
20,3,Suzanne Somers,0.08,8,0,0.08898613010228107,S3-27_percent
20,3,Michael Sam,0.077,9,0,0.0860828859802016,S3-27_percent
20,3,Charlotte McKinney,0.07,10,1,0.08321688425406443,S3-27_percent
20,3,Patti LaBelle,0.07,10,0,0.09015266695955645,S3-27_percent
20,4,Willow Shields,0.12,1,0,0.09614129454660665,S3-27_percent
20,4,Nastia Liukin,0.111,2,0,0.10137198320690097,S3-27_percent
20,4,Rumer Willis,0.108,3,0,0.10559653950812302,S3-27_percent
20,4,Riker Lynch,0.105,4,0,0.10559655234853704,S3-27_percent
20,4,Robert Herjavec,0.105,4,0,0.10118349227702711,S3-27_percent
20,4,Noah Galloway,0.098,6,0,0.10559654844363306,S3-27_percent
20,4,Michael Sam,0.092,7,1,0.08920542614414616,S3-27_percent
20,4,Patti LaBelle,0.092,7,0,0.09759829039420205,S3-27_percent
20,4,Suzanne Somers,0.086,9,0,0.09520542614414612,S3-27_percent
20,4,Chris Soules,0.083,10,0,0.10250444698667785,S3-27_percent
20,5,Rumer Willis,0.138,1,0,0.12049536359443447,S3-27_percent
20,5,Nastia Liukin,0.134,2,0,0.11208953015955304,S3-27_percent
20,5,Riker Lynch,0.134,2,0,0.12049536331469382,S3-27_percent
20,5,Willow Shields,0.12,4,0,0.10153974496660807,S3-27_percent
20,5,Noah Galloway,0.099,5,0,0.1204953704170982,S3-27_percent
20,5,Suzanne Somers,0.099,5,1,0.09771216641802327,S3-27_percent
20,5,Chris Soules,0.095,7,0,0.11096538364891399,S3-27_percent
20,5,Patti LaBelle,0.095,7,0,0.104494911062652,S3-27_percent
20,5,Robert Herjavec,0.085,9,0,0.11171216641802323,S3-27_percent
20,6,Riker Lynch,0.134,1,0,0.14052609686395368,S3-27_percent
20,6,Nastia Liukin,0.129,2,0,0.12432333554032492,S3-27_percent
20,6,Willow Shields,0.129,2,0,0.10351207355775177,S3-27_percent
20,6,Rumer Willis,0.125,4,0,0.14052610565822649,S3-27_percent
20,6,Chris Soules,0.124,5,0,0.12043859577591655,S3-27_percent
20,6,Noah Galloway,0.12,6,0,0.14052611042421603,S3-27_percent
20,6,Patti LaBelle,0.12,6,1,0.10939980823558,S3-27_percent
20,6,Robert Herjavec,0.118,8,0,0.12074787394403055,S3-27_percent
20,7,Nastia Liukin,0.161,1,0,0.13804608284371858,S3-27_percent
20,7,Willow Shields,0.154,2,1,0.09781347577832657,S3-27_percent
20,7,Noah Galloway,0.15,3,0,0.1681711674372422,S3-27_percent
20,7,Riker Lynch,0.146,4,0,0.1681711533447702,S3-27_percent
20,7,Rumer Willis,0.146,4,0,0.16817116903928953,S3-27_percent
20,7,Chris Soules,0.122,6,0,0.12981347577832647,S3-27_percent
20,7,Robert Herjavec,0.122,6,0,0.12981347577832647,S3-27_percent
20,8,Rumer Willis,0.189,1,0,0.20314019733842456,S3-27_percent
20,8,Riker Lynch,0.184,2,0,0.2031401864204311,S3-27_percent
20,8,Nastia Liukin,0.18,3,0,0.14922306217587647,S3-27_percent
20,8,Chris Soules,0.151,4,1,0.1206781837759003,S3-27_percent
20,8,Noah Galloway,0.149,5,0,0.20314019411647646,S3-27_percent
20,8,Robert Herjavec,0.147,6,1,0.12067817617289107,S3-27_percent
20,9,Nastia Liukin,0.255,1,1,0.1801510877051355,S3-27_percent
20,9,Riker Lynch,0.255,1,0,0.27328296581394645,S3-27_percent
20,9,Rumer Willis,0.248,3,0,0.2732829791923805,S3-27_percent
20,9,Noah Galloway,0.242,4,0,0.2732829672885377,S3-27_percent
20,10,Riker Lynch,0.345,1,0,0.3333333250263109,S3-27_percent
20,10,Rumer Willis,0.345,1,0,0.3333333408548347,S3-27_percent
20,10,Noah Galloway,0.31,3,0,0.3333333341188544,S3-27_percent
21,1,Bindi Irwin,0.096,1,0,0.07975154089550623,S3-27_percent
21,1,Nick Carter,0.096,1,0,0.0797515766528745,S3-27_percent
21,1,Carlos PenaVega,0.092,3,0,0.07973165328763458,S3-27_percent
21,1,Tamar Braxton,0.092,3,0,0.07930712549214342,S3-27_percent
21,1,Alek Skarlatos,0.088,5,0,0.07977218626395542,S3-27_percent
21,1,Alexa PenaVega,0.088,5,0,0.07930617429076439,S3-27_percent
21,1,Andy Grammer,0.084,7,0,0.07933240651321209,S3-27_percent
21,1,Hayes Grier,0.084,7,0,0.07920807986066818,S3-27_percent
21,1,Gary Busey,0.06,9,0,0.07797138327678761,S3-27_percent
21,1,Paula Deen,0.06,9,0,0.0790119464798101,S3-27_percent
21,1,Victor Espinoza,0.06,9,0,0.06895195129906008,S3-27_percent
21,1,Chaka Khan,0.052,12,0,0.06895199276155357,S3-27_percent
21,1,Kim Zolciak-Biermann,0.048,13,0,0.0689519829260299,S3-27_percent
21,2,Tamar Braxton,0.091,1,0,0.08091884326640712,S3-27_percent
21,2,Bindi Irwin,0.089,2,0,0.08164275106479094,S3-27_percent
21,2,Alexa PenaVega,0.085,3,0,0.08091734791338863,S3-27_percent
21,2,Alek Skarlatos,0.083,4,0,0.08167619884466235,S3-27_percent
21,2,Carlos PenaVega,0.083,4,0,0.08161032787199779,S3-27_percent
21,2,Hayes Grier,0.083,4,0,0.08075730853774077,S3-27_percent
21,2,Nick Carter,0.083,4,0,0.08164273353735912,S3-27_percent
21,2,Andy Grammer,0.081,8,0,0.08096009887507084,S3-27_percent
21,2,Kim Zolciak-Biermann,0.068,9,1,0.06356779078430819,S3-27_percent
21,2,Paula Deen,0.068,9,0,0.08043717045650267,S3-27_percent
21,2,Victor Espinoza,0.068,9,1,0.06356779487595048,S3-27_percent
21,2,Gary Busey,0.061,12,0,0.07873379962470488,S3-27_percent
21,2,Chaka Khan,0.055,13,1,0.06356783434711614,S3-27_percent
21,3,Alexa PenaVega,0.118,1,0,0.09997880095027938,S3-27_percent
21,3,Nick Carter,0.118,1,0,0.10143039516109031,S3-27_percent
21,3,Alek Skarlatos,0.108,3,0,0.10149711465727705,S3-27_percent
21,3,Tamar Braxton,0.108,3,0,0.09998172770199348,S3-27_percent
21,3,Bindi Irwin,0.105,5,0,0.10143042417410934,S3-27_percent
21,3,Carlos PenaVega,0.102,6,0,0.10136564298134434,S3-27_percent
21,3,Hayes Grier,0.098,7,0,0.09965777517340707,S3-27_percent
21,3,Andy Grammer,0.095,8,0,0.1000644224169546,S3-27_percent
21,3,Gary Busey,0.082,9,0,0.09557863192330698,S3-27_percent
21,3,Paula Deen,0.066,10,0,0.0990150648602375,S3-27_percent
21,4,Bindi Irwin,0.119,1,0,0.10286523179014236,S3-27_percent
21,4,Hayes Grier,0.114,2,0,0.09932380590809724,S3-27_percent
21,4,Nick Carter,0.114,2,0,0.10286522185306873,S3-27_percent
21,4,Tamar Braxton,0.114,2,0,0.0999724731900209,S3-27_percent
21,4,Carlos PenaVega,0.106,5,0,0.10273620427983546,S3-27_percent
21,4,Alek Skarlatos,0.102,6,0,0.10299801086091948,S3-27_percent
21,4,Andy Grammer,0.097,7,0,0.10013795207110857,S3-27_percent
21,4,Alexa PenaVega,0.089,8,0,0.09996666230946315,S3-27_percent
21,4,Paula Deen,0.076,9,0,0.0980350707546909,S3-27_percent
21,4,Gary Busey,0.068,10,1,0.09109936698265325,S3-27_percent
21,5,Alexa PenaVega,0.133,1,0,0.10907804714170684,S3-27_percent
21,5,Carlos PenaVega,0.13,2,0,0.11459672495300476,S3-27_percent
21,5,Bindi Irwin,0.123,3,0,0.11485264232842517,S3-27_percent
21,5,Andy Grammer,0.12,4,0,0.10942053632782527,S3-27_percent
21,5,Nick Carter,0.116,5,0,0.11485262102641043,S3-27_percent
21,5,Hayes Grier,0.1,6,0,0.10779075420342057,S3-27_percent
21,5,Alek Skarlatos,0.096,7,0,0.11511602123284134,S3-27_percent
21,5,Tamar Braxton,0.096,7,0,0.10908962469746326,S3-27_percent
21,5,Paula Deen,0.086,9,0,0.10520302808890242,S3-27_percent
21,6,Andy Grammer,0.128,1,0,0.10783993892574933,S3-27_percent
21,6,Bindi Irwin,0.128,1,0,0.11839938845976414,S3-27_percent
21,6,Tamar Braxton,0.128,1,0,0.10719217247849477,S3-27_percent
21,6,Nick Carter,0.125,4,0,0.11839939176671338,S3-27_percent
21,6,Carlos PenaVega,0.121,5,0,0.11790509866381198,S3-27_percent
21,6,Hayes Grier,0.102,6,0,0.10464419555553679,S3-27_percent
21,6,Alek Skarlatos,0.096,7,0,0.118907894929554,S3-27_percent
21,6,Alexa PenaVega,0.096,7,0,0.10716949472376322,S3-27_percent
21,6,Paula Deen,0.077,9,1,0.09954242449661237,S3-27_percent
21,7,Bindi Irwin,0.131,1,0,0.13628075355086763,S3-27_percent
21,7,Andy Grammer,0.127,2,0,0.11592322176844956,S3-27_percent
21,7,Carlos PenaVega,0.127,2,0,0.1353388867486286,S3-27_percent
21,7,Hayes Grier,0.127,2,1,0.10965734060562997,S3-27_percent
21,7,Alexa PenaVega,0.124,5,0,0.11461298746392645,S3-27_percent
21,7,Nick Carter,0.122,6,0,0.13628078972145835,S3-27_percent
21,7,Tamar Braxton,0.122,6,0,0.11465734060562997,S3-27_percent
21,7,Alek Skarlatos,0.12,8,0,0.13724867953540953,S3-27_percent
21,8,Nick Carter,0.17,1,0,0.1599573506075349,S3-27_percent
21,8,Carlos PenaVega,0.149,2,0,0.15822107349102715,S3-27_percent
21,8,Bindi Irwin,0.144,3,0,0.1599573117496665,S3-27_percent
21,8,Tamar Braxton,0.144,3,0,0.11921966344394028,S3-27_percent
21,8,Alexa PenaVega,0.139,5,0,0.11919390530358652,S3-27_percent
21,8,Alek Skarlatos,0.129,6,0,0.1617385013438445,S3-27_percent
21,8,Andy Grammer,0.124,7,1,0.12171219406040015,S3-27_percent
21,9,Alexa PenaVega,0.182,1,1,0.11694042716623627,S3-27_percent
21,9,Bindi Irwin,0.182,1,0,0.19150735711468597,S3-27_percent
21,9,Nick Carter,0.167,3,0,0.19150734230140903,S3-27_percent
21,9,Carlos PenaVega,0.164,4,0,0.1884309934434533,S3-27_percent
21,9,Alek Skarlatos,0.155,5,0,0.19465545475355633,S3-27_percent
21,9,Tamar Braxton,0.149,6,1,0.11695842522065913,S3-27_percent
21,10,Bindi Irwin,0.266,1,0,0.24997401306938208,S3-27_percent
21,10,Carlos PenaVega,0.266,1,0,0.24474775704977364,S3-27_percent
21,10,Alek Skarlatos,0.241,3,0,0.2553042573008187,S3-27_percent
21,10,Nick Carter,0.228,4,0,0.24997397258002557,S3-27_percent
21,11,Bindi Irwin,0.254,1,0,0.24996629441520282,S3-27_percent
21,11,Carlos PenaVega,0.254,1,1,0.2415336868049186,S3-27_percent
21,11,Nick Carter,0.254,1,0,0.24996633197495993,S3-27_percent
21,11,Alek Skarlatos,0.237,4,0,0.2585336868049186,S3-27_percent
22,1,Ginger Zee,0.097,1,0,0.08471712040323408,S3-27_percent
22,1,Nyle DiMarco,0.097,1,0,0.08471697235165428,S3-27_percent
22,1,Wanya Morris,0.097,1,0,0.08408455150311074,S3-27_percent
22,1,Antonio Brown,0.089,4,0,0.08395478902690899,S3-27_percent
22,1,Marla Maples,0.089,4,0,0.08203942245661286,S3-27_percent
22,1,Paige VanZant,0.089,4,0,0.08471702070883949,S3-27_percent
22,1,Von Miller,0.089,4,0,0.08358278582218313,S3-27_percent
22,1,Jodie Sweetin,0.084,8,0,0.08376781246287215,S3-27_percent
22,1,Kim Fields,0.084,8,0,0.08358281020604838,S3-27_percent
22,1,Mischa Barton,0.068,10,0,0.08144473754663124,S3-27_percent
22,1,Doug Flutie,0.063,11,0,0.08403145493806896,S3-27_percent
22,1,Geraldo Rivera,0.055,12,0,0.07936052257383563,S3-27_percent
22,2,Paige VanZant,0.102,1,0,0.0855491262729773,S3-27_percent
22,2,Wanya Morris,0.102,1,0,0.08454193920880453,S3-27_percent
22,2,Ginger Zee,0.089,3,0,0.08554923394601542,S3-27_percent
22,2,Jodie Sweetin,0.089,3,0,0.08403654888858238,S3-27_percent
22,2,Doug Flutie,0.085,5,0,0.08445731236694666,S3-27_percent
22,2,Marla Maples,0.085,5,0,0.08126575644321292,S3-27_percent
22,2,Nyle DiMarco,0.085,5,0,0.08554908453132339,S3-27_percent
22,2,Von Miller,0.085,5,0,0.08374094075676407,S3-27_percent
22,2,Antonio Brown,0.081,9,0,0.08433500126744434,S3-27_percent
22,2,Kim Fields,0.081,9,0,0.08374097225168654,S3-27_percent
22,2,Mischa Barton,0.064,11,0,0.0803072336555563,S3-27_percent
22,2,Geraldo Rivera,0.055,12,1,0.07692685041068617,S3-27_percent
22,3,Nyle DiMarco,0.105,1,0,0.09412668265755496,S3-27_percent
22,3,Wanya Morris,0.101,2,0,0.0921526242817186,S3-27_percent
22,3,Jodie Sweetin,0.097,3,0,0.0911588423081285,S3-27_percent
22,3,Paige VanZant,0.097,3,0,0.09412671069157222,S3-27_percent
22,3,Kim Fields,0.093,5,0,0.09057647958405582,S3-27_percent
22,3,Ginger Zee,0.089,6,0,0.09412681698156594,S3-27_percent
22,3,Marla Maples,0.089,6,0,0.08566932133087586,S3-27_percent
22,3,Antonio Brown,0.084,8,0,0.0917460184750826,S3-27_percent
22,3,Doug Flutie,0.084,8,0,0.09198644240120048,S3-27_percent
22,3,Von Miller,0.084,8,0,0.09057644208564686,S3-27_percent
22,3,Mischa Barton,0.076,11,1,0.0837536192025981,S3-27_percent
22,4,Ginger Zee,0.113,1,0,0.1050961862311096,S3-27_percent
22,4,Paige VanZant,0.113,1,0,0.10509609044614496,S3-27_percent
22,4,Antonio Brown,0.11,3,0,0.10026794047443875,S3-27_percent
22,4,Wanya Morris,0.11,3,0,0.10109526816060302,S3-27_percent
22,4,Nyle DiMarco,0.107,5,0,0.10509607530701633,S3-27_percent
22,4,Kim Fields,0.1,6,0,0.09788137547448182,S3-27_percent
22,4,Von Miller,0.1,6,0,0.09788135049857084,S3-27_percent
22,4,Marla Maples,0.088,8,1,0.08775735124574353,S3-27_percent
22,4,Jodie Sweetin,0.085,9,0,0.09907101091614767,S3-27_percent
22,4,Doug Flutie,0.075,10,0,0.10075735124574353,S3-27_percent
22,5,Nyle DiMarco,0.134,1,0,0.11901372963919335,S3-27_percent
22,5,Jodie Sweetin,0.127,2,0,0.10697952660841871,S3-27_percent
22,5,Ginger Zee,0.116,3,0,0.11901381259476405,S3-27_percent
22,5,Paige VanZant,0.112,4,0,0.11901373380503286,S3-27_percent
22,5,Wanya Morris,0.109,5,0,0.11104554846515473,S3-27_percent
22,5,Von Miller,0.105,6,0,0.10457855870185656,S3-27_percent
22,5,Doug Flutie,0.101,7,0,0.1063898765381091,S3-27_percent
22,5,Kim Fields,0.101,7,0,0.10457855981169949,S3-27_percent
22,5,Antonio Brown,0.094,9,0,0.10938665383577115,S3-27_percent
22,6,Wanya Morris,0.128,1,0,0.11128550669053339,S3-27_percent
22,6,Paige VanZant,0.123,2,0,0.1266859975227515,S3-27_percent
22,6,Antonio Brown,0.119,3,0,0.10804247977680304,S3-27_percent
22,6,Jodie Sweetin,0.11,4,0,0.10331260034789656,S3-27_percent
22,6,Nyle DiMarco,0.11,4,0,0.12668599898473876,S3-27_percent
22,6,Ginger Zee,0.106,6,0,0.1266860544483539,S3-27_percent
22,6,Kim Fields,0.106,6,0,0.09856535286084697,S3-27_percent
22,6,Von Miller,0.106,6,0,0.09856537084251046,S3-27_percent
22,6,Doug Flutie,0.093,9,1,0.10017063852556539,S3-27_percent
22,7,Nyle DiMarco,0.131,1,0,0.15231927849687688,S3-27_percent
22,7,Ginger Zee,0.129,2,0,0.15231930162782298,S3-27_percent
22,7,Paige VanZant,0.129,2,0,0.1523192947143995,S3-27_percent
22,7,Wanya Morris,0.129,2,0,0.12300586237991461,S3-27_percent
22,7,Antonio Brown,0.121,5,0,0.11669998625228853,S3-27_percent
22,7,Kim Fields,0.121,5,1,0.09796357436860315,S3-27_percent
22,7,Von Miller,0.121,5,1,0.09796361577228764,S3-27_percent
22,7,Jodie Sweetin,0.119,8,0,0.10740908638780662,S3-27_percent
22,8,Ginger Zee,0.178,1,0,0.2006234878058218,S3-27_percent
22,8,Jodie Sweetin,0.178,1,1,0.11670981930280329,S3-27_percent
22,8,Nyle DiMarco,0.172,3,0,0.2006234991748947,S3-27_percent
22,8,Paige VanZant,0.166,4,0,0.20062355511087385,S3-27_percent
22,8,Antonio Brown,0.16,5,0,0.1347098193028032,S3-27_percent
22,8,Wanya Morris,0.148,6,0,0.1467098193028032,S3-27_percent
22,9,Wanya Morris,0.209,1,1,0.13508981449464688,S3-27_percent
22,9,Paige VanZant,0.206,2,0,0.24616674783907203,S3-27_percent
22,9,Nyle DiMarco,0.199,3,0,0.24616663488180937,S3-27_percent
22,9,Ginger Zee,0.195,4,0,0.24616661438400908,S3-27_percent
22,9,Antonio Brown,0.192,5,1,0.1264101884004625,S3-27_percent
22,10,Paige VanZant,0.341,1,0,0.3333334455398636,S3-27_percent
22,10,Nyle DiMarco,0.333,2,0,0.3333332919288492,S3-27_percent
22,10,Ginger Zee,0.326,3,0,0.3333332625312873,S3-27_percent
23,1,James Hinchcliffe,0.094,1,0,0.07794094555548738,S3-27_percent
23,1,Laurie Hernandez,0.094,1,0,0.07794020588825457,S3-27_percent
23,1,Jana Kramer,0.082,3,0,0.07794098471278427,S3-27_percent
23,1,Marilu Henner,0.082,3,0,0.07774552576934171,S3-27_percent
23,1,Babyface,0.079,5,0,0.07557969379157871,S3-27_percent
23,1,Calvin Johnson Jr.,0.079,5,0,0.07794081471292821,S3-27_percent
23,1,Terra Jole,0.076,7,0,0.07776868420949076,S3-27_percent
23,1,Vanilla Ice,0.076,7,0,0.07565778183149903,S3-27_percent
23,1,Amber Rose,0.073,9,0,0.07734800746801657,S3-27_percent
23,1,Ryan Lochte,0.073,9,0,0.0776038197538602,S3-27_percent
23,1,Jake T. Austin,0.067,11,0,0.07270891794849191,S3-27_percent
23,1,Maureen McCormick,0.067,11,0,0.07752556123771925,S3-27_percent
23,1,Rick Perry,0.061,13,0,0.07629905712054744,S3-27_percent
23,2,Laurie Hernandez,0.091,1,0,0.07860691682203746,S3-27_percent
23,2,Terra Jole,0.088,2,0,0.07832472790295829,S3-27_percent
23,2,Babyface,0.085,3,0,0.07470814362350597,S3-27_percent
23,2,James Hinchcliffe,0.082,4,0,0.07860728624046204,S3-27_percent
23,2,Jana Kramer,0.082,4,0,0.07860733634744807,S3-27_percent
23,2,Calvin Johnson Jr.,0.08,6,0,0.07860732678449542,S3-27_percent
23,2,Marilu Henner,0.077,7,0,0.07828663596335339,S3-27_percent
23,2,Maureen McCormick,0.074,8,0,0.07792498951074091,S3-27_percent
23,2,Vanilla Ice,0.074,8,0,0.07483786950081953,S3-27_percent
23,2,Amber Rose,0.068,10,0,0.07763278862747185,S3-27_percent
23,2,Jake T. Austin,0.068,10,1,0.06990114542352538,S3-27_percent
23,2,Ryan Lochte,0.068,10,0,0.0780536878296564,S3-27_percent
23,2,Rick Perry,0.062,13,0,0.07590114542352537,S3-27_percent
23,3,Calvin Johnson Jr.,0.098,1,0,0.08575996496402832,S3-27_percent
23,3,Laurie Hernandez,0.095,2,0,0.08575986973662053,S3-27_percent
23,3,Terra Jole,0.092,3,0,0.08518688194571163,S3-27_percent
23,3,James Hinchcliffe,0.089,4,0,0.08575969643715327,S3-27_percent
23,3,Marilu Henner,0.086,5,0,0.08510957913797859,S3-27_percent
23,3,Maureen McCormick,0.086,5,0,0.08437469834800015,S3-27_percent
23,3,Jana Kramer,0.08,7,0,0.08575974252415637,S3-27_percent
23,3,Amber Rose,0.077,8,0,0.08378002815728136,S3-27_percent
23,3,Babyface,0.077,8,0,0.07777898770530155,S3-27_percent
23,3,Ryan Lochte,0.077,8,0,0.08463633733478115,S3-27_percent
23,3,Rick Perry,0.071,11,1,0.0780471068544935,S3-27_percent
23,3,Vanilla Ice,0.071,11,0,0.07804710685449354,S3-27_percent
23,4,Laurie Hernandez,0.115,1,0,0.09506365056476766,S3-27_percent
23,4,James Hinchcliffe,0.107,2,0,0.09506305760443758,S3-27_percent
23,4,Terra Jole,0.096,3,0,0.0938648269071797,S3-27_percent
23,4,Amber Rose,0.092,4,0,0.09091040909619273,S3-27_percent
23,4,Maureen McCormick,0.092,4,0,0.09216110901645591,S3-27_percent
23,4,Calvin Johnson Jr.,0.088,6,0,0.09506346532561441,S3-27_percent
23,4,Jana Kramer,0.088,6,0,0.09506302538807494,S3-27_percent
23,4,Vanilla Ice,0.088,6,1,0.07828027843070805,S3-27_percent
23,4,Ryan Lochte,0.084,9,0,0.09271054760868547,S3-27_percent
23,4,Marilu Henner,0.08,10,0,0.09370289666390018,S3-27_percent
23,4,Babyface,0.069,11,1,0.07811673339398341,S3-27_percent
23,5,James Hinchcliffe,0.126,1,0,0.11384572988500326,S3-27_percent
23,5,Marilu Henner,0.117,2,0,0.1110547228396441,S3-27_percent
23,5,Terra Jole,0.117,2,0,0.11138763728622776,S3-27_percent
23,5,Jana Kramer,0.113,4,0,0.11384561502375597,S3-27_percent
23,5,Laurie Hernandez,0.109,5,0,0.11384636922788609,S3-27_percent
23,5,Amber Rose,0.104,6,0,0.10528655063277384,S3-27_percent
23,5,Calvin Johnson Jr.,0.104,6,0,0.11384607436972803,S3-27_percent
23,5,Maureen McCormick,0.104,6,0,0.10787643661288525,S3-27_percent
23,5,Ryan Lochte,0.104,6,0,0.10901086412209564,S3-27_percent
23,6,Jana Kramer,0.131,1,0,0.11648471455841733,S3-27_percent
23,6,James Hinchcliffe,0.125,2,0,0.11648479434987946,S3-27_percent
23,6,Calvin Johnson Jr.,0.121,3,0,0.11648488103826662,S3-27_percent
23,6,Laurie Hernandez,0.121,3,0,0.11648504928284342,S3-27_percent
23,6,Marilu Henner,0.111,5,0,0.11102170840434386,S3-27_percent
23,6,Maureen McCormick,0.102,6,0,0.10475504109894919,S3-27_percent
23,6,Ryan Lochte,0.098,7,0,0.10699753763574342,S3-27_percent
23,6,Terra Jole,0.098,7,0,0.11167529752981199,S3-27_percent
23,6,Amber Rose,0.092,9,1,0.09961097610174471,S3-27_percent
23,7,Calvin Johnson Jr.,0.134,1,0,0.13262368645897527,S3-27_percent
23,7,James Hinchcliffe,0.134,1,0,0.13262385619715228,S3-27_percent
23,7,Jana Kramer,0.125,3,0,0.13262400401612554,S3-27_percent
23,7,Laurie Hernandez,0.125,3,0,0.13262357420837417,S3-27_percent
23,7,Terra Jole,0.125,3,0,0.1233546904698127,S3-27_percent
23,7,Maureen McCormick,0.12,6,1,0.10982683603556782,S3-27_percent
23,7,Ryan Lochte,0.12,6,0,0.11423642635412568,S3-27_percent
23,7,Marilu Henner,0.116,8,0,0.12208692625986658,S3-27_percent
23,8,James Hinchcliffe,0.174,1,0,0.1531216459080006,S3-27_percent
23,8,Laurie Hernandez,0.164,2,0,0.153121030646186,S3-27_percent
23,8,Calvin Johnson Jr.,0.149,3,0,0.15312130906416144,S3-27_percent
23,8,Jana Kramer,0.149,3,0,0.15312210264966866,S3-27_percent
23,8,Ryan Lochte,0.129,5,1,0.11837180672477919,S3-27_percent
23,8,Terra Jole,0.119,6,0,0.13577029828242496,S3-27_percent
23,8,Marilu Henner,0.114,7,0,0.1333718067247792,S3-27_percent
23,9,Jana Kramer,0.176,1,0,0.1785246827715796,S3-27_percent
23,9,Laurie Hernandez,0.176,1,0,0.17852347617446238,S3-27_percent
23,9,Terra Jole,0.167,3,0,0.1470772506807203,S3-27_percent
23,9,Calvin Johnson Jr.,0.163,4,0,0.17852367005135567,S3-27_percent
23,9,James Hinchcliffe,0.159,5,0,0.178524045084282,S3-27_percent
23,9,Marilu Henner,0.159,5,1,0.1388268752376,S3-27_percent
23,10,Laurie Hernandez,0.205,1,0,0.21104587477324074,S3-27_percent
23,10,Terra Jole,0.205,1,1,0.15581563902568946,S3-27_percent
23,10,James Hinchcliffe,0.201,3,0,0.2110460760728437,S3-27_percent
23,10,Jana Kramer,0.198,4,0,0.2110466945222963,S3-27_percent
23,10,Calvin Johnson Jr.,0.191,5,0,0.21104571560592988,S3-27_percent
23,11,Laurie Hernandez,0.258,1,0,0.25000006731243596,S3-27_percent
23,11,James Hinchcliffe,0.256,2,0,0.249999922817477,S3-27_percent
23,11,Calvin Johnson Jr.,0.252,3,0,0.24999958082611923,S3-27_percent
23,11,Jana Kramer,0.233,4,1,0.25000042904396785,S3-27_percent
24,1,Simone Biles,0.106,1,0,0.08420133006267745,S3-27_percent
24,1,Rashad Jennings,0.103,2,0,0.0848991811756205,S3-27_percent
24,1,David Ross,0.093,3,0,0.0848993263234821,S3-27_percent
24,1,Heather Morris,0.093,3,0,0.08302267438596374,S3-27_percent
24,1,Nancy Kerrigan,0.093,3,0,0.08351364308000357,S3-27_percent
24,1,Normani,0.089,6,0,0.08489946281611235,S3-27_percent
24,1,Erika Jayne,0.079,7,0,0.08317909857751861,S3-27_percent
24,1,Nick Viall,0.079,7,0,0.08398451767136374,S3-27_percent
24,1,Bonner Bolton,0.073,9,0,0.08404910071083467,S3-27_percent
24,1,Charo,0.07,10,0,0.0814440379375038,S3-27_percent
24,1,Mr. T,0.066,11,0,0.08254750939943338,S3-27_percent
24,1,Chris Kattan,0.056,12,0,0.07936011785948605,S3-27_percent
24,2,Normani,0.098,1,0,0.0858392723557042,S3-27_percent
24,2,Rashad Jennings,0.098,1,0,0.08583898277895298,S3-27_percent
24,2,Heather Morris,0.091,3,0,0.08284470945472218,S3-27_percent
24,2,Simone Biles,0.088,4,0,0.08472837908015908,S3-27_percent
24,2,Bonner Bolton,0.085,5,0,0.08448553358427224,S3-27_percent
24,2,Erika Jayne,0.085,5,0,0.08309548746542715,S3-27_percent
24,2,Nancy Kerrigan,0.085,5,0,0.08363063793694929,S3-27_percent
24,2,David Ross,0.082,8,0,0.0858391473791347,S3-27_percent
24,2,Charo,0.076,9,0,0.08030625262187314,S3-27_percent
24,2,Nick Viall,0.076,9,0,0.0843825848941685,S3-27_percent
24,2,Chris Kattan,0.067,11,1,0.07692636462991004,S3-27_percent
24,2,Mr. T,0.067,11,0,0.08208264781872643,S3-27_percent
24,3,Normani,0.108,1,0,0.09469410474105583,S3-27_percent
24,3,Heather Morris,0.105,2,0,0.08880639850902605,S3-27_percent
24,3,Nancy Kerrigan,0.105,2,0,0.0903595668557571,S3-27_percent
24,3,Simone Biles,0.102,4,0,0.09251944976477408,S3-27_percent
24,3,David Ross,0.098,5,0,0.09469414718857898,S3-27_percent
24,3,Rashad Jennings,0.089,6,0,0.09469388363135711,S3-27_percent
24,3,Erika Jayne,0.083,7,0,0.08930274596598756,S3-27_percent
24,3,Nick Viall,0.083,7,0,0.09183990421606063,S3-27_percent
24,3,Bonner Bolton,0.076,9,0,0.09204234444607294,S3-27_percent
24,3,Charo,0.076,9,1,0.08375222799306344,S3-27_percent
24,3,Mr. T,0.076,9,0,0.08729522668826631,S3-27_percent
24,4,Rashad Jennings,0.12,1,0,0.10624234211683929,S3-27_percent
24,4,Simone Biles,0.11,2,0,0.10184241349613136,S3-27_percent
24,4,Heather Morris,0.107,3,0,0.0942519778360361,S3-27_percent
24,4,Nancy Kerrigan,0.101,4,0,0.09743929968415632,S3-27_percent
24,4,Bonner Bolton,0.098,5,0,0.10087251022881485,S3-27_percent
24,4,Normani,0.098,5,0,0.10624241968243776,S3-27_percent
24,4,David Ross,0.095,7,0,0.10624250289126089,S3-27_percent
24,4,Erika Jayne,0.092,8,0,0.09527252297045069,S3-27_percent
24,4,Nick Viall,0.092,8,0,0.10046047392485397,S3-27_percent
24,4,Mr. T,0.086,10,1,0.09113353716901879,S3-27_percent
24,5,Normani,0.128,1,0,0.12162258980847042,S3-27_percent
24,5,Simone Biles,0.125,2,0,0.11288234264827679,S3-27_percent
24,5,Nancy Kerrigan,0.118,3,0,0.10402649709688212,S3-27_percent
24,5,Heather Morris,0.112,4,0,0.09754194317614391,S3-27_percent
24,5,Nick Viall,0.112,4,0,0.11011505267146343,S3-27_percent
24,5,Erika Jayne,0.105,6,1,0.09962502208620828,S3-27_percent
24,5,Rashad Jennings,0.105,6,0,0.12162267828899753,S3-27_percent
24,5,Bonner Bolton,0.099,8,0,0.11094114961428952,S3-27_percent
24,5,David Ross,0.095,9,0,0.121622724609268,S3-27_percent
24,6,Heather Morris,0.138,1,1,0.09542290425079938,S3-27_percent
24,6,Normani,0.134,2,0,0.14262590588855675,S3-27_percent
24,6,Rashad Jennings,0.13,3,0,0.14262613077874067,S3-27_percent
24,6,Simone Biles,0.128,4,0,0.12581641979897865,S3-27_percent
24,6,Nancy Kerrigan,0.125,5,0,0.10842290425079933,S3-27_percent
24,6,Bonner Bolton,0.117,6,0,0.12203684463920166,S3-27_percent
24,6,David Ross,0.115,7,0,0.14262598614212418,S3-27_percent
24,6,Nick Viall,0.113,8,0,0.1204229042507994,S3-27_percent
24,7,Normani,0.166,1,0,0.170145365690304,S3-27_percent
24,7,Rashad Jennings,0.154,2,0,0.17014565443874388,S3-27_percent
24,7,Simone Biles,0.154,2,0,0.13899648588510657,S3-27_percent
24,7,Nancy Kerrigan,0.142,4,1,0.10523990419938682,S3-27_percent
24,7,Nick Viall,0.134,5,1,0.11347368221871104,S3-27_percent
24,7,David Ross,0.126,6,0,0.1701455401299872,S3-27_percent
24,7,Bonner Bolton,0.123,7,0,0.13185336743776044,S3-27_percent
24,8,Normani,0.226,1,0,0.2248683565571285,S3-27_percent
24,8,Rashad Jennings,0.215,2,0,0.22486855057824853,S3-27_percent
24,8,Simone Biles,0.206,3,0,0.169269632909032,S3-27_percent
24,8,David Ross,0.186,4,0,0.22486845587967724,S3-27_percent
24,8,Bonner Bolton,0.166,5,1,0.15612500407591365,S3-27_percent
24,9,Simone Biles,0.264,1,1,0.17931263747420095,S3-27_percent
24,9,Rashad Jennings,0.254,2,0,0.2735624600365724,S3-27_percent
24,9,Normani,0.251,3,0,0.2735624664639787,S3-27_percent
24,9,David Ross,0.231,4,0,0.27356243602524793,S3-27_percent
24,10,Rashad Jennings,0.344,1,0,0.3333332399721189,S3-27_percent
24,10,Normani,0.341,2,0,0.33333350307250914,S3-27_percent
24,10,David Ross,0.315,3,0,0.33333325695537197,S3-27_percent
25,1,Jordan Fisher,0.092,1,0,0.07846485704666593,S3-27_percent
25,1,Lindsey Stirling,0.092,1,0,0.07846540001272548,S3-27_percent
25,1,Vanessa Lachey,0.088,3,0,0.07770689055907432,S3-27_percent
25,1,Nikki Bella,0.084,4,0,0.077706603710659,S3-27_percent
25,1,Frankie Muniz,0.079,5,0,0.07846474012736833,S3-27_percent
25,1,Victoria Arlen,0.079,5,0,0.0781526712106632,S3-27_percent
25,1,Derek Fisher,0.075,7,0,0.07694189369008506,S3-27_percent
25,1,Nick Lachey,0.075,7,0,0.07785049784473526,S3-27_percent
25,1,Sasha Pieterse,0.075,7,0,0.07729490148002692,S3-27_percent
25,1,Debbie Gibson,0.071,10,0,0.071215585295421,S3-27_percent
25,1,Drew Scott,0.067,11,0,0.07846499006107852,S3-27_percent
25,1,Terrell Owens,0.063,12,0,0.07805546426528182,S3-27_percent
25,1,Barbara Corcoran,0.059,13,0,0.07121550469621518,S3-27_percent
25,2,Frankie Muniz,0.088,1,0,0.07948376991549334,S3-27_percent
25,2,Jordan Fisher,0.088,1,0,0.07948425412782113,S3-27_percent
25,2,Vanessa Lachey,0.086,3,0,0.07824050424546548,S3-27_percent
25,2,Lindsey Stirling,0.082,4,0,0.07948442749849571,S3-27_percent
25,2,Sasha Pieterse,0.082,4,0,0.07756295801954617,S3-27_percent
25,2,Victoria Arlen,0.08,6,0,0.0789727207337992,S3-27_percent
25,2,Debbie Gibson,0.075,7,1,0.06738787665562535,S3-27_percent
25,2,Drew Scott,0.075,7,0,0.07948399414362933,S3-27_percent
25,2,Nikki Bella,0.071,9,0,0.07824025750846103,S3-27_percent
25,2,Terrell Owens,0.071,9,0,0.07881335754367093,S3-27_percent
25,2,Derek Fisher,0.069,11,0,0.076981211641439,S3-27_percent
25,2,Nick Lachey,0.069,11,0,0.0784768994522656,S3-27_percent
25,2,Barbara Corcoran,0.062,13,1,0.06738776851428771,S3-27_percent
25,3,Lindsey Stirling,0.111,1,0,0.09258567259557975,S3-27_percent
25,3,Jordan Fisher,0.102,2,0,0.09258572194316418,S3-27_percent
25,3,Drew Scott,0.094,3,0,0.0925852955444527,S3-27_percent
25,3,Vanessa Lachey,0.094,3,0,0.09006744392884426,S3-27_percent
25,3,Victoria Arlen,0.09,5,0,0.09155214661574047,S3-27_percent
25,3,Derek Fisher,0.086,6,0,0.0875030843545085,S3-27_percent
25,3,Frankie Muniz,0.086,6,0,0.09258490853279983,S3-27_percent
25,3,Nick Lachey,0.086,6,0,0.09054822554113827,S3-27_percent
25,3,Nikki Bella,0.086,6,0,0.09006758839076934,S3-27_percent
25,3,Terrell Owens,0.086,6,0,0.09123025713427173,S3-27_percent
25,3,Sasha Pieterse,0.078,11,0,0.08868965541873103,S3-27_percent
25,4,Jordan Fisher,0.107,1,0,0.09435624284537958,S3-27_percent
25,4,Victoria Arlen,0.1,2,0,0.09223974073597484,S3-27_percent
25,4,Lindsey Stirling,0.096,3,0,0.0943562758828834,S3-27_percent
25,4,Drew Scott,0.089,4,0,0.09435630917514319,S3-27_percent
25,4,Frankie Muniz,0.089,4,0,0.09435578161349792,S3-27_percent
25,4,Nikki Bella,0.089,4,0,0.08918549155631324,S3-27_percent
25,4,Sasha Pieterse,0.089,4,0,0.08633616037976011,S3-27_percent
25,4,Terrell Owens,0.089,4,0,0.0915797736228454,S3-27_percent
25,4,Vanessa Lachey,0.089,4,0,0.08918548430592381,S3-27_percent
25,4,Derek Fisher,0.085,10,1,0.08387166626232026,S3-27_percent
25,4,Nick Lachey,0.081,11,0,0.09017707361995816,S3-27_percent
25,5,Jordan Fisher,0.115,1,0,0.10564787727192902,S3-27_percent
25,5,Frankie Muniz,0.111,2,0,0.10564746739123482,S3-27_percent
25,5,Lindsey Stirling,0.107,3,0,0.10564801441584902,S3-27_percent
25,5,Nikki Bella,0.103,4,0,0.09500619296281865,S3-27_percent
25,5,Victoria Arlen,0.103,4,0,0.10131403312711773,S3-27_percent
25,5,Drew Scott,0.096,6,0,0.1056479540410845,S3-27_percent
25,5,Terrell Owens,0.096,6,0,0.09995770813855187,S3-27_percent
25,5,Sasha Pieterse,0.092,8,1,0.08906205928122941,S3-27_percent
25,5,Vanessa Lachey,0.092,8,0,0.09500663408895554,S3-27_percent
25,5,Nick Lachey,0.084,10,0,0.09706205928122941,S3-27_percent
25,6,Lindsey Stirling,0.131,1,0,0.12028431826438815,S3-27_percent
25,6,Jordan Fisher,0.127,2,0,0.12028419265382476,S3-27_percent
25,6,Terrell Owens,0.121,3,0,0.10891219487456569,S3-27_percent
25,6,Nikki Bella,0.118,4,0,0.0988633194549294,S3-27_percent
25,6,Vanessa Lachey,0.118,4,0,0.09886379234801095,S3-27_percent
25,6,Frankie Muniz,0.101,6,0,0.12028408978193028,S3-27_percent
25,6,Victoria Arlen,0.101,6,0,0.11163882335988592,S3-27_percent
25,6,Drew Scott,0.098,8,0,0.1202841691701236,S3-27_percent
25,6,Nick Lachey,0.085,9,1,0.10058510009234117,S3-27_percent
25,7,Frankie Muniz,0.14,1,0,0.14033983149048074,S3-27_percent
25,7,Drew Scott,0.133,2,0,0.14033949420445183,S3-27_percent
25,7,Victoria Arlen,0.133,2,0,0.12365360337558062,S3-27_percent
25,7,Jordan Fisher,0.126,4,0,0.14033942840322147,S3-27_percent
25,7,Vanessa Lachey,0.126,4,1,0.09833419575889202,S3-27_percent
25,7,Lindsey Stirling,0.119,6,0,0.1403396936431858,S3-27_percent
25,7,Terrell Owens,0.114,7,0,0.11832000434507862,S3-27_percent
25,7,Nikki Bella,0.112,8,1,0.09833374877910896,S3-27_percent
25,8,Jordan Fisher,0.192,1,0,0.17870895680513177,S3-27_percent
25,8,Lindsey Stirling,0.173,2,0,0.1787095070389454,S3-27_percent
25,8,Frankie Muniz,0.169,3,0,0.17870987138229463,S3-27_percent
25,8,Terrell Owens,0.163,4,1,0.13750868294133944,S3-27_percent
25,8,Victoria Arlen,0.153,5,0,0.14765357572133642,S3-27_percent
25,8,Drew Scott,0.15,6,0,0.17870940611095243,S3-27_percent
25,9,Jordan Fisher,0.215,1,0,0.21099371697486263,S3-27_percent
25,9,Lindsey Stirling,0.211,2,0,0.21099400729987822,S3-27_percent
25,9,Victoria Arlen,0.207,3,1,0.15602343393179044,S3-27_percent
25,9,Frankie Muniz,0.189,4,0,0.2109947559767015,S3-27_percent
25,9,Drew Scott,0.178,5,0,0.2109940858167673,S3-27_percent
25,10,Jordan Fisher,0.256,1,0,0.24999965202738778,S3-27_percent
25,10,Lindsey Stirling,0.256,1,0,0.24999977719641142,S3-27_percent
25,10,Frankie Muniz,0.249,3,0,0.2500007689138163,S3-27_percent
25,10,Drew Scott,0.24,4,1,0.24999980186238455,S3-27_percent
26,1,Adam Rippon,0.114,1,0,0.1423690651848988,S3-27_percent
26,1,Josh Norman,0.114,1,0,0.14236916503505911,S3-27_percent
26,1,Mirai Nagasu,0.11,3,0,0.08653903157505093,S3-27_percent
26,1,Tonya Harding,0.11,3,0,0.14236896499420415,S3-27_percent
26,1,Chris Mazdzer,0.1,5,0,0.08653894529240207,S3-27_percent
26,1,Jennie Finch Daigle,0.1,5,0,0.08938411547677863,S3-27_percent
26,1,Arike Ogunbowale,0.095,7,0,0.08119095350398987,S3-27_percent
26,1,Jamie Anderson,0.09,8,1,0.07221973147075211,S3-27_percent
26,1,Johnny Damon,0.086,9,1,0.07222006314717398,S3-27_percent
26,1,Kareem Abdul-Jabbar,0.081,10,0,0.08479996431969052,S3-27_percent
26,2,Adam Rippon,0.138,1,0,0.1763045351930262,S3-27_percent
26,2,Mirai Nagasu,0.138,1,0,0.09558305792485003,S3-27_percent
26,2,Arike Ogunbowale,0.131,3,1,0.08704556550106214,S3-27_percent
26,2,Chris Mazdzer,0.123,4,0,0.09558299057592513,S3-27_percent
26,2,Tonya Harding,0.123,4,0,0.176304590662314,S3-27_percent
26,2,Jennie Finch Daigle,0.118,6,0,0.10004556550106217,S3-27_percent
26,2,Josh Norman,0.118,6,0,0.1763045614850499,S3-27_percent
26,2,Kareem Abdul-Jabbar,0.11,8,1,0.09282913315671053,S3-27_percent
26,3,Adam Rippon,0.194,1,0,0.2342837835085355,S3-27_percent
26,3,Josh Norman,0.18,2,0,0.23428336439798556,S3-27_percent
26,3,Mirai Nagasu,0.166,3,1,0.09805973664531784,S3-27_percent
26,3,Tonya Harding,0.166,3,0,0.2342833479334067,S3-27_percent
26,3,Chris Mazdzer,0.156,5,1,0.09805964537975402,S3-27_percent
26,3,Jennie Finch Daigle,0.137,6,1,0.10103012213500039,S3-27_percent
26,4,Adam Rippon,0.339,1,0,0.33333370102057747,S3-27_percent
26,4,Josh Norman,0.333,2,0,0.33333298492752816,S3-27_percent
26,4,Tonya Harding,0.327,3,0,0.3333333140518944,S3-27_percent
27,1,DeMarcus Ware,0.09,1,0,0.07787002163811503,S3-27_percent
27,1,Tinashe,0.09,1,0,0.0739558751856662,S3-27_percent
27,1,Alexis Ren,0.086,3,0,0.07885284687826422,S3-27_percent
27,1,Juan Pablo Di Pace,0.086,3,0,0.0780549614502096,S3-27_percent
27,1,Bobby Bones,0.078,5,0,0.07885270160723522,S3-27_percent
27,1,Mary Lou Retton,0.078,5,0,0.07738472427804093,S3-27_percent
27,1,Milo Manheim,0.078,5,0,0.07885252771792817,S3-27_percent
27,1,Nancy McKeon,0.076,8,0,0.07575661555267514,S3-27_percent
27,1,Danelle Umstead,0.071,9,0,0.07377710954663859,S3-27_percent
27,1,Evanna Lynch,0.071,9,0,0.07885260575393079,S3-27_percent
27,1,John Schneider,0.071,9,0,0.07819828572818965,S3-27_percent
27,1,Nikki Glaser,0.069,12,1,0.06779586233155324,S3-27_percent
27,1,Joe Amabile,0.055,13,0,0.0817958623315532,S3-27_percent
27,2,Juan Pablo Di Pace,0.096,1,0,0.08404989242131948,S3-27_percent
27,2,Milo Manheim,0.096,1,0,0.08535593862612342,S3-27_percent
27,2,Tinashe,0.096,1,0,0.07725365022689705,S3-27_percent
27,2,Alexis Ren,0.091,4,0,0.08535612948457186,S3-27_percent
27,2,Evanna Lynch,0.089,5,0,0.08535606649522072,S3-27_percent
27,2,DeMarcus Ware,0.087,6,0,0.08374646748177904,S3-27_percent
27,2,Mary Lou Retton,0.085,7,0,0.08294851384263978,S3-27_percent
27,2,John Schneider,0.079,8,0,0.0842851157288036,S3-27_percent
27,2,Nancy McKeon,0.076,9,0,0.08025733678045673,S3-27_percent
27,2,Bobby Bones,0.072,10,0,0.08535603101403247,S3-27_percent
27,2,Danelle Umstead,0.068,11,1,0.07695383954437314,S3-27_percent
27,2,Joe Amabile,0.065,12,0,0.08908101835378268,S3-27_percent
27,3,Juan Pablo Di Pace,0.111,1,0,0.09127827648811511,S3-27_percent
27,3,Evanna Lynch,0.1,2,0,0.09386402417172927,S3-27_percent
27,3,Milo Manheim,0.1,2,0,0.09386398224249813,S3-27_percent
27,3,Tinashe,0.1,2,0,0.07756915749821632,S3-27_percent
27,3,Alexis Ren,0.096,5,0,0.09386393712744184,S3-27_percent
27,3,DeMarcus Ware,0.096,5,0,0.0906756317070181,S3-27_percent
27,3,Mary Lou Retton,0.089,7,0,0.08908623960817035,S3-27_percent
27,3,Bobby Bones,0.085,8,0,0.09386389792515541,S3-27_percent
27,3,Nancy McKeon,0.081,9,1,0.08368300839628148,S3-27_percent
27,3,John Schneider,0.077,10,0,0.0917452974026169,S3-27_percent
27,3,Joe Amabile,0.066,11,0,0.10050654743275707,S3-27_percent
27,4,Milo Manheim,0.125,1,0,0.10468674483221357,S3-27_percent
27,4,Mary Lou Retton,0.112,2,0,0.09492662389007064,S3-27_percent
27,4,Tinashe,0.112,2,1,0.0706657362484901,S3-27_percent
27,4,Alexis Ren,0.108,4,0,0.10468653151434887,S3-27_percent
27,4,Evanna Lynch,0.103,5,0,0.10468667085669246,S3-27_percent
27,4,Juan Pablo Di Pace,0.103,5,0,0.09942481285010492,S3-27_percent
27,4,DeMarcus Ware,0.095,7,0,0.09819178582456695,S3-27_percent
27,4,John Schneider,0.091,8,0,0.10037882851410293,S3-27_percent
27,4,Bobby Bones,0.086,9,0,0.1046865292209195,S3-27_percent
27,4,Joe Amabile,0.065,10,0,0.1176657362484901,S3-27_percent
27,5,Alexis Ren,0.131,1,0,0.1168656366935146,S3-27_percent
27,5,Juan Pablo Di Pace,0.131,1,0,0.10634926466128201,S3-27_percent
27,5,Milo Manheim,0.122,3,0,0.11686600350977788,S3-27_percent
27,5,DeMarcus Ware,0.117,4,0,0.10386204521421254,S3-27_percent
27,5,Mary Lou Retton,0.113,5,0,0.09723007290308801,S3-27_percent
27,5,Evanna Lynch,0.108,6,0,0.11686579379364356,S3-27_percent
27,5,John Schneider,0.108,6,0,0.1082679144946489,S3-27_percent
27,5,Bobby Bones,0.095,8,0,0.11686563479476361,S3-27_percent
27,5,Joe Amabile,0.077,9,0,0.11682763393506891,S3-27_percent
27,6,Juan Pablo Di Pace,0.131,1,0,0.10333451733656393,S3-27_percent
27,6,Milo Manheim,0.131,1,0,0.12382095246246777,S3-27_percent
27,6,Evanna Lynch,0.127,3,0,0.12382069293935101,S3-27_percent
27,6,Alexis Ren,0.118,4,0,0.12382057127937482,S3-27_percent
27,6,DeMarcus Ware,0.114,5,0,0.09840992798596142,S3-27_percent
27,6,Mary Lou Retton,0.105,6,1,0.08511190991321554,S3-27_percent
27,6,Bobby Bones,0.096,7,0,0.1238205533343849,S3-27_percent
27,6,Joe Amabile,0.096,7,0,0.11074896483546498,S3-27_percent
27,6,John Schneider,0.083,9,0,0.10711190991321565,S3-27_percent
27,7,Evanna Lynch,0.136,1,0,0.1460210739164162,S3-27_percent
27,7,Milo Manheim,0.133,2,0,0.1460213450989131,S3-27_percent
27,7,Juan Pablo Di Pace,0.129,3,0,0.10652216653171342,S3-27_percent
27,7,Alexis Ren,0.126,4,0,0.14602109753352746,S3-27_percent
27,7,John Schneider,0.124,5,1,0.09833734413160912,S3-27_percent
27,7,Bobby Bones,0.122,6,0,0.14602096528550793,S3-27_percent
27,7,DeMarcus Ware,0.122,6,1,0.0967186633707037,S3-27_percent
27,7,Joe Amabile,0.108,8,0,0.11433734413160909,S3-27_percent
27,8,Juan Pablo Di Pace,0.186,1,1,0.11622854780850182,S3-27_percent
27,8,Alexis Ren,0.18,2,0,0.19051026491987572,S3-27_percent
27,8,Evanna Lynch,0.18,2,0,0.19051000262465914,S3-27_percent
27,8,Milo Manheim,0.171,4,0,0.19051013119572013,S3-27_percent
27,8,Joe Amabile,0.143,5,1,0.12173104831645788,S3-27_percent
27,8,Bobby Bones,0.14,6,0,0.19051000513478525,S3-27_percent
27,9,Evanna Lynch,0.26,1,0,0.24999988734135928,S3-27_percent
27,9,Milo Manheim,0.26,1,0,0.24999986793450568,S3-27_percent
27,9,Alexis Ren,0.247,3,0,0.25000032094948205,S3-27_percent
27,9,Bobby Bones,0.234,4,0,0.24999992377465305,S3-27_percent
28,1,James Van Der Beek,0.107,1,0,0.08251133323226284,S28+_bottom2
28,1,Hannah Brown,0.102,2,0,0.08868367550479483,S28+_bottom2
28,1,Lauren Alaina,0.096,3,0,0.08393888974675481,S28+_bottom2
28,1,Sailor Brinkley-Cook,0.091,4,0,0.080857300627889,S28+_bottom2
28,1,Karamo Brown,0.086,5,0,0.08588219487217025,S28+_bottom2
28,1,Mary Wilson,0.086,5,0,0.07379976261462624,S28+_bottom2
28,1,Ally Brooke,0.081,7,0,0.08588210207991877,S28+_bottom2
28,1,Kel Mitchell,0.081,7,0,0.08393895549013654,S28+_bottom2
28,1,Kate Flannery,0.076,9,0,0.08251290290476793,S28+_bottom2
28,1,Ray Lewis,0.076,9,0,0.0738001609600516,S28+_bottom2
28,1,Sean Spicer,0.061,11,0,0.09070157006647765,S28+_bottom2
28,1,Lamar Odom,0.056,12,0,0.08749115953494295,S28+_bottom2
28,2,Hannah Brown,0.11,1,0,0.09189032775097819,S28+_bottom2
28,2,Kate Flannery,0.096,2,0,0.0821094921904501,S28+_bottom2
28,2,Ally Brooke,0.091,3,0,0.08748308088474416,S28+_bottom2
28,2,James Van Der Beek,0.091,3,0,0.08210910470505844,S28+_bottom2
28,2,Kel Mitchell,0.091,3,0,0.08439517184690777,S28+_bottom2
28,2,Karamo Brown,0.087,6,0,0.08748516611118347,S28+_bottom2
28,2,Lauren Alaina,0.087,6,0,0.08439580281026166,S28+_bottom2
28,2,Sailor Brinkley-Cook,0.082,8,0,0.07944057775112306,S28+_bottom2
28,2,Sean Spicer,0.073,9,0,0.09503082003793789,S28+_bottom2
28,2,Mary Wilson,0.068,10,1,0.06781974425046403,S28+_bottom2
28,2,Ray Lewis,0.068,10,1,0.06781974417836881,S28+_bottom2
28,2,Lamar Odom,0.055,12,0,0.09002097739267971,S28+_bottom2
28,3,Ally Brooke,0.121,1,0,0.10310331051905498,S28+_bottom2
28,3,Kate Flannery,0.121,1,0,0.09253166580711437,S28+_bottom2
28,3,James Van Der Beek,0.116,3,0,0.0925325524612835,S28+_bottom2
28,3,Sailor Brinkley-Cook,0.116,3,0,0.08718861449874347,S28+_bottom2
28,3,Hannah Brown,0.106,5,0,0.11158681664343344,S28+_bottom2
28,3,Kel Mitchell,0.101,6,0,0.09705894818685791,S28+_bottom2
28,3,Lauren Alaina,0.101,6,0,0.09706028550195314,S28+_bottom2
28,3,Karamo Brown,0.081,8,0,0.10310397965857926,S28+_bottom2
28,3,Sean Spicer,0.076,9,0,0.11753875798277286,S28+_bottom2
28,3,Lamar Odom,0.061,10,0,0.09829507390883012,S28+_bottom2
28,4,Ally Brooke,0.113,1,0,0.10687090652010436,S28+_bottom2
28,4,Hannah Brown,0.113,1,0,0.12338743008936154,S28+_bottom2
28,4,Kel Mitchell,0.113,1,0,0.09484951820844281,S28+_bottom2
28,4,Lauren Alaina,0.113,1,0,0.09485027340992155,S28+_bottom2
28,4,Sailor Brinkley-Cook,0.11,5,0,0.07469946308300902,S28+_bottom2
28,4,James Van Der Beek,0.099,6,0,0.08569674381277238,S28+_bottom2
28,4,Karamo Brown,0.099,6,0,0.10687086094851976,S28+_bottom2
28,4,Kate Flannery,0.092,8,0,0.08569484652803845,S28+_bottom2
28,4,Sean Spicer,0.074,9,0,0.1347493909351737,S28+_bottom2
28,4,Lamar Odom,0.071,10,1,0.09233057386932957,S28+_bottom2
28,5,Ally Brooke,0.126,1,0,0.12391661204034894,S28+_bottom2
28,5,James Van Der Beek,0.121,2,0,0.08109673620651137,S28+_bottom2
28,5,Kel Mitchell,0.121,2,0,0.09995557769315867,S28+_bottom2
28,5,Hannah Brown,0.116,4,0,0.15565036584391045,S28+_bottom2
28,5,Kate Flannery,0.112,5,0,0.08109650370608706,S28+_bottom2
28,5,Sailor Brinkley-Cook,0.112,5,0,0.05758237158118628,S28+_bottom2
28,5,Lauren Alaina,0.107,7,0,0.09995481758923978,S28+_bottom2
28,5,Karamo Brown,0.098,8,0,0.12391744943369008,S28+_bottom2
28,5,Sean Spicer,0.088,9,0,0.17682957302738328,S28+_bottom2
28,6,James Van Der Beek,0.118,1,0,0.05315430578322541,S28+_bottom2
28,6,Kate Flannery,0.118,1,0,0.053155362906496174,S28+_bottom2
28,6,Sailor Brinkley-Cook,0.118,1,1,4.202110882459544e-14,S28+_bottom2
28,6,Kel Mitchell,0.114,4,0,0.09217108479433125,S28+_bottom2
28,6,Lauren Alaina,0.114,4,0,0.09217106567364595,S28+_bottom2
28,6,Ally Brooke,0.11,6,0,0.13881808633931095,S28+_bottom2
28,6,Karamo Brown,0.11,6,0,0.13881808605538862,S28+_bottom2
28,6,Hannah Brown,0.105,8,0,0.19716678140289257,S28+_bottom2
28,6,Sean Spicer,0.092,9,0,0.23454522985565388,S28+_bottom2
28,7,Ally Brooke,0.134,1,0,0.13650451793006507,S28+_bottom2
28,7,James Van Der Beek,0.134,1,0,0.0865839743401846,S28+_bottom2
28,7,Lauren Alaina,0.134,1,0,0.1127114812528901,S28+_bottom2
28,7,Hannah Brown,0.129,4,0,0.16996090155512303,S28+_bottom2
28,7,Kel Mitchell,0.126,5,0,0.11153487118826275,S28+_bottom2
28,7,Karamo Brown,0.121,6,1,0.08371761965901801,S28+_bottom2
28,7,Kate Flannery,0.119,7,0,0.1128556771996498,S28+_bottom2
28,7,Sean Spicer,0.104,8,0,0.18613096340681554,S28+_bottom2
28,8,James Van Der Beek,0.166,1,0,0.11331544695226362,S28+_bottom2
28,8,Hannah Brown,0.161,2,0,0.1725940012738979,S28+_bottom2
28,8,Ally Brooke,0.155,3,0,0.15267249655233855,S28+_bottom2
28,8,Kel Mitchell,0.155,4,0,0.13822836288803786,S28+_bottom2
28,8,Kate Flannery,0.135,5,1,0.11007271094368416,S28+_bottom2
28,8,Lauren Alaina,0.124,6,0,0.1411678964851979,S28+_bottom2
28,8,Sean Spicer,0.104,7,0,0.1719490887697812,S28+_bottom2
28,9,Ally Brooke,0.192,1,0,0.17687058319305135,S28+_bottom2
28,9,Kel Mitchell,0.177,2,0,0.16772846703121516,S28+_bottom2
28,9,James Van Der Beek,0.173,3,0,0.1324971570184449,S28+_bottom2
28,9,Hannah Brown,0.17,4,0,0.18968238971662366,S28+_bottom2
28,9,Lauren Alaina,0.168,5,0,0.16957865085095247,S28+_bottom2
28,9,Sean Spicer,0.12,6,1,0.16364275939966347,S28+_bottom2
28,10,Ally Brooke,0.215,1,0,0.21326567656499937,S28+_bottom2
28,10,Kel Mitchell,0.207,2,0,0.20676576513626446,S28+_bottom2
28,10,Hannah Brown,0.196,3,0,0.22246091188205383,S28+_bottom2
28,10,Lauren Alaina,0.196,3,0,0.20807693815813078,S28+_bottom2
28,10,James Van Der Beek,0.185,5,1,0.14943071111839212,S28+_bottom2
28,11,Ally Brooke,0.256,1,0,0.2505085589456753,S28+_bottom2
28,11,Kel Mitchell,0.252,2,0,0.24510225334502603,S28+_bottom2
28,11,Hannah Brown,0.248,3,0,0.2581980637680062,S28+_bottom2
28,11,Lauren Alaina,0.244,4,0,0.24619112529732848,S28+_bottom2
29,1,Justina Machado,0.081,1,0,0.06708232143396145,S28+_bottom2
29,1,Skai Jackson,0.081,1,0,0.06713842092344527,S28+_bottom2
29,1,Kaitlyn Bristowe,0.077,3,0,0.06708233754204355,S28+_bottom2
29,1,Nev Schulman,0.077,3,0,0.06708234451436207,S28+_bottom2
29,1,Monica Aldama,0.073,5,0,0.06678310874573759,S28+_bottom2
29,1,AJ McLean,0.069,6,0,0.06696555609657945,S28+_bottom2
29,1,Anne Heche,0.069,6,0,0.0663535127984691,S28+_bottom2
29,1,Jeannie Mai,0.069,6,0,0.06678310368008028,S28+_bottom2
29,1,Jesse Metcalfe,0.069,6,0,0.06663282002275663,S28+_bottom2
29,1,Johnny Weir,0.069,6,0,0.06695940499575131,S28+_bottom2
29,1,Veron Davis,0.065,11,0,0.06668201251875343,S28+_bottom2
29,1,Nelly,0.062,12,0,0.06723458491563983,S28+_bottom2
29,1,Chrishell Stause,0.05,13,0,0.06673803986812969,S28+_bottom2
29,1,Charles Oakley,0.046,14,0,0.06467384439982089,S28+_bottom2
29,1,Carole Baskin,0.042,15,0,0.06580858754446954,S28+_bottom2
29,2,Kaitlyn Bristowe,0.081,1,0,0.06739542817532294,S28+_bottom2
29,2,Justina Machado,0.077,2,0,0.06739541040777357,S28+_bottom2
29,2,Nev Schulman,0.077,2,0,0.06739543707635674,S28+_bottom2
29,2,Jesse Metcalfe,0.073,4,0,0.0666097351266449,S28+_bottom2
29,2,AJ McLean,0.07,5,0,0.06719153582785908,S28+_bottom2
29,2,Anne Heche,0.066,6,0,0.06612040444958665,S28+_bottom2
29,2,Chrishell Stause,0.066,6,0,0.06679385271177028,S28+_bottom2
29,2,Jeannie Mai,0.066,6,0,0.06687266813110779,S28+_bottom2
29,2,Johnny Weir,0.066,6,0,0.0671807948091357,S28+_bottom2
29,2,Nelly,0.066,6,0,0.06766102642445516,S28+_bottom2
29,2,Veron Davis,0.066,6,0,0.06669582297008322,S28+_bottom2
29,2,Carole Baskin,0.059,12,0,0.0651631613446111,S28+_bottom2
29,2,Monica Aldama,0.059,12,0,0.06687267080811493,S28+_bottom2
29,2,Charles Oakley,0.055,14,1,0.06315874403254151,S28+_bottom2
29,2,Skai Jackson,0.055,14,0,0.06749330770463635,S28+_bottom2
29,3,Johnny Weir,0.085,1,0,0.072004096587843,S28+_bottom2
29,3,Nev Schulman,0.085,1,0,0.07246991905264004,S28+_bottom2
29,3,Kaitlyn Bristowe,0.082,3,0,0.07246991229357057,S28+_bottom2
29,3,Chrishell Stause,0.078,4,0,0.07116275876434187,S28+_bottom2
29,3,Jeannie Mai,0.078,4,0,0.07133428764340194,S28+_bottom2
29,3,Veron Davis,0.078,4,0,0.07094929754504925,S28+_bottom2
29,3,AJ McLean,0.075,7,0,0.07202741540697964,S28+_bottom2
29,3,Monica Aldama,0.075,7,0,0.07133429231959776,S28+_bottom2
29,3,Jesse Metcalfe,0.071,9,0,0.07076173508037267,S28+_bottom2
29,3,Justina Machado,0.068,10,0,0.07246990382381695,S28+_bottom2
29,3,Nelly,0.064,11,0,0.0730455167850105,S28+_bottom2
29,3,Skai Jackson,0.064,11,0,0.07268216285433317,S28+_bottom2
29,3,Anne Heche,0.053,13,0,0.06969370569939835,S28+_bottom2
29,3,Carole Baskin,0.043,14,1,0.06759499614364434,S28+_bottom2
29,4,Skai Jackson,0.093,1,0,0.07906728182127566,S28+_bottom2
29,4,Kaitlyn Bristowe,0.083,2,0,0.07859443301938802,S28+_bottom2
29,4,AJ McLean,0.08,3,0,0.07760709931617513,S28+_bottom2
29,4,Johnny Weir,0.08,3,0,0.07755501913615198,S28+_bottom2
29,4,Justina Machado,0.08,3,0,0.07859443694248859,S28+_bottom2
29,4,Monica Aldama,0.08,3,0,0.07605623450526343,S28+_bottom2
29,4,Nev Schulman,0.08,3,0,0.07859443444696171,S28+_bottom2
29,4,Chrishell Stause,0.073,8,0,0.07567160571086257,S28+_bottom2
29,4,Veron Davis,0.073,8,0,0.07519251618198552,S28+_bottom2
29,4,Anne Heche,0.07,10,1,0.07236397351370223,S28+_bottom2
29,4,Jeannie Mai,0.07,10,0,0.07605622975820822,S28+_bottom2
29,4,Jesse Metcalfe,0.07,10,0,0.0747711260719803,S28+_bottom2
29,4,Nelly,0.07,10,0,0.0798756095755566,S28+_bottom2
29,5,Johnny Weir,0.101,1,0,0.08389962498169724,S28+_bottom2
29,5,Kaitlyn Bristowe,0.094,2,0,0.08617831019238635,S28+_bottom2
29,5,Monica Aldama,0.091,3,0,0.08059612854108554,S28+_bottom2
29,5,Nev Schulman,0.091,3,0,0.08617830157558987,S28+_bottom2
29,5,AJ McLean,0.084,5,0,0.08401403208205933,S28+_bottom2
29,5,Jeannie Mai,0.084,5,0,0.0805961267459883,S28+_bottom2
29,5,Justina Machado,0.084,5,0,0.08617832215847178,S28+_bottom2
29,5,Nelly,0.084,5,0,0.08897353544914369,S28+_bottom2
29,5,Skai Jackson,0.084,5,0,0.08721166350428172,S28+_bottom2
29,5,Veron Davis,0.073,10,0,0.07868262825073542,S28+_bottom2
29,5,Chrishell Stause,0.066,11,0,0.07974491040964775,S28+_bottom2
29,5,Jesse Metcalfe,0.066,11,1,0.07774641610891284,S28+_bottom2
29,6,AJ McLean,0.101,1,0,0.0913222481513704,S28+_bottom2
29,6,Justina Machado,0.101,1,0,0.09593523161649796,S28+_bottom2
29,6,Kaitlyn Bristowe,0.101,1,0,0.09593521044623014,S28+_bottom2
29,6,Monica Aldama,0.101,1,0,0.08396064136816808,S28+_bottom2
29,6,Nev Schulman,0.097,5,0,0.09593519357027928,S28+_bottom2
29,6,Jeannie Mai,0.093,6,0,0.08396064131249112,S28+_bottom2
29,6,Chrishell Stause,0.09,7,0,0.08211195910277246,S28+_bottom2
29,6,Nelly,0.09,7,0,0.10184050791578603,S28+_bottom2
29,6,Johnny Weir,0.082,9,0,0.09107737243717313,S28+_bottom2
29,6,Veron Davis,0.078,10,1,0.07979595528782252,S28+_bottom2
29,6,Skai Jackson,0.067,11,0,0.09812503879140885,S28+_bottom2
29,7,Nev Schulman,0.115,1,0,0.10873285003670932,S28+_bottom2
29,7,Johnny Weir,0.104,2,0,0.09868947948111209,S28+_bottom2
29,7,Nelly,0.104,2,0,0.12074464980868779,S28+_bottom2
29,7,Skai Jackson,0.104,2,0,0.10809214244214235,S28+_bottom2
29,7,AJ McLean,0.1,5,0,0.0991995004700272,S28+_bottom2
29,7,Chrishell Stause,0.1,5,0,0.0797168916413586,S28+_bottom2
29,7,Justina Machado,0.1,5,0,0.10873289002910586,S28+_bottom2
29,7,Jeannie Mai,0.096,8,1,0.08367936510584709,S28+_bottom2
29,7,Kaitlyn Bristowe,0.092,9,0,0.10873286906836127,S28+_bottom2
29,7,Monica Aldama,0.085,10,1,0.08367936191664845,S28+_bottom2
29,8,Johnny Weir,0.135,1,0,0.11483217492885511,S28+_bottom2
29,8,Nev Schulman,0.135,1,0,0.13490688708871096,S28+_bottom2
29,8,Justina Machado,0.131,3,0,0.13490691203136151,S28+_bottom2
29,8,Kaitlyn Bristowe,0.126,4,0,0.13490690081576817,S28+_bottom2
29,8,AJ McLean,0.122,5,0,0.11586507852272872,S28+_bottom2
29,8,Chrishell Stause,0.122,5,1,0.0751775725827627,S28+_bottom2
29,8,Skai Jackson,0.122,7,0,0.13114011206028606,S28+_bottom2
29,8,Nelly,0.108,8,0,0.15826436196952673,S28+_bottom2
29,9,Johnny Weir,0.155,1,0,0.11641239638819942,S28+_bottom2
29,9,Kaitlyn Bristowe,0.155,1,0,0.15614251601681872,S28+_bottom2
29,9,Nev Schulman,0.15,3,0,0.15614251690699774,S28+_bottom2
29,9,Skai Jackson,0.15,3,0,0.12589749535031727,S28+_bottom2
29,9,Justina Machado,0.135,5,0,0.15614251991865374,S28+_bottom2
29,9,AJ McLean,0.13,6,1,0.11850172679541421,S28+_bottom2
29,9,Nelly,0.124,7,0,0.1707608286235989,S28+_bottom2
29,10,Kaitlyn Bristowe,0.172,1,0,0.1885335716662762,S28+_bottom2
29,10,Nev Schulman,0.172,1,0,0.18853358347908475,S28+_bottom2
29,10,Justina Machado,0.167,3,0,0.188533566481218,S28+_bottom2
29,10,Johnny Weir,0.164,4,1,0.11446654995138814,S28+_bottom2
29,10,Skai Jackson,0.164,4,1,0.12104526013679917,S28+_bottom2
29,10,Nelly,0.161,6,0,0.1988874682852337,S28+_bottom2
29,11,Justina Machado,0.253,1,0,0.24783987607960284,S28+_bottom2
29,11,Kaitlyn Bristowe,0.253,1,0,0.2478398794984058,S28+_bottom2
29,11,Nev Schulman,0.253,1,0,0.24783990897402122,S28+_bottom2
29,11,Nelly,0.241,4,0,0.25648033544797016,S28+_bottom2
30,1,JoJo Siwa,0.079,1,0,0.25112673852062434,S28+_bottom2
30,1,Amanda Kloots,0.077,2,0,0.0,S28+_bottom2
30,1,Suni Lee,0.077,2,0,1.6638997633323985e-06,S28+_bottom2
30,1,Melanie C,0.074,4,0,0.08227622028295896,S28+_bottom2
30,1,Kenya Moore,0.071,5,0,0.14123189597679,S28+_bottom2
30,1,Melora Hardin,0.071,5,0,5.379825441260065e-07,S28+_bottom2
30,1,Christine Chiu,0.068,7,0,8.370324576951824e-06,S28+_bottom2
30,1,Olivia Jade,0.068,7,0,0.024584084880532295,S28+_bottom2
30,1,Brian Austin Green,0.066,9,0,0.2744582101233705,S28+_bottom2
30,1,Cody Rigsby,0.066,9,0,0.015812383372192894,S28+_bottom2
30,1,Matt James,0.066,9,0,0.0,S28+_bottom2
30,1,"Mike ""The Miz"" Mizanin",0.066,9,0,7.91294073225299e-11,S28+_bottom2
30,1,Jimmie Allen,0.06,13,0,2.788433407312319e-06,S28+_bottom2
30,1,Iman Shumpert,0.057,14,0,1.8146862959716086e-11,S28+_bottom2
30,1,Martin Kove,0.036,15,0,0.21050885496400254,S28+_bottom2
30,2,Amanda Kloots,0.083,1,0,0.0,S28+_bottom2
30,2,JoJo Siwa,0.081,2,0,0.30268918808179396,S28+_bottom2
30,2,Melanie C,0.078,3,0,6.59811232029483e-07,S28+_bottom2
30,2,Suni Lee,0.073,4,0,0.026864592685782247,S28+_bottom2
30,2,Jimmie Allen,0.07,5,0,2.7357507272326297e-07,S28+_bottom2
30,2,Melora Hardin,0.07,5,0,0.010558777805186978,S28+_bottom2
30,2,Olivia Jade,0.07,5,0,2.169710353938644e-06,S28+_bottom2
30,2,"Mike ""The Miz"" Mizanin",0.068,8,0,0.3197085697827682,S28+_bottom2
30,2,Iman Shumpert,0.065,9,0,0.09257676526787366,S28+_bottom2
30,2,Christine Chiu,0.062,10,0,0.10359280704189637,S28+_bottom2
30,2,Cody Rigsby,0.062,10,0,0.14400836456275656,S28+_bottom2
30,2,Kenya Moore,0.062,10,0,3.353009203798433e-11,S28+_bottom2
30,2,Brian Austin Green,0.06,13,0,2.6039851929343147e-06,S28+_bottom2
30,2,Matt James,0.057,14,0,0.0,S28+_bottom2
30,2,Martin Kove,0.039,15,1,1.7299010349203853e-08,S28+_bottom2
30,3,Amanda Kloots,0.081,1,0,0.4055320108279347,S28+_bottom2
30,3,JoJo Siwa,0.081,1,0,8.869747369996899e-07,S28+_bottom2
30,3,Olivia Jade,0.081,1,0,1.984415707474718e-06,S28+_bottom2
30,3,Melora Hardin,0.077,4,0,4.2711715404656206e-07,S28+_bottom2
30,3,Melanie C,0.074,5,0,4.4053920993719115e-11,S28+_bottom2
30,3,"Mike ""The Miz"" Mizanin",0.074,5,0,1.431896042384835e-06,S28+_bottom2
30,3,Christine Chiu,0.07,7,1,0.0,S28+_bottom2
30,3,Kenya Moore,0.07,7,0,1.4859612648450777e-06,S28+_bottom2
30,3,Suni Lee,0.07,7,0,0.10585770908033978,S28+_bottom2
30,3,Jimmie Allen,0.067,10,0,0.26032283218192026,S28+_bottom2
30,3,Matt James,0.067,10,0,0.04161333790934094,S28+_bottom2
30,3,Brian Austin Green,0.064,12,0,0.05677451003102607,S28+_bottom2
30,3,Iman Shumpert,0.064,12,0,0.057448578791691865,S28+_bottom2
30,3,Cody Rigsby,0.06,14,0,0.07244899455672796,S28+_bottom2
30,4,Melora Hardin,0.088,1,0,0.23804217507056616,S28+_bottom2
30,4,JoJo Siwa,0.084,2,0,3.040685339461911e-11,S28+_bottom2
30,4,Olivia Jade,0.084,2,0,0.05345303152919932,S28+_bottom2
30,4,Amanda Kloots,0.082,4,0,4.267385821894041e-06,S28+_bottom2
30,4,Suni Lee,0.082,4,0,0.0,S28+_bottom2
30,4,Melanie C,0.079,6,0,1.4764555559038248e-06,S28+_bottom2
30,4,Jimmie Allen,0.078,7,0,0.3017767311700792,S28+_bottom2
30,4,"Mike ""The Miz"" Mizanin",0.078,7,0,4.296843547972965e-11,S28+_bottom2
30,4,Iman Shumpert,0.076,9,0,0.2523404883106703,S28+_bottom2
30,4,Kenya Moore,0.071,10,0,8.030916148678723e-06,S28+_bottom2
30,4,Cody Rigsby,0.07,11,0,1.0923265027252579e-11,S28+_bottom2
30,4,Matt James,0.068,12,1,0.06784195283107318,S28+_bottom2
30,4,Brian Austin Green,0.062,13,1,0.08654074785412769,S28+_bottom2
30,5,JoJo Siwa,0.104,1,0,0.04996517792933995,S28+_bottom2
30,5,Amanda Kloots,0.101,2,0,0.04960257333055285,S28+_bottom2
30,5,Kenya Moore,0.094,3,0,0.05334471958609998,S28+_bottom2
30,5,Melanie C,0.094,3,1,2.6577325913450238e-06,S28+_bottom2
30,5,Melora Hardin,0.094,3,0,0.05014326253199275,S28+_bottom2
30,5,Olivia Jade,0.094,3,0,0.04999595942810778,S28+_bottom2
30,5,Suni Lee,0.094,3,0,0.048944123369608294,S28+_bottom2
30,5,Jimmie Allen,0.088,8,0,0.12661797796951318,S28+_bottom2
30,5,Cody Rigsby,0.083,9,0,0.1578273074449694,S28+_bottom2
30,5,"Mike ""The Miz"" Mizanin",0.083,9,0,0.1577910633077755,S28+_bottom2
30,5,Iman Shumpert,0.073,11,0,0.25576623437882207,S28+_bottom2
30,6,Iman Shumpert,0.11,1,0,0.0,S28+_bottom2
30,6,JoJo Siwa,0.11,1,0,0.7201545165238645,S28+_bottom2
30,6,Amanda Kloots,0.104,3,0,3.761414059026643e-11,S28+_bottom2
30,6,Jimmie Allen,0.104,3,0,6.637953138990523e-07,S28+_bottom2
30,6,Cody Rigsby,0.099,5,0,0.11487723758960547,S28+_bottom2
30,6,Olivia Jade,0.099,5,0,0.0662053671197653,S28+_bottom2
30,6,Suni Lee,0.099,5,0,0.04757815710566686,S28+_bottom2
30,6,Melora Hardin,0.093,8,0,2.1407729393709565e-06,S28+_bottom2
30,6,"Mike ""The Miz"" Mizanin",0.093,8,0,2.1312173508199314e-11,S28+_bottom2
30,6,Kenya Moore,0.088,10,1,0.051185858376243926,S28+_bottom2
30,7,Olivia Jade,0.128,1,0,2.533677548346199e-07,S28+_bottom2
30,7,JoJo Siwa,0.119,2,0,4.919774360265324e-06,S28+_bottom2
30,7,Jimmie Allen,0.116,3,0,2.2224596519972398e-11,S28+_bottom2
30,7,Melora Hardin,0.116,3,0,0.3526788481033534,S28+_bottom2
30,7,Cody Rigsby,0.11,5,0,0.2637979299170386,S28+_bottom2
30,7,Amanda Kloots,0.104,6,0,6.626813106960005e-06,S28+_bottom2
30,7,Iman Shumpert,0.104,6,0,0.29900495930013704,S28+_bottom2
30,7,Suni Lee,0.104,6,0,0.0,S28+_bottom2
30,7,"Mike ""The Miz"" Mizanin",0.098,9,1,0.08451202234637052,S28+_bottom2
30,8,Amanda Kloots,0.136,1,0,0.00691751685179015,S28+_bottom2
30,8,Melora Hardin,0.136,1,0,0.27924622479486577,S28+_bottom2
30,8,Suni Lee,0.136,1,0,0.06004149975273689,S28+_bottom2
30,8,JoJo Siwa,0.133,4,0,9.418635654661852e-06,S28+_bottom2
30,8,Cody Rigsby,0.123,5,0,0.12298914086926782,S28+_bottom2
30,8,Olivia Jade,0.117,6,1,2.522643681323487e-11,S28+_bottom2
30,8,Iman Shumpert,0.114,7,0,0.530802115394591,S28+_bottom2
30,8,Jimmie Allen,0.104,8,1,3.305912567833081e-11,S28+_bottom2
30,9,JoJo Siwa,0.177,1,0,0.2665386456049482,S28+_bottom2
30,9,Amanda Kloots,0.175,2,0,0.08836238728411491,S28+_bottom2
30,9,Iman Shumpert,0.166,3,0,0.13870626132423858,S28+_bottom2
30,9,Suni Lee,0.166,3,1,0.20510507546172307,S28+_bottom2
30,9,Melora Hardin,0.159,5,1,0.0,S28+_bottom2
30,9,Cody Rigsby,0.157,6,0,0.3012879522886006,S28+_bottom2
30,10,Iman Shumpert,0.255,1,0,5.277396473387152e-11,S28+_bottom2
30,10,JoJo Siwa,0.255,1,0,2.6717820558505483e-06,S28+_bottom2
30,10,Amanda Kloots,0.248,3,0,0.9999981685412436,S28+_bottom2
30,10,Cody Rigsby,0.242,4,0,2.8648572736788632e-06,S28+_bottom2
31,1,Charli D'Amelio,0.084,1,0,0.06231396973284374,S28+_bottom2
31,1,Wayne Brady,0.076,2,0,0.062313986859896774,S28+_bottom2
31,1,Gabby Windey,0.073,3,0,0.06231390329804151,S28+_bottom2
31,1,Selma Blair,0.073,3,0,0.05933135590959447,S28+_bottom2
31,1,Shangela,0.073,3,0,0.062313899520760184,S28+_bottom2
31,1,Daniel Durant,0.071,6,0,0.06705311920793099,S28+_bottom2
31,1,Jordin Sparks,0.068,7,0,0.06417640377382522,S28+_bottom2
31,1,Heidi D'Amelio,0.063,8,0,0.062168533652426215,S28+_bottom2
31,1,Joseph Baena,0.06,9,0,0.06189619770882665,S28+_bottom2
31,1,Cheryl Ladd,0.055,10,0,0.0648142581109646,S28+_bottom2
31,1,Trevor Donovan,0.055,10,0,0.06220025887304627,S28+_bottom2
31,1,Jessie James Decker,0.052,12,0,0.062135004961781246,S28+_bottom2
31,1,Sam Champion,0.052,12,0,0.06230479819271353,S28+_bottom2
31,1,Teresa Giudice,0.052,12,0,0.05744889421596495,S28+_bottom2
31,1,Jason Lewis,0.047,15,1,0.057343076627053576,S28+_bottom2
31,1,Vinny Guadagnino,0.045,16,0,0.0698723393543301,S28+_bottom2
31,2,Charli D'Amelio,0.078,1,0,0.06580655206414705,S28+_bottom2
31,2,Gabby Windey,0.078,1,0,0.06580650902142286,S28+_bottom2
31,2,Wayne Brady,0.078,1,0,0.06580653085568203,S28+_bottom2
31,2,Trevor Donovan,0.073,4,0,0.06560149960450075,S28+_bottom2
31,2,Daniel Durant,0.07,5,0,0.07421118978128725,S28+_bottom2
31,2,Heidi D'Amelio,0.068,6,0,0.06554430026547997,S28+_bottom2
31,2,Selma Blair,0.068,6,0,0.06037125000899994,S28+_bottom2
31,2,Shangela,0.068,6,0,0.06580646113852481,S28+_bottom2
31,2,Jordin Sparks,0.066,9,0,0.06914166545105382,S28+_bottom2
31,2,Vinny Guadagnino,0.066,9,0,0.07842718696942065,S28+_bottom2
31,2,Sam Champion,0.063,11,0,0.06579002673638831,S28+_bottom2
31,2,Jessie James Decker,0.061,12,0,0.06548376960957326,S28+_bottom2
31,2,Joseph Baena,0.058,13,0,0.06505244464575224,S28+_bottom2
31,2,Teresa Giudice,0.056,14,1,0.05687648833206637,S28+_bottom2
31,2,Cheryl Ladd,0.051,15,0,0.07027412551570066,S28+_bottom2
31,3,Charli D'Amelio,0.082,1,0,0.0687549932850737,S28+_bottom2
31,3,Gabby Windey,0.082,1,0,0.06875494885307475,S28+_bottom2
31,3,Wayne Brady,0.082,1,0,0.06875494757865652,S28+_bottom2
31,3,Heidi D'Amelio,0.079,4,0,0.0681758855823285,S28+_bottom2
31,3,Daniel Durant,0.077,5,0,0.08684741759857653,S28+_bottom2
31,3,Shangela,0.074,6,0,0.06875489307964852,S28+_bottom2
31,3,Jordin Sparks,0.072,7,0,0.07603966215470644,S28+_bottom2
31,3,Joseph Baena,0.072,7,0,0.06708716234506873,S28+_bottom2
31,3,Selma Blair,0.069,9,0,0.05654845682700357,S28+_bottom2
31,3,Trevor Donovan,0.067,10,0,0.06830228291019828,S28+_bottom2
31,3,Jessie James Decker,0.065,11,0,0.06804203627861406,S28+_bottom2
31,3,Sam Champion,0.062,12,0,0.06871858904605042,S28+_bottom2
31,3,Cheryl Ladd,0.06,13,1,0.06998971498791191,S28+_bottom2
31,3,Vinny Guadagnino,0.057,14,0,0.09522900947308807,S28+_bottom2
31,4,Charli D'Amelio,0.088,1,0,0.0710978573924921,S28+_bottom2
31,4,Gabby Windey,0.088,1,0,0.07109782122223017,S28+_bottom2
31,4,Wayne Brady,0.088,1,0,0.0710977916039435,S28+_bottom2
31,4,Heidi D'Amelio,0.083,4,0,0.0697790054125351,S28+_bottom2
31,4,Jordin Sparks,0.083,4,0,0.08736743282014063,S28+_bottom2
31,4,Selma Blair,0.078,6,0,0.04234755705301365,S28+_bottom2
31,4,Shangela,0.078,6,0,0.07109776265808748,S28+_bottom2
31,4,Jessie James Decker,0.076,8,0,0.06947361627174908,S28+_bottom2
31,4,Daniel Durant,0.071,9,0,0.11055822840257205,S28+_bottom2
31,4,Vinny Guadagnino,0.071,9,0,0.12771208388210292,S28+_bottom2
31,4,Joseph Baena,0.068,11,0,0.06728849318953611,S28+_bottom2
31,4,Trevor Donovan,0.068,11,0,0.07006725858467606,S28+_bottom2
31,4,Sam Champion,0.061,13,1,0.07101509150692117,S28+_bottom2
31,5,Charli D'Amelio,0.094,1,0,0.07120239878420695,S28+_bottom2
31,5,Gabby Windey,0.091,2,0,0.07120238344455453,S28+_bottom2
31,5,Wayne Brady,0.091,2,0,0.07120236212382745,S28+_bottom2
31,5,Selma Blair,0.089,4,1,1.0387008695014952e-06,S28+_bottom2
31,5,Heidi D'Amelio,0.087,5,0,0.06820770103293418,S28+_bottom2
31,5,Shangela,0.086,6,0,0.07120236552920683,S28+_bottom2
31,5,Jessie James Decker,0.08,7,0,0.06751143024149872,S28+_bottom2
31,5,Trevor Donovan,0.08,7,0,0.06886391367714703,S28+_bottom2
31,5,Jordin Sparks,0.079,9,0,0.10676024211788003,S28+_bottom2
31,5,Joseph Baena,0.078,10,1,0.062498140953155444,S28+_bottom2
31,5,Daniel Durant,0.075,11,0,0.15410504518886767,S28+_bottom2
31,5,Vinny Guadagnino,0.069,12,0,0.18724297820585165,S28+_bottom2
31,6,Charli D'Amelio,0.116,1,0,0.09379102905158752,S28+_bottom2
31,6,Gabby Windey,0.107,2,0,0.09379103000541153,S28+_bottom2
31,6,Heidi D'Amelio,0.104,3,0,0.08309896648302095,S28+_bottom2
31,6,Shangela,0.104,3,0,0.09379102926025026,S28+_bottom2
31,6,Daniel Durant,0.099,5,0,0.12930735268479698,S28+_bottom2
31,6,Jordin Sparks,0.099,5,0,0.10316200366814508,S28+_bottom2
31,6,Trevor Donovan,0.099,5,0,0.08544868495578271,S28+_bottom2
31,6,Wayne Brady,0.099,5,0,0.09379104198757483,S28+_bottom2
31,6,Jessie James Decker,0.093,9,1,0.07769331521631347,S28+_bottom2
31,6,Vinny Guadagnino,0.081,10,0,0.14612554668711672,S28+_bottom2
31,7,Charli D'Amelio,0.12,1,0,0.11561276524409192,S28+_bottom2
31,7,Trevor Donovan,0.12,1,0,0.09660890818180096,S28+_bottom2
31,7,Wayne Brady,0.117,3,0,0.11561279768501223,S28+_bottom2
31,7,Daniel Durant,0.112,4,0,0.11979893037853087,S28+_bottom2
31,7,Shangela,0.112,4,0,0.11561278597629637,S28+_bottom2
31,7,Gabby Windey,0.109,6,0,0.11561277380096906,S28+_bottom2
31,7,Heidi D'Amelio,0.108,7,0,0.09117151912930938,S28+_bottom2
31,7,Jordin Sparks,0.106,8,1,0.10355848696545941,S28+_bottom2
31,7,Vinny Guadagnino,0.097,9,0,0.12641103263852987,S28+_bottom2
31,8,Charli D'Amelio,0.143,1,0,0.14254363304383144,S28+_bottom2
31,8,Wayne Brady,0.143,1,0,0.142543647643381,S28+_bottom2
31,8,Shangela,0.134,3,0,0.14254360398289928,S28+_bottom2
31,8,Gabby Windey,0.127,4,0,0.1425435938214717,S28+_bottom2
31,8,Daniel Durant,0.124,5,0,0.11717797078260095,S28+_bottom2
31,8,Trevor Donovan,0.124,5,0,0.10389936653263104,S28+_bottom2
31,8,Heidi D'Amelio,0.111,7,1,0.09247797657307616,S28+_bottom2
31,8,Vinny Guadagnino,0.092,8,1,0.11627020762010841,S28+_bottom2
31,9,Charli D'Amelio,0.182,1,0,0.18980190876736744,S28+_bottom2
31,9,Gabby Windey,0.182,1,0,0.18980179706492825,S28+_bottom2
31,9,Shangela,0.166,3,0,0.18980181500520105,S28+_bottom2
31,9,Wayne Brady,0.166,3,0,0.1898018614192913,S28+_bottom2
31,9,Daniel Durant,0.157,5,1,0.125086703806798,S28+_bottom2
31,9,Trevor Donovan,0.148,6,1,0.11570591393641402,S28+_bottom2
31,10,Charli D'Amelio,0.256,1,0,0.2500001155572406,S28+_bottom2
31,10,Gabby Windey,0.256,1,0,0.24999992911749094,S28+_bottom2
31,10,Shangela,0.244,3,0,0.24999996029873756,S28+_bottom2
31,10,Wayne Brady,0.244,3,0,0.24999999502653103,S28+_bottom2
32,1,Charity Lawson,0.095,1,0,0.07209144050008692,S28+_bottom2
32,1,Ariana Madix,0.091,2,0,0.07209134331746751,S28+_bottom2
32,1,Jason Mraz,0.091,2,0,0.0721729554567155,S28+_bottom2
32,1,Lele Pons,0.082,4,0,0.07090497800786999,S28+_bottom2
32,1,Adrian Peterson,0.078,5,0,0.06578491935312135,S28+_bottom2
32,1,Xochitl Gomez,0.078,5,0,0.07209137839035397,S28+_bottom2
32,1,Mira Sorvino,0.074,7,0,0.07120258478749307,S28+_bottom2
32,1,Barry Williams,0.069,8,0,0.07593993856584874,S28+_bottom2
32,1,Jamie Lynn Spears,0.065,9,0,0.052676019101677185,S28+_bottom2
32,1,Mauricio Umansky,0.065,9,0,0.09037543007233659,S28+_bottom2
32,1,Alyson Hannigan,0.056,11,0,0.0759398396472943,S28+_bottom2
32,1,Harry Jowsey,0.052,12,0,0.0737587800228988,S28+_bottom2
32,1,Matt Walsh,0.052,12,1,0.0647272508062905,S28+_bottom2
32,1,Tyson Beckford,0.052,12,0,0.07024314197054536,S28+_bottom2
32,2,Jason Mraz,0.101,1,0,0.07761713199831259,S28+_bottom2
32,2,Xochitl Gomez,0.101,1,0,0.07747906439624969,S28+_bottom2
32,2,Charity Lawson,0.088,3,0,0.07747902700516626,S28+_bottom2
32,2,Lele Pons,0.088,3,0,0.07546291467287874,S28+_bottom2
32,2,Ariana Madix,0.084,5,0,0.07747900462211085,S28+_bottom2
32,2,Alyson Hannigan,0.08,6,0,0.08392786712304968,S28+_bottom2
32,2,Mira Sorvino,0.076,7,0,0.07596991998607094,S28+_bottom2
32,2,Tyson Beckford,0.076,7,0,0.0743321712637715,S28+_bottom2
32,2,Jamie Lynn Spears,0.067,9,1,0.04237496770541731,S28+_bottom2
32,2,Adrian Peterson,0.063,10,0,0.06659535091786735,S28+_bottom2
32,2,Barry Williams,0.063,10,0,0.08392793356186666,S28+_bottom2
32,2,Harry Jowsey,0.063,10,0,0.08028968579548296,S28+_bottom2
32,2,Mauricio Umansky,0.05,13,0,0.10706496095175547,S28+_bottom2
32,3,Ariana Madix,0.105,1,0,0.08249889861700356,S28+_bottom2
32,3,Jason Mraz,0.105,1,0,0.08278833459060522,S28+_bottom2
32,3,Charity Lawson,0.099,3,0,0.08249886522188604,S28+_bottom2
32,3,Xochitl Gomez,0.099,3,0,0.08249894636103548,S28+_bottom2
32,3,Lele Pons,0.084,5,0,0.07825092437611406,S28+_bottom2
32,3,Mira Sorvino,0.08,6,0,0.07932324459923888,S28+_bottom2
32,3,Barry Williams,0.077,7,0,0.09581065910483488,S28+_bottom2
32,3,Alyson Hannigan,0.074,8,0,0.0958106415708668,S28+_bottom2
32,3,Harry Jowsey,0.074,8,0,0.08835085030187947,S28+_bottom2
32,3,Mauricio Umansky,0.071,10,0,0.0973005987932849,S28+_bottom2
32,3,Adrian Peterson,0.068,11,0,0.0590187374208124,S28+_bottom2
32,3,Tyson Beckford,0.062,12,1,0.07584929904243837,S28+_bottom2
32,4,Xochitl Gomez,0.112,1,0,0.09020354089244938,S28+_bottom2
32,4,Ariana Madix,0.104,2,0,0.09020350360236437,S28+_bottom2
32,4,Charity Lawson,0.1,3,0,0.09020356456190172,S28+_bottom2
32,4,Jason Mraz,0.1,3,0,0.09081939635661866,S28+_bottom2
32,4,Lele Pons,0.092,5,0,0.08108047811283711,S28+_bottom2
32,4,Adrian Peterson,0.088,6,1,0.03738038398959966,S28+_bottom2
32,4,Harry Jowsey,0.088,6,0,0.10252332440872246,S28+_bottom2
32,4,Mira Sorvino,0.088,6,0,0.08339865868652316,S28+_bottom2
32,4,Mauricio Umansky,0.079,9,0,0.09847196363924417,S28+_bottom2
32,4,Alyson Hannigan,0.075,10,0,0.11785759287486977,S28+_bottom2
32,4,Barry Williams,0.075,10,0,0.1178575928748696,S28+_bottom2
32,5,Charity Lawson,0.117,1,0,0.09731301340577343,S28+_bottom2
32,5,Xochitl Gomez,0.117,1,0,0.09731289986988631,S28+_bottom2
32,5,Jason Mraz,0.112,3,0,0.09865914471611595,S28+_bottom2
32,5,Ariana Madix,0.1,4,0,0.09731289235750844,S28+_bottom2
32,5,Barry Williams,0.1,4,0,0.1195525259604519,S28+_bottom2
32,5,Lele Pons,0.1,4,0,0.07700633544361625,S28+_bottom2
32,5,Mauricio Umansky,0.1,4,0,0.08990180701344945,S28+_bottom2
32,5,Mira Sorvino,0.092,8,1,0.0822328135962389,S28+_bottom2
32,5,Alyson Hannigan,0.088,9,0,0.11701793244667384,S28+_bottom2
32,5,Harry Jowsey,0.075,10,0,0.12369063519028552,S28+_bottom2
32,6,Xochitl Gomez,0.13,1,0,0.10806883270057258,S28+_bottom2
32,6,Ariana Madix,0.127,2,0,0.10806880314251839,S28+_bottom2
32,6,Jason Mraz,0.121,3,0,0.11083899146470946,S28+_bottom2
32,6,Charity Lawson,0.118,4,0,0.10806890652713172,S28+_bottom2
32,6,Lele Pons,0.115,5,0,0.06478608965399905,S28+_bottom2
32,6,Mauricio Umansky,0.102,6,1,0.0809820329727458,S28+_bottom2
32,6,Barry Williams,0.099,7,0,0.13529240319841204,S28+_bottom2
32,6,Alyson Hannigan,0.096,8,0,0.1291403572463875,S28+_bottom2
32,6,Harry Jowsey,0.09,9,0,0.15475358309352358,S28+_bottom2
32,7,Ariana Madix,0.131,1,0,0.11870044666598027,S28+_bottom2
32,7,Xochitl Gomez,0.131,1,0,0.11870047239584014,S28+_bottom2
32,7,Lele Pons,0.129,3,1,0.02581790024898517,S28+_bottom2
32,7,Charity Lawson,0.128,4,0,0.11870043605208713,S28+_bottom2
32,7,Jason Mraz,0.128,4,0,0.12424438918660033,S28+_bottom2
32,7,Alyson Hannigan,0.124,6,0,0.13308813314416457,S28+_bottom2
32,7,Barry Williams,0.115,7,0,0.16291363217932456,S28+_bottom2
32,7,Harry Jowsey,0.113,8,0,0.19783459012701785,S28+_bottom2
32,8,Ariana Madix,0.166,1,0,0.13557815561048822,S28+_bottom2
32,8,Xochitl Gomez,0.158,2,0,0.13557817564201266,S28+_bottom2
32,8,Charity Lawson,0.154,3,0,0.13557814358347983,S28+_bottom2
32,8,Alyson Hannigan,0.142,4,0,0.14362526958204871,S28+_bottom2
32,8,Barry Williams,0.138,5,1,0.11968589727115288,S28+_bottom2
32,8,Jason Mraz,0.13,6,0,0.1494554298843925,S28+_bottom2
32,8,Harry Jowsey,0.111,7,0,0.1804989284264253,S28+_bottom2
32,9,Jason Mraz,0.195,1,0,0.17175359475865326,S28+_bottom2
32,9,Xochitl Gomez,0.186,2,0,0.1631236770103729,S28+_bottom2
32,9,Charity Lawson,0.172,3,0,0.163123784090459,S28+_bottom2
32,9,Ariana Madix,0.167,4,0,0.16312373247504197,S28+_bottom2
32,9,Alyson Hannigan,0.145,5,0,0.16811445925194357,S28+_bottom2
32,9,Harry Jowsey,0.136,6,1,0.1707607524135293,S28+_bottom2
32,10,Xochitl Gomez,0.211,1,0,0.1981196668846348,S28+_bottom2
32,10,Charity Lawson,0.207,2,0,0.19811985046663472,S28+_bottom2
32,10,Ariana Madix,0.204,3,0,0.19811977060646332,S28+_bottom2
32,10,Jason Mraz,0.2,4,0,0.20407979797720946,S28+_bottom2
32,10,Alyson Hannigan,0.179,5,0,0.20156091406505763,S28+_bottom2
32,11,Jason Mraz,0.206,1,0,0.20326723584959192,S28+_bottom2
32,11,Xochitl Gomez,0.206,1,0,0.19849493162390752,S28+_bottom2
32,11,Ariana Madix,0.203,3,0,0.19849510364575204,S28+_bottom2
32,11,Charity Lawson,0.203,3,0,0.19849511354315977,S28+_bottom2
32,11,Alyson Hannigan,0.182,5,0,0.20124761533758861,S28+_bottom2
33,1,Chandler Kinney,0.093,1,0,0.07853438114230743,S28+_bottom2
33,1,Dwight Howard ,0.089,2,0,0.08884085675946803,S28+_bottom2
33,1,Joey Graziadei,0.085,3,0,0.07853439968012026,S28+_bottom2
33,1,Stephen Nedoroscik,0.085,3,0,0.07853438516725332,S28+_bottom2
33,1,Danny Amendola,0.081,5,0,0.07853438834846904,S28+_bottom2
33,1,Jenn Tran,0.077,6,0,0.07610409268463147,S28+_bottom2
33,1,Phaedra Parks,0.077,6,0,0.07725052604537151,S28+_bottom2
33,1,Anna Delvey,0.073,8,0,0.07150750579208795,S28+_bottom2
33,1,Brooks Nader,0.073,8,0,0.06925272767247695,S28+_bottom2
33,1,Ilona Maher,0.073,8,0,0.08097056159249298,S28+_bottom2
33,1,Tori Spelling,0.069,11,0,0.05523402881504652,S28+_bottom2
33,1,Reginald VelJohnson,0.065,12,0,0.08335106956808816,S28+_bottom2
33,1,Eric Roberts,0.061,13,0,0.0833510767321864,S28+_bottom2
33,2,Chandler Kinney,0.093,1,0,0.07986697570215577,S28+_bottom2
33,2,Dwight Howard ,0.085,2,0,0.09633894992077892,S28+_bottom2
33,2,Joey Graziadei,0.085,2,0,0.0798669928415006,S28+_bottom2
33,2,Stephen Nedoroscik,0.085,2,0,0.07986698103793283,S28+_bottom2
33,2,Danny Amendola,0.081,5,0,0.07986698150625725,S28+_bottom2
33,2,Ilona Maher,0.081,5,0,0.08383058342548869,S28+_bottom2
33,2,Phaedra Parks,0.081,5,0,0.07775898042821067,S28+_bottom2
33,2,Brooks Nader,0.078,8,0,0.06429662150465362,S28+_bottom2
33,2,Jenn Tran,0.074,9,0,0.07586495805604701,S28+_bottom2
33,2,Tori Spelling,0.074,9,1,0.03896876270757643,S28+_bottom2
33,2,Anna Delvey,0.066,11,1,0.06815340076379399,S28+_bottom2
33,2,Eric Roberts,0.058,12,0,0.08765990605280194,S28+_bottom2
33,2,Reginald VelJohnson,0.058,12,0,0.08765990605280223,S28+_bottom2
33,3,Joey Graziadei,0.11,1,0,0.09286156956349029,S28+_bottom2
33,3,Chandler Kinney,0.108,2,0,0.09286156220604747,S28+_bottom2
33,3,Jenn Tran,0.097,3,0,0.08459252612869414,S28+_bottom2
33,3,Stephen Nedoroscik,0.097,3,0,0.09286156981504717,S28+_bottom2
33,3,Brooks Nader,0.096,5,0,0.05965210492109662,S28+_bottom2
33,3,Danny Amendola,0.094,6,0,0.09286157550631631,S28+_bottom2
33,3,Ilona Maher,0.088,7,0,0.10089208363483118,S28+_bottom2
33,3,Phaedra Parks,0.088,7,0,0.08852686875310233,S28+_bottom2
33,3,Dwight Howard ,0.082,9,0,0.12531228865880023,S28+_bottom2
33,3,Eric Roberts,0.072,10,1,0.08478893155813419,S28+_bottom2
33,3,Reginald VelJohnson,0.066,11,1,0.08478891925444014,S28+_bottom2
33,4,Danny Amendola,0.122,1,0,0.11327438197912272,S28+_bottom2
33,4,Joey Graziadei,0.122,1,0,0.11327439105428497,S28+_bottom2
33,4,Stephen Nedoroscik,0.112,3,0,0.11327440196391488,S28+_bottom2
33,4,Brooks Nader,0.109,4,1,0.0402968121752673,S28+_bottom2
33,4,Chandler Kinney,0.109,4,0,0.113274383453537,S28+_bottom2
33,4,Ilona Maher,0.109,4,0,0.12951888678892423,S28+_bottom2
33,4,Jenn Tran,0.109,4,0,0.09607512162587606,S28+_bottom2
33,4,Phaedra Parks,0.109,4,0,0.10432281227965687,S28+_bottom2
33,4,Dwight Howard ,0.099,9,0,0.176688808679416,S28+_bottom2
33,5,Chandler Kinney,0.134,1,0,0.1244626548563455,S28+_bottom2
33,5,Ilona Maher,0.129,2,0,0.1596920343593676,S28+_bottom2
33,5,Joey Graziadei,0.129,2,0,0.1244626562779994,S28+_bottom2
33,5,Danny Amendola,0.126,4,0,0.1244626507547152,S28+_bottom2
33,5,Jenn Tran,0.126,4,0,0.08566452397155633,S28+_bottom2
33,5,Dwight Howard ,0.119,6,0,0.15233701676194747,S28+_bottom2
33,5,Phaedra Parks,0.119,6,1,0.10445579730583895,S28+_bottom2
33,5,Stephen Nedoroscik,0.119,6,0,0.12446266571222953,S28+_bottom2
33,6,Chandler Kinney,0.155,1,0,0.14428003514944102,S28+_bottom2
33,6,Joey Graziadei,0.155,1,0,0.14428003168424605,S28+_bottom2
33,6,Dwight Howard ,0.15,3,0,0.14671881886797178,S28+_bottom2
33,6,Jenn Tran,0.15,3,1,0.06520468087870789,S28+_bottom2
33,6,Danny Amendola,0.136,5,0,0.1442800327042112,S28+_bottom2
33,6,Stephen Nedoroscik,0.136,5,0,0.1442800323371737,S28+_bottom2
33,6,Ilona Maher,0.117,7,0,0.21095636837824827,S28+_bottom2
33,7,Chandler Kinney,0.188,1,0,0.1631846378379062,S28+_bottom2
33,7,Joey Graziadei,0.172,2,0,0.16318463733875768,S28+_bottom2
33,7,Stephen Nedoroscik,0.169,3,0,0.16318462667148942,S28+_bottom2
33,7,Ilona Maher,0.162,4,0,0.20551111587533782,S28+_bottom2
33,7,Danny Amendola,0.159,5,0,0.1631846470098797,S28+_bottom2
33,7,Dwight Howard ,0.15,6,1,0.14175033526662925,S28+_bottom2
33,8,Chandler Kinney,0.207,1,0,0.19409848864615287,S28+_bottom2
33,8,Joey Graziadei,0.207,1,0,0.19409849591749234,S28+_bottom2
33,8,Ilona Maher,0.204,3,0,0.22360601462191496,S28+_bottom2
33,8,Danny Amendola,0.193,4,0,0.19409851092815794,S28+_bottom2
33,8,Stephen Nedoroscik,0.189,5,0,0.19409848988628203,S28+_bottom2
33,9,Chandler Kinney,0.206,1,0,0.19524708301136334,S28+_bottom2
33,9,Joey Graziadei,0.203,2,0,0.19524709031883133,S28+_bottom2
33,9,Stephen Nedoroscik,0.203,2,0,0.19524707799544666,S28+_bottom2
33,9,Ilona Maher,0.196,4,0,0.21901163871333165,S28+_bottom2
33,9,Danny Amendola,0.192,5,0,0.1952471099610271,S28+_bottom2
34,1,Robert Irwin,0.091,1,0,0.0718983899329004,S28+_bottom2
34,1,Whitney Leavitt,0.091,1,0,0.07172269061154125,S28+_bottom2
34,1,Hilaria Baldwin,0.085,3,0,0.06390893888521545,S28+_bottom2
34,1,Alix Earle,0.079,4,0,0.07189840429072854,S28+_bottom2
34,1,Lauren Jauregui,0.079,4,0,0.07037302903088746,S28+_bottom2
34,1,Danielle Fishel,0.073,6,0,0.07424855082396696,S28+_bottom2
34,1,Elaine Hendrix,0.073,6,0,0.07189843508301523,S28+_bottom2
34,1,Jen Affleck,0.073,6,0,0.07152971857778523,S28+_bottom2
34,1,Baron Davis,0.061,9,0,0.06511816616780562,S28+_bottom2
34,1,Dylan Efron,0.061,9,0,0.07211188958743762,S28+_bottom2
34,1,Jordan Chiles,0.061,9,0,0.07189837368334431,S28+_bottom2
34,1,Scott Hoying,0.061,9,0,0.07424849989964315,S28+_bottom2
34,1,Andy Richter,0.055,13,0,0.08233962432149797,S28+_bottom2
34,1,Corey Feldman,0.055,13,0,0.06680528910423082,S28+_bottom2
34,2,Jen Affleck,0.079,1,0,0.07168859135736279,S28+_bottom2
34,2,Jordan Chiles,0.079,1,0,0.07231430903165881,S28+_bottom2
34,2,Robert Irwin,0.079,1,0,0.07231433552619873,S28+_bottom2
34,2,Whitney Leavitt,0.079,1,0,0.07201628171280942,S28+_bottom2
34,2,Alix Earle,0.076,5,0,0.07231434841632861,S28+_bottom2
34,2,Elaine Hendrix,0.076,5,0,0.07231438463673344,S28+_bottom2
34,2,Hilaria Baldwin,0.076,5,0,0.05843508165832662,S28+_bottom2
34,2,Lauren Jauregui,0.076,5,0,0.06971665065791725,S28+_bottom2
34,2,Dylan Efron,0.072,9,0,0.07267604727299658,S28+_bottom2
34,2,Danielle Fishel,0.068,10,0,0.07627266437707508,S28+_bottom2
34,2,Baron Davis,0.065,11,1,0.0605815785699233,S28+_bottom2
34,2,Scott Hoying,0.065,11,0,0.07627264809339043,S28+_bottom2
34,2,Andy Richter,0.058,13,0,0.08953546983311968,S28+_bottom2
34,2,Corey Feldman,0.054,14,1,0.06354760885615929,S28+_bottom2
34,3,Jordan Chiles,0.093,1,0,0.08246251651448623,S28+_bottom2
34,3,Whitney Leavitt,0.093,1,0,0.08183514744045234,S28+_bottom2
34,3,Alix Earle,0.089,3,0,0.08246250394006305,S28+_bottom2
34,3,Dylan Efron,0.089,3,0,0.0832224325645504,S28+_bottom2
34,3,Hilaria Baldwin,0.086,5,0,0.05201816848822559,S28+_bottom2
34,3,Robert Irwin,0.086,5,0,0.08246250501328992,S28+_bottom2
34,3,Scott Hoying,0.086,5,0,0.09069946913613794,S28+_bottom2
34,3,Danielle Fishel,0.082,8,0,0.09069945700203147,S28+_bottom2
34,3,Elaine Hendrix,0.082,8,0,0.08246252982089756,S28+_bottom2
34,3,Jen Affleck,0.074,10,0,0.08114417831541273,S28+_bottom2
34,3,Andy Richter,0.07,11,0,0.11357162954373527,S28+_bottom2
34,3,Lauren Jauregui,0.07,11,1,0.07695946222071752,S28+_bottom2
34,4,Whitney Leavitt,0.101,1,0,0.0874826272503964,S28+_bottom2
34,4,Alix Earle,0.097,2,0,0.08882108844805363,S28+_bottom2
34,4,Elaine Hendrix,0.097,2,0,0.08882109814176394,S28+_bottom2
34,4,Jordan Chiles,0.097,2,0,0.08882110238948208,S28+_bottom2
34,4,Dylan Efron,0.093,5,0,0.09043786425596509,S28+_bottom2
34,4,Hilaria Baldwin,0.093,5,1,0.018774159377196308,S28+_bottom2
34,4,Jen Affleck,0.093,5,0,0.08600431115330737,S28+_bottom2
34,4,Robert Irwin,0.089,8,0,0.08882105045035145,S28+_bottom2
34,4,Danielle Fishel,0.085,9,0,0.10609700323704148,S28+_bottom2
34,4,Scott Hoying,0.085,9,0,0.10609700323704052,S28+_bottom2
34,4,Andy Richter,0.073,11,0,0.14982269205940169,S28+_bottom2
34,5,Dylan Efron,0.115,1,0,0.0999620369779296,S28+_bottom2
34,5,Alix Earle,0.112,2,0,0.09617385518170077,S28+_bottom2
34,5,Robert Irwin,0.112,2,0,0.09617376990221609,S28+_bottom2
34,5,Whitney Leavitt,0.105,4,0,0.09302025473690793,S28+_bottom2
34,5,Jordan Chiles,0.102,5,0,0.09617385936353756,S28+_bottom2
34,5,Elaine Hendrix,0.096,6,0,0.09617386213530334,S28+_bottom2
34,5,Scott Hoying,0.096,6,0,0.10076034770532201,S28+_bottom2
34,5,Danielle Fishel,0.093,8,0,0.10256620169550061,S28+_bottom2
34,5,Jen Affleck,0.093,8,0,0.08951851352200159,S28+_bottom2
34,5,Andy Richter,0.077,10,0,0.1294772987795806,S28+_bottom2
34,6,Jordan Chiles,0.115,1,0,0.09993988017242074,S28+_bottom2
34,6,Whitney Leavitt,0.115,1,0,0.09330409190613427,S28+_bottom2
34,6,Danielle Fishel,0.106,3,0,0.0986662096302793,S28+_bottom2
34,6,Elaine Hendrix,0.106,3,0,0.09993983906097642,S28+_bottom2
34,6,Robert Irwin,0.106,3,0,0.09993977881177439,S28+_bottom2
34,6,Alix Earle,0.103,6,0,0.09993983231259772,S28+_bottom2
34,6,Dylan Efron,0.094,7,0,0.10783108253656978,S28+_bottom2
34,6,Jen Affleck,0.094,7,0,0.08586035579169783,S28+_bottom2
34,6,Scott Hoying,0.082,9,1,0.0941663658906736,S28+_bottom2
34,6,Andy Richter,0.079,10,0,0.1204125638868759,S28+_bottom2
34,7,Alix Earle,0.13,1,0,0.11327510271402727,S28+_bottom2
34,7,Whitney Leavitt,0.127,2,0,0.09972195072741909,S28+_bottom2
34,7,Robert Irwin,0.123,3,0,0.11327511956605046,S28+_bottom2
34,7,Dylan Efron,0.114,4,0,0.12906930055774984,S28+_bottom2
34,7,Jordan Chiles,0.114,4,0,0.11327514999048034,S28+_bottom2
34,7,Danielle Fishel,0.105,6,0,0.1036941950922429,S28+_bottom2
34,7,Jen Affleck,0.102,7,1,0.08417918479883524,S28+_bottom2
34,7,Elaine Hendrix,0.096,8,0,0.1132751203425527,S28+_bottom2
34,7,Andy Richter,0.087,9,0,0.13023487621064223,S28+_bottom2
34,8,Whitney Leavitt,0.131,1,0,0.09987756108411683,S28+_bottom2
34,8,Jordan Chiles,0.129,2,0,0.12695334049472656,S28+_bottom2
34,8,Alix Earle,0.128,3,0,0.1269533809650871,S28+_bottom2
34,8,Dylan Efron,0.126,4,0,0.1574296623501545,S28+_bottom2
34,8,Robert Irwin,0.126,4,0,0.126953399178229,S28+_bottom2
34,8,Elaine Hendrix,0.124,6,0,0.12695331592789158,S28+_bottom2
34,8,Danielle Fishel,0.123,7,1,0.10448095441112694,S28+_bottom2
34,8,Andy Richter,0.113,8,0,0.1303983855886675,S28+_bottom2
34,9,Dylan Efron,0.156,1,0,0.20040649421017373,S28+_bottom2
34,9,Robert Irwin,0.156,1,0,0.14440744045219964,S28+_bottom2
34,9,Whitney Leavitt,0.156,1,0,0.09172200510816823,S28+_bottom2
34,9,Alix Earle,0.148,4,0,0.1444074523075076,S28+_bottom2
34,9,Jordan Chiles,0.144,5,0,0.14440738694667205,S28+_bottom2
34,9,Elaine Hendrix,0.133,6,0,0.14440736764113438,S28+_bottom2
34,9,Andy Richter,0.107,7,1,0.13024185333414434,S28+_bottom2
34,10,Robert Irwin,0.172,1,0,0.16718027258428061,S28+_bottom2
34,10,Alix Earle,0.169,2,0,0.1671802541245799,S28+_bottom2
34,10,Whitney Leavitt,0.169,2,1,0.06619144011321357,S28+_bottom2
34,10,Elaine Hendrix,0.166,4,0,0.1671802116250077,S28+_bottom2
34,10,Jordan Chiles,0.166,4,0,0.16718021308998363,S28+_bottom2
34,10,Dylan Efron,0.16,6,0,0.2650876084629346,S28+_bottom2
34,11,Alix Earle,0.203,1,0,0.1840237326053456,S28+_bottom2
34,11,Jordan Chiles,0.201,2,0,0.1840237284963549,S28+_bottom2
34,11,Robert Irwin,0.201,2,0,0.18402382798372724,S28+_bottom2
34,11,Dylan Efron,0.199,4,0,0.2639049533482736,S28+_bottom2
34,11,Elaine Hendrix,0.196,5,0,0.18402375756629868,S28+_bottom2
