season,week,celebrity_name,judge_percent,judge_rank,eliminated_this_week,estimated_fan_vote_share,rule_type,in_pred_bottom2,fan_rank_from_P,final_score_or_metric,final_rank,pred_eliminated_flag
1,1,Joey McIntyre,0.183,1,0,0.1911799090215349,S1-2_rank,0,1.0,2.0,1,0
1,1,John O'Hurley,0.183,1,0,0.1842000998518423,S1-2_rank,0,3.0,4.0,2,0
1,1,Rachel Hunter,0.183,1,0,0.1450250402118539,S1-2_rank,0,5.0,6.0,3,0
1,1,Evander Holyfield,0.165,4,0,0.1782594324535135,S1-2_rank,0,4.0,8.0,4,0
1,1,Trista Sutter,0.165,4,0,0.1171354063022285,S1-2_rank,0,6.0,10.0,6,1
1,1,Kelly Monaco,0.119,6,0,0.1842001121590265,S1-2_rank,0,2.0,8.0,4,0
1,2,John O'Hurley,0.215,1,0,0.189928431293129,S1-2_rank,0,3.0,4.0,1,0
1,2,Rachel Hunter,0.198,2,0,0.1387975391483271,S1-2_rank,0,5.0,7.0,3,0
1,2,Joey McIntyre,0.174,3,0,0.198767843083007,S1-2_rank,0,1.0,4.0,1,0
1,2,Trista Sutter,0.157,4,1,0.1002291295229632,S1-2_rank,0,6.0,10.0,5,1
1,2,Kelly Monaco,0.14,5,0,0.1899284373155447,S1-2_rank,0,2.0,7.0,3,0
1,2,Evander Holyfield,0.116,6,0,0.1823486196370288,S1-2_rank,0,4.0,10.0,5,0
1,3,Rachel Hunter,0.245,1,0,0.1412563784370863,S1-2_rank,0,5.0,6.0,3,0
1,3,John O'Hurley,0.226,2,0,0.2239112366487869,S1-2_rank,0,2.0,4.0,1,0
1,3,Joey McIntyre,0.208,3,0,0.2371655021409098,S1-2_rank,0,1.0,4.0,1,0
1,3,Kelly Monaco,0.198,4,0,0.2239112313723035,S1-2_rank,0,3.0,7.0,4,0
1,3,Evander Holyfield,0.123,5,1,0.1737556514009134,S1-2_rank,0,4.0,9.0,5,1
1,4,Kelly Monaco,0.283,1,0,0.2791669758959248,S1-2_rank,0,3.0,4.0,1,0
1,4,Rachel Hunter,0.272,2,1,0.1419545026349923,S1-2_rank,0,4.0,6.0,4,1
1,4,John O'Hurley,0.228,3,0,0.2791669983343196,S1-2_rank,0,2.0,5.0,2,0
1,4,Joey McIntyre,0.217,4,0,0.2997115231347632,S1-2_rank,0,1.0,5.0,2,0
1,5,John O'Hurley,0.37,1,0,0.3659718893152155,S1-2_rank,0,1.0,2.0,1,0
1,5,Kelly Monaco,0.322,2,0,0.3659718655402639,S1-2_rank,0,2.0,4.0,2,0
1,5,Joey McIntyre,0.308,3,1,0.2680562451445205,S1-2_rank,0,3.0,6.0,3,1
1,6,Kelly Monaco,0.505,1,0,0.4999999953934841,S1-2_rank,0,2.0,3.0,1,1
1,6,John O'Hurley,0.495,2,0,0.500000004606516,S1-2_rank,0,1.0,3.0,1,0
2,1,Drew Lachey,0.123,1,0,0.1061036182679271,S1-2_rank,0,4.0,5.0,1,0
2,1,Giselle Fernandez,0.118,2,0,0.0847018124069178,S1-2_rank,0,9.0,11.0,5,0
2,1,Tatum O'Neal,0.118,2,0,0.0925804097555522,S1-2_rank,0,8.0,10.0,4,0
2,1,Stacy Keibler,0.113,4,0,0.1061036288826087,S1-2_rank,0,2.0,6.0,2,0
2,1,Jerry Rice,0.108,5,0,0.1061036280050053,S1-2_rank,0,3.0,8.0,3,0
2,1,Tia Carrere,0.103,6,0,0.1007018603650744,S1-2_rank,0,7.0,13.0,8,0
2,1,Lisa Rinna,0.097,7,0,0.1025309469251894,S1-2_rank,0,5.0,12.0,7,0
2,1,George Hamilton,0.092,8,0,0.1017431121742673,S1-2_rank,0,6.0,14.0,9,0
2,1,Kenny Mayne,0.067,9,1,0.0841220627706135,S1-2_rank,0,10.0,19.0,10,1
2,1,Master P,0.062,10,0,0.115308920446844,S1-2_rank,0,1.0,11.0,5,0
2,2,Stacy Keibler,0.145,1,0,0.1177110095988211,S1-2_rank,0,2.0,3.0,1,0
2,2,Drew Lachey,0.135,2,0,0.1177110019172669,S1-2_rank,0,4.0,6.0,2,0
2,2,Giselle Fernandez,0.12,3,0,0.0850452309758011,S1-2_rank,0,9.0,12.0,6,0
2,2,Jerry Rice,0.115,4,0,0.1177110079589525,S1-2_rank,0,3.0,7.0,3,0
2,2,George Hamilton,0.11,5,0,0.1112522487288511,S1-2_rank,0,6.0,11.0,5,0
2,2,Tia Carrere,0.11,5,0,0.1096966558693566,S1-2_rank,0,7.0,12.0,6,0
2,2,Lisa Rinna,0.1,7,0,0.1124257520633198,S1-2_rank,0,5.0,12.0,6,0
2,2,Tatum O'Neal,0.085,8,1,0.0973708640149022,S1-2_rank,0,8.0,16.0,9,1
2,2,Master P,0.08,9,0,0.1310762288727284,S1-2_rank,0,1.0,10.0,4,0
2,3,Drew Lachey,0.148,1,0,0.1340132161365211,S1-2_rank,0,4.0,5.0,2,0
2,3,Stacy Keibler,0.148,1,0,0.134013221910536,S1-2_rank,0,2.0,3.0,1,0
2,3,Tia Carrere,0.143,3,0,0.1198606185897132,S1-2_rank,0,7.0,10.0,5,0
2,3,Lisa Rinna,0.137,4,0,0.1247184220904499,S1-2_rank,0,5.0,9.0,3,0
2,3,George Hamilton,0.121,5,0,0.1226345967373809,S1-2_rank,0,6.0,11.0,7,0
2,3,Giselle Fernandez,0.121,5,1,0.0738310122167376,S1-2_rank,0,8.0,13.0,8,1
2,3,Jerry Rice,0.104,7,0,0.1340132212567651,S1-2_rank,0,3.0,10.0,5,0
2,3,Master P,0.077,8,0,0.1569156910618959,S1-2_rank,0,1.0,9.0,3,0
2,4,Drew Lachey,0.177,1,0,0.1535041449722562,S1-2_rank,0,2.0,3.0,1,0
2,4,Lisa Rinna,0.165,2,0,0.1357859486096975,S1-2_rank,0,5.0,7.0,4,0
2,4,Stacy Keibler,0.165,2,0,0.153504143652033,S1-2_rank,0,3.0,5.0,2,0
2,4,Tia Carrere,0.158,4,0,0.1263636212459443,S1-2_rank,0,7.0,11.0,5,0
2,4,Jerry Rice,0.152,5,0,0.1535041474281453,S1-2_rank,0,1.0,6.0,3,0
2,4,George Hamilton,0.133,6,0,0.1317577197909605,S1-2_rank,0,6.0,12.0,7,1
2,4,Master P,0.051,7,1,0.1455802743009631,S1-2_rank,0,4.0,11.0,5,0
2,5,Stacy Keibler,0.199,1,0,0.1869804887782893,S1-2_rank,0,3.0,4.0,2,0
2,5,Drew Lachey,0.179,2,0,0.1869805076876645,S1-2_rank,0,1.0,3.0,1,0
2,5,Lisa Rinna,0.166,3,0,0.1547065108323739,S1-2_rank,0,4.0,7.0,3,0
2,5,George Hamilton,0.159,4,0,0.1472281252346305,S1-2_rank,0,5.0,9.0,5,0
2,5,Jerry Rice,0.152,5,0,0.1869805027500405,S1-2_rank,0,2.0,7.0,3,0
2,5,Tia Carrere,0.146,6,1,0.1371238647170008,S1-2_rank,0,6.0,12.0,6,1
2,6,Drew Lachey,0.226,1,0,0.22520259709228,S1-2_rank,0,1.0,2.0,1,0
2,6,Stacy Keibler,0.226,1,0,0.2252025603875587,S1-2_rank,0,3.0,4.0,2,0
2,6,Lisa Rinna,0.203,3,0,0.1688990685736269,S1-2_rank,0,4.0,7.0,4,0
2,6,George Hamilton,0.173,4,1,0.155493203400957,S1-2_rank,0,5.0,9.0,5,1
2,6,Jerry Rice,0.173,4,0,0.2252025705455772,S1-2_rank,0,2.0,6.0,3,0
2,7,Drew Lachey,0.27,1,0,0.273679526863648,S1-2_rank,0,1.0,2.0,1,0
2,7,Stacy Keibler,0.27,1,0,0.273679486158243,S1-2_rank,0,2.0,3.0,2,0
2,7,Lisa Rinna,0.26,3,1,0.1789615089213646,S1-2_rank,0,4.0,7.0,3,1
2,7,Jerry Rice,0.201,4,0,0.2736794780567443,S1-2_rank,0,3.0,7.0,3,0
2,8,Drew Lachey,0.344,1,0,0.3333333699837746,S1-2_rank,0,1.0,2.0,1,0
2,8,Stacy Keibler,0.34,2,0,0.3333333305776684,S1-2_rank,0,2.0,4.0,2,0
2,8,Jerry Rice,0.316,3,0,0.3333332994385569,S1-2_rank,0,3.0,6.0,3,1
3,1,Mario Lopez,0.123,1,0,0.0970478835108941,S3-27_percent,0,,0.2200478835108941,1,0
3,1,Emmitt Smith,0.113,2,0,0.0970473928515302,S3-27_percent,0,,0.2100473928515302,2,0
3,1,Vivica A. Fox,0.104,3,0,0.0885155090595719,S3-27_percent,0,,0.19251550905957188,5,0
3,1,Willa Ford,0.104,3,0,0.090250580880715,S3-27_percent,0,,0.194250580880715,3,0
3,1,Joey Lawrence,0.099,5,0,0.0944314846660078,S3-27_percent,0,,0.1934314846660078,4,0
3,1,Monique Coleman,0.09,6,0,0.0940936371614499,S3-27_percent,0,,0.18409363716144989,6,0
3,1,Shanna Moakler,0.085,7,0,0.0854312276099397,S3-27_percent,0,,0.1704312276099397,7,0
3,1,Harry Hamlin,0.08,8,0,0.0887026869113268,S3-27_percent,0,,0.16870268691132678,9,0
3,1,Jerry Springer,0.075,9,0,0.0937729594844308,S3-27_percent,0,,0.1687729594844308,8,0
3,1,Sara Evans,0.071,10,0,0.0920463091353163,S3-27_percent,0,,0.16304630913531631,10,0
3,1,Tucker Carlson,0.057,11,1,0.078660328728817,S3-27_percent,0,,0.135660328728817,11,1
3,2,Joey Lawrence,0.126,1,0,0.1035683578699993,S3-27_percent,0,,0.2295683578699993,1,0
3,2,Monique Coleman,0.113,2,0,0.1030514987007477,S3-27_percent,0,,0.2160514987007477,2,0
3,2,Emmitt Smith,0.104,3,0,0.1075510949741045,S3-27_percent,0,,0.21155109497410451,3,0
3,2,Vivica A. Fox,0.104,3,0,0.0944180035048953,S3-27_percent,0,,0.1984180035048953,5,0
3,2,Willa Ford,0.1,5,0,0.097123756302402,S3-27_percent,0,,0.197123756302402,6,0
3,2,Shanna Moakler,0.096,6,1,0.0895602700110929,S3-27_percent,0,,0.1855602700110929,9,1
3,2,Harry Hamlin,0.091,7,0,0.0947108233109769,S3-27_percent,0,,0.18571082331097688,8,0
3,2,Mario Lopez,0.091,7,0,0.1075511657487067,S3-27_percent,0,,0.19855116574870668,4,0
3,2,Sara Evans,0.091,7,0,0.0999047595659814,S3-27_percent,0,,0.1909047595659814,7,0
3,2,Jerry Springer,0.083,10,0,0.1025602700110929,S3-27_percent,0,,0.1855602700110929,9,0
3,3,Monique Coleman,0.13,1,0,0.114683678976784,S3-27_percent,0,,0.244683678976784,1,0
3,3,Vivica A. Fox,0.13,1,0,0.0986190367641869,S3-27_percent,0,,0.2286190367641869,4,0
3,3,Sara Evans,0.121,3,0,0.1088863042389045,S3-27_percent,0,,0.2298863042389045,2,0
3,3,Harry Hamlin,0.106,4,1,0.0991731364660126,S3-27_percent,0,,0.2051731364660126,9,1
3,3,Joey Lawrence,0.106,4,0,0.1156297670635907,S3-27_percent,0,,0.2216297670635907,5,0
3,3,Mario Lopez,0.106,4,0,0.1228655147606159,S3-27_percent,0,,0.2288655147606159,3,0
3,3,Willa Ford,0.106,4,0,0.1037082678299258,S3-27_percent,0,,0.2097082678299258,8,0
3,3,Jerry Springer,0.101,8,0,0.1135688451233516,S3-27_percent,0,,0.21456884512335161,7,0
3,3,Emmitt Smith,0.092,9,0,0.1228654487766276,S3-27_percent,0,,0.2148654487766276,6,0
3,4,Mario Lopez,0.146,1,0,0.1444294680647861,S3-27_percent,0,,0.2904294680647861,1,0
3,4,Willa Ford,0.141,2,0,0.1080666292402076,S3-27_percent,0,,0.2490666292402076,5,0
3,4,Joey Lawrence,0.136,3,0,0.130905274828103,S3-27_percent,0,,0.266905274828103,2,0
3,4,Emmitt Smith,0.121,4,0,0.144429248045066,S3-27_percent,0,,0.26542924804506596,3,0
3,4,Monique Coleman,0.121,4,0,0.1291201401110792,S3-27_percent,0,,0.2501201401110792,4,0
3,4,Vivica A. Fox,0.121,4,1,0.0980779912953045,S3-27_percent,0,,0.2190779912953045,8,1
3,4,Jerry Springer,0.111,7,0,0.1268932571201486,S3-27_percent,0,,0.23789325712014858,6,0
3,4,Sara Evans,0.101,8,0,0.1180779912953046,S3-27_percent,0,,0.21907799129530459,7,0
3,5,Emmitt Smith,0.149,1,0,0.1734706748220216,S3-27_percent,0,,0.32247067482202163,2,0
3,5,Mario Lopez,0.149,1,0,0.1734707929802115,S3-27_percent,0,,0.32247079298021153,1,0
3,5,Monique Coleman,0.149,1,0,0.1454317368289842,S3-27_percent,0,,0.29443173682898416,3,0
3,5,Willa Ford,0.149,1,1,0.1054013571041507,S3-27_percent,0,,0.2544013571041507,6,0
3,5,Joey Lawrence,0.138,5,0,0.1487425002621444,S3-27_percent,0,,0.28674250026214443,4,0
3,5,Jerry Springer,0.133,6,0,0.141222551182501,S3-27_percent,0,,0.274222551182501,5,0
3,5,Sara Evans,0.133,6,1,0.1122603868199861,S3-27_percent,0,,0.2452603868199861,7,1
3,6,Mario Lopez,0.237,1,0,0.2300895663988274,S3-27_percent,0,,0.46708956639882737,1,0
3,6,Emmitt Smith,0.212,2,0,0.230089658553941,S3-27_percent,0,,0.442089658553941,2,0
3,6,Joey Lawrence,0.203,3,0,0.1864686522310523,S3-27_percent,0,,0.3894686522310523,3,0
3,6,Monique Coleman,0.195,4,0,0.1805067102610081,S3-27_percent,0,,0.3755067102610081,4,0
3,6,Jerry Springer,0.153,5,0,0.1728454125551709,S3-27_percent,0,,0.3258454125551709,5,1
3,7,Emmitt Smith,0.211,1,0,0.2505659094936185,S3-27_percent,0,,0.46156590949361853,1,0
3,7,Joey Lawrence,0.211,1,0,0.1775419784854065,S3-27_percent,0,,0.3885419784854065,3,0
3,7,Mario Lopez,0.207,3,0,0.2505665607604275,S3-27_percent,0,,0.45756656076042745,2,0
3,7,Monique Coleman,0.2,4,0,0.1673036494533037,S3-27_percent,0,,0.36730364945330374,4,0
3,7,Jerry Springer,0.17,5,1,0.1540219018072436,S3-27_percent,0,,0.3240219018072436,5,1
3,8,Mario Lopez,0.261,1,0,0.3141986519991576,S3-27_percent,0,,0.5751986519991577,1,0
3,8,Emmitt Smith,0.248,2,0,0.3141973875647427,S3-27_percent,0,,0.5621973875647427,2,0
3,8,Joey Lawrence,0.248,2,0,0.1945441375580176,S3-27_percent,0,,0.4425441375580176,3,0
3,8,Monique Coleman,0.243,4,1,0.177059822878082,S3-27_percent,0,,0.42005982287808197,4,1
3,9,Emmitt Smith,0.333,1,0,0.3967501035278452,S3-27_percent,0,,0.7297501035278452,2,0
3,9,Joey Lawrence,0.333,1,1,0.2064985607083703,S3-27_percent,0,,0.5394985607083703,3,1
3,9,Mario Lopez,0.333,1,0,0.3967513357637843,S3-27_percent,0,,0.7297513357637844,1,0
3,10,Emmitt Smith,0.5,1,0,0.4999991327508634,S3-27_percent,0,,0.9999991327508634,2,1
3,10,Mario Lopez,0.5,1,0,0.5000008672491365,S3-27_percent,0,,1.0000008672491365,1,0
4,1,Joey Fatone,0.117,1,0,0.0930233890424253,S3-27_percent,0,,0.2100233890424253,1,0
4,1,Laila Ali,0.112,2,0,0.0930236109919477,S3-27_percent,0,,0.2050236109919477,2,0
4,1,Apolo Anton Ohno,0.102,3,0,0.0930237969988156,S3-27_percent,0,,0.1950237969988156,3,0
4,1,Ian Ziering,0.102,3,0,0.0921391452611419,S3-27_percent,0,,0.1941391452611419,4,0
4,1,Paulina Porizkova,0.092,5,0,0.0840825714692299,S3-27_percent,0,,0.1760825714692299,7,0
4,1,Shandi Finnessey,0.092,5,0,0.0866051729436996,S3-27_percent,0,,0.1786051729436996,5,0
4,1,Heather Mills,0.087,7,0,0.0908136756885565,S3-27_percent,0,,0.1778136756885565,6,0
4,1,John Ratzenberger,0.083,8,0,0.0918669151851018,S3-27_percent,0,,0.1748669151851018,8,0
4,1,Clyde Drexler,0.078,9,0,0.0933831502156087,S3-27_percent,0,,0.17138315021560868,9,0
4,1,Leeza Gibbons,0.073,10,0,0.089866875398621,S3-27_percent,0,,0.162866875398621,10,0
4,1,Billy Ray Cyrus,0.063,11,0,0.0921716968048517,S3-27_percent,0,,0.1551716968048517,11,1
4,2,Laila Ali,0.11,1,0,0.094198673987208,S3-27_percent,0,,0.204198673987208,1,0
4,2,Apolo Anton Ohno,0.106,2,0,0.0941990065357737,S3-27_percent,0,,0.20019900653577372,2,0
4,2,Heather Mills,0.098,3,0,0.0907860979105217,S3-27_percent,0,,0.1887860979105217,4,0
4,2,Joey Fatone,0.098,3,0,0.0941982842849878,S3-27_percent,0,,0.1921982842849878,3,0
4,2,Ian Ziering,0.09,5,0,0.0928365886537784,S3-27_percent,0,,0.1828365886537784,5,0
4,2,Billy Ray Cyrus,0.086,6,0,0.0928870620486887,S3-27_percent,0,,0.1788870620486887,6,0
4,2,John Ratzenberger,0.086,6,0,0.0924162801447558,S3-27_percent,0,,0.1784162801447558,7,0
4,2,Leeza Gibbons,0.086,6,0,0.0893155357121865,S3-27_percent,0,,0.1753155357121865,8,0
4,2,Paulina Porizkova,0.086,6,1,0.0802053891639652,S3-27_percent,0,,0.1662053891639652,11,1
4,2,Shandi Finnessey,0.082,10,0,0.0842053891639653,S3-27_percent,0,,0.16620538916396532,10,0
4,2,Clyde Drexler,0.073,11,0,0.0947516923941684,S3-27_percent,0,,0.1677516923941684,9,0
4,3,Heather Mills,0.11,1,0,0.0980459492141838,S3-27_percent,0,,0.2080459492141838,4,0
4,3,Ian Ziering,0.11,1,0,0.1019382861422341,S3-27_percent,0,,0.2119382861422341,2,0
4,3,Joey Fatone,0.11,1,0,0.104505311564691,S3-27_percent,0,,0.214505311564691,1,0
4,3,Leeza Gibbons,0.11,1,0,0.0952343009717983,S3-27_percent,0,,0.2052343009717983,5,0
4,3,Apolo Anton Ohno,0.106,5,0,0.1045060344164264,S3-27_percent,0,,0.2105060344164264,3,0
4,3,Billy Ray Cyrus,0.096,6,0,0.1020331426595921,S3-27_percent,0,,0.1980331426595921,7,0
4,3,Laila Ali,0.096,6,0,0.1045057419073427,S3-27_percent,0,,0.20050574190734272,6,0
4,3,Shandi Finnessey,0.096,6,1,0.0825442999270604,S3-27_percent,0,,0.1785442999270604,10,1
4,3,John Ratzenberger,0.092,9,0,0.1011426332696102,S3-27_percent,0,,0.1931426332696102,8,0
4,3,Clyde Drexler,0.073,10,0,0.1055442999270605,S3-27_percent,0,,0.1785442999270605,9,0
4,4,Joey Fatone,0.147,1,0,0.1173670288415101,S3-27_percent,0,,0.2643670288415101,1,0
4,4,Apolo Anton Ohno,0.137,2,0,0.1173677550120908,S3-27_percent,0,,0.2543677550120908,2,0
4,4,Ian Ziering,0.126,3,0,0.1123517665231733,S3-27_percent,0,,0.2383517665231733,3,0
4,4,Heather Mills,0.121,4,0,0.104670768905837,S3-27_percent,0,,0.22567076890583698,5,0
4,4,Billy Ray Cyrus,0.111,5,0,0.1125370159775864,S3-27_percent,0,,0.2235370159775864,6,0
4,4,Laila Ali,0.111,5,0,0.1173677195608153,S3-27_percent,0,,0.2283677195608153,4,0
4,4,John Ratzenberger,0.084,7,0,0.1107887851682067,S3-27_percent,0,,0.1947887851682067,7,0
4,4,Leeza Gibbons,0.084,7,1,0.0990638124055593,S3-27_percent,0,,0.1830638124055593,9,1
4,4,Clyde Drexler,0.079,9,0,0.1084853476052208,S3-27_percent,0,,0.1874853476052208,8,0
4,5,Apolo Anton Ohno,0.17,1,0,0.1348767386394921,S3-27_percent,0,,0.3048767386394921,1,0
4,5,Laila Ali,0.159,2,0,0.1348765292302221,S3-27_percent,0,,0.2938765292302221,2,0
4,5,Joey Fatone,0.142,3,0,0.1348763030463144,S3-27_percent,0,,0.2768763030463144,3,0
4,5,Ian Ziering,0.136,4,0,0.1252285106814657,S3-27_percent,0,,0.2612285106814657,4,0
4,5,Heather Mills,0.119,5,0,0.110218478668992,S3-27_percent,0,,0.22921847866899198,5,0
4,5,John Ratzenberger,0.102,6,0,0.1221978159790986,S3-27_percent,0,,0.2241978159790986,6,0
4,5,Billy Ray Cyrus,0.097,7,0,0.1255867325300261,S3-27_percent,0,,0.22258673253002612,7,0
4,5,Clyde Drexler,0.074,8,1,0.1121388912243888,S3-27_percent,0,,0.1861388912243888,8,1
4,6,Apolo Anton Ohno,0.165,1,0,0.1579625009257237,S3-27_percent,0,,0.3229625009257237,1,0
4,6,Laila Ali,0.165,1,0,0.1579623916729912,S3-27_percent,0,,0.32296239167299123,2,0
4,6,Joey Fatone,0.159,3,0,0.1579623555648835,S3-27_percent,0,,0.3169623555648835,3,0
4,6,Ian Ziering,0.141,4,0,0.1399714901333588,S3-27_percent,0,,0.28097149013335876,4,0
4,6,Heather Mills,0.135,5,1,0.1112481323208005,S3-27_percent,0,,0.2462481323208005,6,1
4,6,Billy Ray Cyrus,0.124,6,0,0.1406449970614416,S3-27_percent,0,,0.2646449970614416,5,0
4,6,John Ratzenberger,0.112,7,0,0.1342481323208005,S3-27_percent,0,,0.2462481323208005,6,0
4,7,Joey Fatone,0.191,1,0,0.1862804166701092,S3-27_percent,0,,0.3772804166701092,2,0
4,7,Laila Ali,0.191,1,0,0.1862804288213846,S3-27_percent,0,,0.3772804288213846,1,0
4,7,Apolo Anton Ohno,0.175,3,0,0.1862801645886977,S3-27_percent,0,,0.3612801645886977,3,0
4,7,Ian Ziering,0.175,3,0,0.1539005710420266,S3-27_percent,0,,0.3289005710420266,4,0
4,7,John Ratzenberger,0.146,5,1,0.1321292094388909,S3-27_percent,0,,0.27812920943889086,5,0
4,7,Billy Ray Cyrus,0.123,6,0,0.1551292094388908,S3-27_percent,0,,0.2781292094388908,6,1
4,8,Apolo Anton Ohno,0.231,1,0,0.2240566249202263,S3-27_percent,0,,0.4550566249202263,1,0
4,8,Joey Fatone,0.219,2,0,0.2240567759139738,S3-27_percent,0,,0.4430567759139738,2,0
4,8,Laila Ali,0.211,3,0,0.2240565490209667,S3-27_percent,0,,0.4350565490209667,3,0
4,8,Ian Ziering,0.187,4,0,0.1677408237789457,S3-27_percent,0,,0.35474082377894567,4,0
4,8,Billy Ray Cyrus,0.151,5,1,0.1600892263658873,S3-27_percent,0,,0.3110892263658873,5,1
4,9,Joey Fatone,0.253,1,0,0.2736818347898701,S3-27_percent,0,,0.5266818347898701,1,0
4,9,Laila Ali,0.253,1,0,0.2736812187325414,S3-27_percent,0,,0.5266812187325414,2,0
4,9,Apolo Anton Ohno,0.249,3,0,0.2736814510517576,S3-27_percent,0,,0.5226814510517577,3,0
4,9,Ian Ziering,0.245,4,1,0.1789554954258309,S3-27_percent,0,,0.4239554954258309,4,1
4,10,Apolo Anton Ohno,0.34,1,0,0.3333333629121249,S3-27_percent,0,,0.673333362912125,1,0
4,10,Joey Fatone,0.332,2,0,0.3333335320912833,S3-27_percent,0,,0.6653335320912833,2,0
4,10,Laila Ali,0.328,3,0,0.3333331049965918,S3-27_percent,0,,0.6613331049965918,3,1
5,1,Sabrina Bryan,0.101,1,0,0.0843680902292164,S3-27_percent,0,,0.1853680902292164,1,0
5,1,Helio Castroneves,0.097,2,0,0.0862217547435351,S3-27_percent,0,,0.1832217547435351,2,0
5,1,Jane Seymour,0.093,3,0,0.085121913478911,S3-27_percent,0,,0.178121913478911,4,0
5,1,Mel B,0.093,3,0,0.0862216665004891,S3-27_percent,0,,0.1792216665004891,3,0
5,1,Albert Reed,0.082,5,0,0.0725235627818954,S3-27_percent,0,,0.15452356278189538,10,0
5,1,Cameron Mathison,0.082,5,0,0.0851840386822714,S3-27_percent,0,,0.16718403868227139,7,0
5,1,Jennie Garth,0.082,5,0,0.085371934072458,S3-27_percent,0,,0.16737193407245798,6,0
5,1,Marie Osmond,0.082,5,0,0.0862219392129705,S3-27_percent,0,,0.16822193921297052,5,0
5,1,Mark Cuban,0.082,5,0,0.08404992306813,S3-27_percent,0,,0.16604992306813,8,0
5,1,Wayne Newton,0.074,10,0,0.0879058849686353,S3-27_percent,0,,0.16190588496863528,9,0
5,1,Floyd Mayweather Jr. ,0.07,11,0,0.0832217875278684,S3-27_percent,0,,0.1532217875278684,11,0
5,1,Josie Maran,0.062,12,1,0.073587504733619,S3-27_percent,0,,0.135587504733619,12,1
5,2,Helio Castroneves,0.113,1,0,0.0941441816178903,S3-27_percent,0,,0.2071441816178903,1,0
5,2,Sabrina Bryan,0.109,2,0,0.0912037963173103,S3-27_percent,0,,0.2002037963173103,2,0
5,2,Marie Osmond,0.101,3,0,0.094144320674343,S3-27_percent,0,,0.195144320674343,3,0
5,2,Mel B,0.097,4,0,0.0941440860037995,S3-27_percent,0,,0.1911440860037995,4,0
5,2,Albert Reed,0.088,5,1,0.071795379687942,S3-27_percent,0,,0.159795379687942,10,1
5,2,Cameron Mathison,0.088,5,0,0.0925010391243497,S3-27_percent,0,,0.1805010391243497,6,0
5,2,Floyd Mayweather Jr. ,0.088,5,0,0.0893735156064609,S3-27_percent,0,,0.1773735156064609,8,0
5,2,Jane Seymour,0.088,5,0,0.0924024617138968,S3-27_percent,0,,0.1804024617138968,7,0
5,2,Jennie Garth,0.088,5,0,0.0927991158696323,S3-27_percent,0,,0.1807991158696323,5,0
5,2,Mark Cuban,0.076,10,0,0.0906967236964328,S3-27_percent,0,,0.1666967236964328,9,0
5,2,Wayne Newton,0.063,11,0,0.096795379687942,S3-27_percent,0,,0.159795379687942,10,0
5,3,Jane Seymour,0.113,1,0,0.1004724734206283,S3-27_percent,0,,0.2134724734206283,2,0
5,3,Mel B,0.113,1,0,0.1037897278930136,S3-27_percent,0,,0.2167897278930136,1,0
5,3,Sabrina Bryan,0.113,1,0,0.0981761582370717,S3-27_percent,0,,0.2111761582370717,4,0
5,3,Jennie Garth,0.109,4,0,0.1012300003765009,S3-27_percent,0,,0.21023000037650091,5,0
5,3,Marie Osmond,0.109,4,0,0.1037898446439033,S3-27_percent,0,,0.2127898446439033,3,0
5,3,Helio Castroneves,0.1,6,0,0.1037898189848019,S3-27_percent,0,,0.20378981898480192,6,0
5,3,Cameron Mathison,0.096,7,0,0.1006608550762921,S3-27_percent,0,,0.1966608550762921,7,0
5,3,Floyd Mayweather Jr. ,0.088,8,0,0.0946482608148372,S3-27_percent,0,,0.1826482608148372,8,0
5,3,Mark Cuban,0.084,9,0,0.0972014729027005,S3-27_percent,0,,0.1812014729027005,9,0
5,3,Wayne Newton,0.075,10,1,0.0962413876502499,S3-27_percent,0,,0.17124138765024988,10,1
5,4,Sabrina Bryan,0.128,1,0,0.1066976948980296,S3-27_percent,0,,0.2346976948980296,1,0
5,4,Cameron Mathison,0.115,2,0,0.111619529642766,S3-27_percent,0,,0.226619529642766,6,0
5,4,Helio Castroneves,0.115,2,0,0.117764850616086,S3-27_percent,0,,0.232764850616086,2,0
5,4,Jennie Garth,0.115,2,0,0.1127417203886476,S3-27_percent,0,,0.2277417203886476,5,0
5,4,Jane Seymour,0.111,5,0,0.1112477180465388,S3-27_percent,0,,0.2222477180465388,7,0
5,4,Marie Osmond,0.111,5,0,0.1177647487298019,S3-27_percent,0,,0.2287647487298019,4,0
5,4,Mel B,0.111,5,0,0.1177647861973692,S3-27_percent,0,,0.2287647861973692,3,0
5,4,Floyd Mayweather Jr. ,0.098,8,1,0.0996423911580534,S3-27_percent,0,,0.1976423911580534,9,1
5,4,Mark Cuban,0.094,9,0,0.1047565603227071,S3-27_percent,0,,0.1987565603227071,8,0
5,5,Mel B,0.146,1,0,0.1351008594223186,S3-27_percent,0,,0.28110085942231855,1,0
5,5,Sabrina Bryan,0.141,2,0,0.1136456830422882,S3-27_percent,0,,0.2546456830422882,2,0
5,5,Cameron Mathison,0.131,3,0,0.1232595235736983,S3-27_percent,0,,0.2542595235736983,3,0
5,5,Jane Seymour,0.131,3,0,0.1225374491337483,S3-27_percent,0,,0.2535374491337483,4,0
5,5,Jennie Garth,0.126,5,0,0.1254349075610794,S3-27_percent,0,,0.2514349075610794,5,0
5,5,Helio Castroneves,0.116,6,0,0.1351008074167195,S3-27_percent,0,,0.25110080741671953,6,0
5,5,Marie Osmond,0.106,7,0,0.1351006061021358,S3-27_percent,0,,0.2411006061021358,7,0
5,5,Mark Cuban,0.106,7,1,0.1098201637480115,S3-27_percent,0,,0.2158201637480115,8,1
5,6,Mel B,0.167,1,0,0.1577320765729477,S3-27_percent,0,,0.32473207657294767,1,0
5,6,Helio Castroneves,0.156,2,0,0.1577319734437528,S3-27_percent,0,,0.3137319734437528,2,0
5,6,Jennie Garth,0.15,3,0,0.1397115677094624,S3-27_percent,0,,0.2897115677094624,3,0
5,6,Cameron Mathison,0.139,4,0,0.1356083115916702,S3-27_percent,0,,0.2746083115916702,5,0
5,6,Sabrina Bryan,0.139,4,1,0.1172421644380501,S3-27_percent,0,,0.25624216443805015,6,0
5,6,Marie Osmond,0.128,6,0,0.1577317418060665,S3-27_percent,0,,0.28573174180606653,4,0
5,6,Jane Seymour,0.122,7,0,0.1342421644380501,S3-27_percent,0,,0.2562421644380501,7,1
5,7,Mel B,0.173,1,0,0.1866402972970893,S3-27_percent,0,,0.3596402972970893,1,0
5,7,Jennie Garth,0.17,2,0,0.154199421952495,S3-27_percent,0,,0.324199421952495,4,0
5,7,Helio Castroneves,0.167,3,0,0.1866402181621327,S3-27_percent,0,,0.3536402181621327,2,0
5,7,Marie Osmond,0.167,3,0,0.1866400287320673,S3-27_percent,0,,0.35364002873206735,3,0
5,7,Cameron Mathison,0.163,5,0,0.1466778584968548,S3-27_percent,0,,0.3096778584968548,5,0
5,7,Jane Seymour,0.16,6,1,0.1392021753593607,S3-27_percent,0,,0.29920217535936067,6,1
5,8,Helio Castroneves,0.217,1,0,0.2252512337623564,S3-27_percent,0,,0.4422512337623564,1,0
5,8,Mel B,0.213,2,0,0.2252512931256754,S3-27_percent,0,,0.4382512931256754,2,0
5,8,Cameron Mathison,0.194,3,1,0.1554030052538426,S3-27_percent,0,,0.3494030052538426,5,1
5,8,Jennie Garth,0.19,4,0,0.1688433030509938,S3-27_percent,0,,0.35884330305099377,4,0
5,8,Marie Osmond,0.186,5,0,0.2252511648071318,S3-27_percent,0,,0.4112511648071318,3,0
5,9,Helio Castroneves,0.256,1,0,0.2736968034563112,S3-27_percent,0,,0.5296968034563112,2,0
5,9,Mel B,0.256,1,0,0.273696819793308,S3-27_percent,0,,0.5296968197933081,1,0
5,9,Jennie Garth,0.248,3,1,0.1789094627216789,S3-27_percent,0,,0.4269094627216789,4,1
5,9,Marie Osmond,0.239,4,0,0.2736969140287016,S3-27_percent,0,,0.5126969140287017,3,0
5,10,Mel B,0.357,1,0,0.3333332131031125,S3-27_percent,0,,0.6903332131031125,1,0
5,10,Helio Castroneves,0.353,2,0,0.3333332926483243,S3-27_percent,0,,0.6863332926483243,2,0
5,10,Marie Osmond,0.29,3,0,0.3333334942485632,S3-27_percent,0,,0.6233334942485631,3,1
6,1,Kristi Yamaguchi,0.111,1,0,0.0861751838346902,S3-27_percent,0,,0.19717518383469018,1,0
6,1,Mario,0.099,2,0,0.085163790303108,S3-27_percent,0,,0.184163790303108,2,0
6,1,Priscilla Presley,0.099,2,0,0.0840645526701092,S3-27_percent,0,,0.1830645526701092,3,0
6,1,Jason Taylor,0.091,4,0,0.0861763005515112,S3-27_percent,0,,0.17717630055151118,4,0
6,1,Marlee Matlin,0.091,4,0,0.0845771870207275,S3-27_percent,0,,0.1755771870207275,5,0
6,1,Cristian de la Fuente,0.086,6,0,0.0861758558977838,S3-27_percent,0,,0.17217585589778378,6,0
6,1,Shannon Elizabeth,0.086,6,0,0.0849202202561606,S3-27_percent,0,,0.1709202202561606,7,0
6,1,Marissa Jaret Winokur,0.074,8,0,0.0853460273706767,S3-27_percent,0,,0.1593460273706767,8,0
6,1,Steve Guttenberg,0.074,8,0,0.081919843111155,S3-27_percent,0,,0.15591984311115498,9,0
6,1,Penn Jillette,0.066,10,0,0.0761123485395641,S3-27_percent,0,,0.14211234853956412,11,0
6,1,Adam Carolla,0.062,11,0,0.0832560906787322,S3-27_percent,0,,0.14525609067873219,10,0
6,1,Monica Seles,0.062,11,0,0.076112599765781,S3-27_percent,0,,0.138112599765781,12,1
6,2,Jason Taylor,0.105,1,0,0.0878973359681681,S3-27_percent,0,,0.1928973359681681,1,0
6,2,Kristi Yamaguchi,0.105,1,0,0.0878968644642012,S3-27_percent,0,,0.19289686446420118,2,0
6,2,Mario,0.101,3,0,0.0862943262622779,S3-27_percent,0,,0.1872943262622779,3,0
6,2,Marlee Matlin,0.093,4,0,0.0853623518686884,S3-27_percent,0,,0.1783623518686884,5,0
6,2,Shannon Elizabeth,0.093,4,0,0.085908274740859,S3-27_percent,0,,0.17890827474085902,4,0
6,2,Marissa Jaret Winokur,0.082,6,0,0.086584733122219,S3-27_percent,0,,0.168584733122219,6,0
6,2,Priscilla Presley,0.082,6,0,0.0845449699887375,S3-27_percent,0,,0.16654496998873752,7,0
6,2,Cristian de la Fuente,0.078,8,0,0.0878972661156459,S3-27_percent,0,,0.1658972661156459,8,0
6,2,Adam Carolla,0.074,9,0,0.083254584685374,S3-27_percent,0,,0.157254584685374,9,0
6,2,Penn Jillette,0.066,10,1,0.0716261279514748,S3-27_percent,0,,0.1376261279514748,11,0
6,2,Steve Guttenberg,0.062,11,0,0.0811086016497564,S3-27_percent,0,,0.14310860164975642,10,0
6,2,Monica Seles,0.058,12,1,0.0716245631825974,S3-27_percent,0,,0.1296245631825974,12,1
6,3,Kristi Yamaguchi,0.118,1,0,0.104341309475725,S3-27_percent,0,,0.222341309475725,1,0
6,3,Priscilla Presley,0.114,2,0,0.0978038964696568,S3-27_percent,0,,0.2118038964696568,3,0
6,3,Cristian de la Fuente,0.11,3,0,0.1043413379919096,S3-27_percent,0,,0.2143413379919096,2,0
6,3,Shannon Elizabeth,0.105,4,0,0.1004748186111189,S3-27_percent,0,,0.20547481861111888,4,0
6,3,Jason Taylor,0.101,5,0,0.104341828604863,S3-27_percent,0,,0.205341828604863,5,0
6,3,Adam Carolla,0.092,6,0,0.0952636223679792,S3-27_percent,0,,0.1872636223679792,8,0
6,3,Mario,0.092,6,0,0.101228005718659,S3-27_percent,0,,0.193228005718659,6,0
6,3,Marlee Matlin,0.092,6,0,0.0994072628082311,S3-27_percent,0,,0.19140726280823112,7,0
6,3,Steve Guttenberg,0.092,6,1,0.0910032735882798,S3-27_percent,0,,0.18300327358827978,10,1
6,3,Marissa Jaret Winokur,0.083,10,0,0.1017946443635773,S3-27_percent,0,,0.1847946443635773,9,0
6,4,Jason Taylor,0.129,1,0,0.1177301209619458,S3-27_percent,0,,0.2467301209619458,1,0
6,4,Kristi Yamaguchi,0.129,1,0,0.1177289957897875,S3-27_percent,0,,0.24672899578978752,2,0
6,4,Shannon Elizabeth,0.124,3,0,0.1100981423385357,S3-27_percent,0,,0.2340981423385357,3,0
6,4,Cristian de la Fuente,0.116,4,0,0.1177292055468016,S3-27_percent,0,,0.2337292055468016,4,0
6,4,Mario,0.107,5,0,0.1115909888102899,S3-27_percent,0,,0.2185909888102899,6,0
6,4,Marissa Jaret Winokur,0.107,5,0,0.1127119490714997,S3-27_percent,0,,0.2197119490714997,5,0
6,4,Marlee Matlin,0.107,5,0,0.1079743746770695,S3-27_percent,0,,0.21497437467706948,7,0
6,4,Priscilla Presley,0.098,8,0,0.1047712961000812,S3-27_percent,0,,0.2027712961000812,8,0
6,4,Adam Carolla,0.084,9,1,0.0996649267039887,S3-27_percent,0,,0.1836649267039887,9,1
6,5,Kristi Yamaguchi,0.148,1,0,0.1350447743066992,S3-27_percent,0,,0.28304477430669917,1,0
6,5,Jason Taylor,0.138,2,0,0.1350461344243927,S3-27_percent,0,,0.27304613442439274,2,0
6,5,Mario,0.138,2,0,0.1232046189950759,S3-27_percent,0,,0.2612046189950759,3,0
6,5,Marissa Jaret Winokur,0.122,4,0,0.1253796524562146,S3-27_percent,0,,0.2473796524562146,5,0
6,5,Cristian de la Fuente,0.117,5,0,0.1350454811403668,S3-27_percent,0,,0.2520454811403668,4,0
6,5,Shannon Elizabeth,0.117,5,0,0.1202981899491251,S3-27_percent,0,,0.2372981899491251,6,0
6,5,Marlee Matlin,0.112,7,0,0.1161444302100592,S3-27_percent,0,,0.2281444302100592,7,0
6,5,Priscilla Presley,0.107,8,1,0.1098367185180663,S3-27_percent,0,,0.2168367185180663,8,1
6,6,Kristi Yamaguchi,0.167,1,0,0.1576265853087244,S3-27_percent,0,,0.3246265853087244,1,0
6,6,Mario,0.156,2,0,0.1354950306697746,S3-27_percent,0,,0.2914950306697746,3,0
6,6,Cristian de la Fuente,0.15,3,0,0.1576269268209985,S3-27_percent,0,,0.30762692682099846,2,0
6,6,Marissa Jaret Winokur,0.144,4,0,0.139600343352496,S3-27_percent,0,,0.28360034335249595,5,0
6,6,Jason Taylor,0.133,5,0,0.157627572259477,S3-27_percent,0,,0.290627572259477,4,0
6,6,Shannon Elizabeth,0.133,5,0,0.1299820695431016,S3-27_percent,0,,0.2629820695431016,6,0
6,6,Marlee Matlin,0.117,7,1,0.1220414720454278,S3-27_percent,0,,0.2390414720454278,7,1
6,7,Jason Taylor,0.178,1,0,0.1871060718659182,S3-27_percent,0,,0.3651060718659182,1,0
6,7,Kristi Yamaguchi,0.175,2,0,0.1871041876941788,S3-27_percent,0,,0.3621041876941788,2,0
6,7,Marissa Jaret Winokur,0.168,3,0,0.1546458176864395,S3-27_percent,0,,0.3226458176864395,4,0
6,7,Mario,0.165,4,0,0.1471173616567555,S3-27_percent,0,,0.3121173616567555,5,0
6,7,Shannon Elizabeth,0.165,4,1,0.1369212993149986,S3-27_percent,0,,0.3019212993149986,6,1
6,7,Cristian de la Fuente,0.149,6,0,0.1871052617817093,S3-27_percent,0,,0.3361052617817093,3,0
6,8,Cristian de la Fuente,0.213,1,0,0.2252569685073694,S3-27_percent,0,,0.4382569685073694,1,0
6,8,Kristi Yamaguchi,0.206,2,0,0.2252563108981643,S3-27_percent,0,,0.4312563108981643,2,0
6,8,Mario,0.199,3,1,0.155392016019041,S3-27_percent,0,,0.354392016019041,5,1
6,8,Jason Taylor,0.195,4,0,0.2252575248307581,S3-27_percent,0,,0.42025752483075807,3,0
6,8,Marissa Jaret Winokur,0.187,5,0,0.1688371797446671,S3-27_percent,0,,0.3558371797446671,4,0
6,9,Kristi Yamaguchi,0.259,1,0,0.2736977900321204,S3-27_percent,0,,0.5326977900321204,1,0
6,9,Cristian de la Fuente,0.255,2,0,0.2736984565553622,S3-27_percent,0,,0.5286984565553622,2,0
6,9,Jason Taylor,0.25,3,0,0.2736996819715191,S3-27_percent,0,,0.5236996819715192,3,0
6,9,Marissa Jaret Winokur,0.236,4,1,0.1789040714409981,S3-27_percent,0,,0.41490407144099806,4,1
6,10,Kristi Yamaguchi,0.355,1,0,0.3333323065770731,S3-27_percent,0,,0.688332306577073,1,0
6,10,Jason Taylor,0.337,2,0,0.3333342258262107,S3-27_percent,0,,0.6703342258262107,2,0
6,10,Cristian de la Fuente,0.308,3,0,0.3333334675967161,S3-27_percent,0,,0.6413334675967162,3,1
7,1,Brooke Burke,0.097,1,0,0.0824945849009722,S3-27_percent,0,,0.1794945849009722,1,0
7,1,Toni Braxton,0.089,2,0,0.0802935319688905,S3-27_percent,0,,0.1692935319688905,2,0
7,1,Lance Bass,0.085,3,0,0.0824945204645188,S3-27_percent,0,,0.1674945204645188,4,0
7,1,Warren Sapp,0.085,3,0,0.0824945798423956,S3-27_percent,0,,0.1674945798423956,3,0
7,1,Misty May-Treanor,0.083,5,0,0.0669625334477893,S3-27_percent,0,,0.14996253344778931,8,0
7,1,Cody Linley,0.081,6,0,0.0816321544782,S3-27_percent,0,,0.1626321544782,5,0
7,1,Maurice Greene,0.077,7,0,0.0814413849861012,S3-27_percent,0,,0.15844138498610122,6,0
7,1,Kim Kardashian,0.073,8,0,0.071126865665154,S3-27_percent,0,,0.14412686566515398,11,0
7,1,Susan Lucci,0.073,8,0,0.0811884992416211,S3-27_percent,0,,0.1541884992416211,7,0
7,1,Ted McGinley,0.073,8,1,0.0630356723762752,S3-27_percent,0,,0.1360356723762752,12,0
7,1,Rocco DiSpirito,0.069,11,0,0.0806581853029099,S3-27_percent,0,,0.14965818530290992,9,0
7,1,Cloris Leachman,0.063,12,0,0.0831418229196579,S3-27_percent,0,,0.14614182291965788,10,0
7,1,Jeffrey Ross,0.048,13,1,0.0630356644055137,S3-27_percent,0,,0.1110356644055137,13,1
7,2,Brooke Burke,0.109,1,0,0.0959461686921785,S3-27_percent,0,,0.2049461686921785,1,0
7,2,Warren Sapp,0.109,1,0,0.0959461671988101,S3-27_percent,0,,0.2049461671988101,2,0
7,2,Toni Braxton,0.104,3,0,0.0923929714554786,S3-27_percent,0,,0.1963929714554786,3,0
7,2,Cody Linley,0.095,4,0,0.0945582780295299,S3-27_percent,0,,0.1895582780295299,4,0
7,2,Misty May-Treanor,0.095,4,1,0.069984176630256,S3-27_percent,0,,0.164984176630256,8,0
7,2,Susan Lucci,0.095,4,0,0.0938421321534701,S3-27_percent,0,,0.18884213215347012,5,0
7,2,Lance Bass,0.09,7,0,0.0959461224526383,S3-27_percent,0,,0.1859461224526383,6,0
7,2,Maurice Greene,0.086,8,0,0.094250523782313,S3-27_percent,0,,0.180250523782313,7,0
7,2,Kim Kardashian,0.077,9,1,0.077165106344813,S3-27_percent,0,,0.154165106344813,11,1
7,2,Rocco DiSpirito,0.072,10,0,0.092984176630256,S3-27_percent,0,,0.164984176630256,8,0
7,2,Cloris Leachman,0.068,11,0,0.096984176630256,S3-27_percent,0,,0.164984176630256,8,0
7,3,Brooke Burke,0.141,1,0,0.1142514901979854,S3-27_percent,0,,0.2552514901979854,1,0
7,3,Warren Sapp,0.126,2,0,0.1142514971743619,S3-27_percent,0,,0.2402514971743619,2,0
7,3,Maurice Greene,0.121,3,0,0.1110218794917706,S3-27_percent,0,,0.2320218794917706,3,0
7,3,Lance Bass,0.111,4,0,0.1142514686834256,S3-27_percent,0,,0.2252514686834256,4,0
7,3,Toni Braxton,0.111,4,0,0.1074593565344936,S3-27_percent,0,,0.2184593565344936,5,0
7,3,Cody Linley,0.106,6,0,0.1116096095096638,S3-27_percent,0,,0.2176096095096638,6,0
7,3,Susan Lucci,0.106,6,0,0.110240852992891,S3-27_percent,0,,0.216240852992891,7,0
7,3,Rocco DiSpirito,0.101,8,0,0.1058522938638872,S3-27_percent,0,,0.2068522938638872,8,0
7,3,Cloris Leachman,0.08,9,0,0.1110615515515206,S3-27_percent,0,,0.1910615515515206,9,1
7,4,Brooke Burke,0.128,1,0,0.1176167114310562,S3-27_percent,0,,0.2456167114310562,2,0
7,4,Lance Bass,0.128,1,0,0.1176167187562234,S3-27_percent,0,,0.2456167187562234,1,0
7,4,Susan Lucci,0.118,3,0,0.1099127524272712,S3-27_percent,0,,0.2279127524272712,3,0
7,4,Cody Linley,0.113,4,0,0.1125511147195354,S3-27_percent,0,,0.2255511147195354,5,0
7,4,Cloris Leachman,0.108,5,0,0.108782963439363,S3-27_percent,0,,0.21678296343936299,6,0
7,4,Toni Braxton,0.108,5,0,0.1045211634842673,S3-27_percent,0,,0.2125211634842673,7,0
7,4,Warren Sapp,0.108,5,0,0.117616723929227,S3-27_percent,0,,0.225616723929227,4,0
7,4,Maurice Greene,0.099,8,0,0.111419402320562,S3-27_percent,0,,0.210419402320562,8,0
7,4,Rocco DiSpirito,0.089,9,1,0.0999624494924943,S3-27_percent,0,,0.1889624494924943,9,1
7,5,Brooke Burke,0.149,1,0,0.1350036005405016,S3-27_percent,0,,0.28400360054050156,1,0
7,5,Cody Linley,0.144,2,0,0.1253131165670137,S3-27_percent,0,,0.2693131165670137,2,0
7,5,Maurice Greene,0.138,3,0,0.1231321071704645,S3-27_percent,0,,0.26113210717046453,4,0
7,5,Warren Sapp,0.128,4,0,0.1350036197305624,S3-27_percent,0,,0.2630036197305624,3,0
7,5,Susan Lucci,0.113,5,0,0.1202191187487834,S3-27_percent,0,,0.2332191187487834,6,0
7,5,Toni Braxton,0.113,5,1,0.1097025625207103,S3-27_percent,0,,0.2227025625207103,8,1
7,5,Cloris Leachman,0.108,7,0,0.1166222292083422,S3-27_percent,0,,0.22462222920834218,7,0
7,5,Lance Bass,0.108,7,0,0.1350036455136216,S3-27_percent,0,,0.24300364551362158,5,0
7,6,Lance Bass,0.169,1,0,0.1575856163545867,S3-27_percent,0,,0.3265856163545867,1,0
7,6,Brooke Burke,0.162,2,0,0.1575855536343797,S3-27_percent,0,,0.3195855536343797,2,0
7,6,Warren Sapp,0.156,3,0,0.1575855707736981,S3-27_percent,0,,0.3135855707736981,3,0
7,6,Cody Linley,0.144,4,0,0.1395458664817848,S3-27_percent,0,,0.2835458664817848,4,0
7,6,Susan Lucci,0.144,4,0,0.1299212571787786,S3-27_percent,0,,0.2739212571787786,5,0
7,6,Maurice Greene,0.131,6,0,0.1354376720828521,S3-27_percent,0,,0.2664376720828521,6,0
7,6,Cloris Leachman,0.094,7,1,0.1223384634939195,S3-27_percent,0,,0.2163384634939195,7,1
7,7,Brooke Burke,0.204,1,0,0.1871101549354996,S3-27_percent,0,,0.3911101549354996,1,0
7,7,Lance Bass,0.17,2,0,0.1871101950899709,S3-27_percent,0,,0.3571101950899709,2,0
7,7,Maurice Greene,0.17,2,0,0.1471129994226374,S3-27_percent,0,,0.3171129994226374,4,0
7,7,Susan Lucci,0.163,4,1,0.1369140215994287,S3-27_percent,0,,0.2999140215994287,6,1
7,7,Cody Linley,0.15,5,0,0.1546424696538698,S3-27_percent,0,,0.30464246965386976,5,0
7,7,Warren Sapp,0.143,6,0,0.1871101592985934,S3-27_percent,0,,0.3301101592985934,3,0
7,8,Brooke Burke,0.216,1,0,0.2252592089676001,S3-27_percent,0,,0.44125920896760007,1,0
7,8,Warren Sapp,0.212,2,0,0.22525920970881,S3-27_percent,0,,0.43725920970881,2,0
7,8,Lance Bass,0.196,3,0,0.225259210253655,S3-27_percent,0,,0.421259210253655,3,0
7,8,Cody Linley,0.188,4,0,0.1688344218375635,S3-27_percent,0,,0.35683442183756353,4,0
7,8,Maurice Greene,0.188,4,1,0.1553879492323713,S3-27_percent,0,,0.34338794923237126,5,1
7,9,Lance Bass,0.284,1,0,0.2736996197408092,S3-27_percent,0,,0.5576996197408092,1,0
7,9,Brooke Burke,0.244,2,0,0.2736996434019563,S3-27_percent,0,,0.5176996434019563,3,0
7,9,Warren Sapp,0.244,2,0,0.2736996636235682,S3-27_percent,0,,0.5176996636235682,2,0
7,9,Cody Linley,0.229,4,1,0.1789010732336663,S3-27_percent,0,,0.4079010732336663,4,1
7,10,Brooke Burke,0.353,1,0,0.3333333371007391,S3-27_percent,0,,0.6863333371007391,1,0
7,10,Lance Bass,0.324,2,0,0.3333332978086201,S3-27_percent,0,,0.6573332978086202,3,1
7,10,Warren Sapp,0.324,2,0,0.3333333650906408,S3-27_percent,0,,0.6573333650906408,2,0
8,1,Gilles Marini,0.099,1,0,0.0782813148728914,S3-27_percent,0,,0.1772813148728914,1,0
8,1,Melissa Rycroft,0.095,2,0,0.0782811937535398,S3-27_percent,0,,0.1732811937535398,3,0
8,1,Shawn Johnson,0.095,2,0,0.0782814417382811,S3-27_percent,0,,0.17328144173828108,2,0
8,1,Lil' Kim,0.086,4,0,0.0778266579886194,S3-27_percent,0,,0.1638266579886194,4,0
8,1,Chuck Wicks,0.082,5,0,0.0777522225185513,S3-27_percent,0,,0.1597522225185513,5,0
8,1,David Alan Grier,0.078,6,0,0.0765683186933917,S3-27_percent,0,,0.15456831869339172,6,0
8,1,Denise Richards,0.074,7,0,0.0719123806597119,S3-27_percent,0,,0.1459123806597119,9,0
8,1,Holly Madison,0.074,7,0,0.0755826948088656,S3-27_percent,0,,0.1495826948088656,8,0
8,1,Belinda Carlisle,0.07,9,0,0.0710266371008468,S3-27_percent,0,,0.1410266371008468,11,0
8,1,Steve-O,0.07,9,0,0.0800479888978308,S3-27_percent,0,,0.1500479888978308,7,0
8,1,Lawrence Taylor,0.066,11,0,0.0776083337893633,S3-27_percent,0,,0.1436083337893633,10,0
8,1,Ty Murray,0.058,12,0,0.0779582968205574,S3-27_percent,0,,0.1359582968205574,12,0
8,1,Steve Wozniak,0.053,13,0,0.0788725183575489,S3-27_percent,0,,0.1318725183575489,13,1
8,2,Gilles Marini,0.102,1,0,0.0791847540865113,S3-27_percent,0,,0.1811847540865113,1,0
8,2,Melissa Rycroft,0.098,2,0,0.0791847705010519,S3-27_percent,0,,0.1771847705010519,2,0
8,2,Shawn Johnson,0.091,3,0,0.0791847690656336,S3-27_percent,0,,0.1701847690656336,3,0
8,2,Lil' Kim,0.087,4,0,0.0784388207089667,S3-27_percent,0,,0.1654388207089667,4,0
8,2,Denise Richards,0.079,5,0,0.068572411710072,S3-27_percent,0,,0.14757241171007202,8,0
8,2,Chuck Wicks,0.075,6,0,0.0783164474949461,S3-27_percent,0,,0.1533164474949461,6,0
8,2,Lawrence Taylor,0.075,6,0,0.0780795352778755,S3-27_percent,0,,0.1530795352778755,7,0
8,2,Ty Murray,0.075,6,0,0.078655349157315,S3-27_percent,0,,0.153655349157315,5,0
8,2,Belinda Carlisle,0.068,9,1,0.0670672889638826,S3-27_percent,0,,0.1350672889638826,12,0
8,2,Holly Madison,0.068,9,0,0.0747318279753701,S3-27_percent,0,,0.1427318279753701,10,0
8,2,David Alan Grier,0.064,11,0,0.0763650149247929,S3-27_percent,0,,0.14036501492479292,11,0
8,2,Steve Wozniak,0.064,11,0,0.0801517211696992,S3-27_percent,0,,0.1441517211696992,9,0
8,2,Steve-O,0.053,13,0,0.0820672889638825,S3-27_percent,0,,0.1350672889638825,13,1
8,3,Gilles Marini,0.106,1,0,0.0867761386086735,S3-27_percent,0,,0.1927761386086735,2,0
8,3,Melissa Rycroft,0.106,1,0,0.0867762511284035,S3-27_percent,0,,0.1927762511284035,1,0
8,3,Shawn Johnson,0.106,1,0,0.0867759916430725,S3-27_percent,0,,0.1927759916430725,3,0
8,3,Lil' Kim,0.098,4,0,0.0852657495602023,S3-27_percent,0,,0.1832657495602023,4,0
8,3,David Alan Grier,0.094,5,0,0.0810362792212071,S3-27_percent,0,,0.1750362792212071,7,0
8,3,Chuck Wicks,0.091,6,0,0.0850173140880129,S3-27_percent,0,,0.1760173140880129,6,0
8,3,Ty Murray,0.091,6,0,0.0857050390808687,S3-27_percent,0,,0.1767050390808687,5,0
8,3,Lawrence Taylor,0.079,8,0,0.0845352301959739,S3-27_percent,0,,0.1635352301959739,8,0
8,3,Holly Madison,0.067,9,0,0.0776750298814265,S3-27_percent,0,,0.1446750298814265,10,0
8,3,Denise Richards,0.063,10,1,0.0647253422972821,S3-27_percent,0,,0.1277253422972821,11,0
8,3,Steve-O,0.059,11,0,0.0869862919975947,S3-27_percent,0,,0.1459862919975947,9,0
8,3,Steve Wozniak,0.039,12,0,0.0887253422972819,S3-27_percent,0,,0.1277253422972819,12,1
8,4,Gilles Marini,0.124,1,0,0.096357518970881,S3-27_percent,0,,0.22035751897088102,1,0
8,4,Melissa Rycroft,0.12,2,0,0.0963577260147253,S3-27_percent,0,,0.2163577260147253,2,0
8,4,Lil' Kim,0.112,3,0,0.0932044221296869,S3-27_percent,0,,0.2052044221296869,3,0
8,4,Shawn Johnson,0.103,4,0,0.0963572725232447,S3-27_percent,0,,0.1993572725232447,4,0
8,4,Ty Murray,0.103,4,0,0.0941237330026618,S3-27_percent,0,,0.19712373300266178,5,0
8,4,Chuck Wicks,0.091,6,0,0.0926842952873017,S3-27_percent,0,,0.18368429528730168,6,0
8,4,David Alan Grier,0.091,6,0,0.0842754189729391,S3-27_percent,0,,0.17527541897293908,7,0
8,4,Lawrence Taylor,0.079,8,0,0.0916723630572946,S3-27_percent,0,,0.1706723630572946,8,0
8,4,Holly Madison,0.066,9,1,0.0770684750524535,S3-27_percent,0,,0.14306847505245351,10,0
8,4,Steve-O,0.062,10,0,0.0940160404374982,S3-27_percent,0,,0.1560160404374982,9,0
8,4,Steve Wozniak,0.05,11,1,0.0838827345513127,S3-27_percent,0,,0.13388273455131272,11,1
8,5,Gilles Marini,0.138,1,0,0.1177141275253817,S3-27_percent,0,,0.2557141275253817,1,0
8,5,Lil' Kim,0.124,2,0,0.1112548713926923,S3-27_percent,0,,0.2352548713926923,4,0
8,5,Shawn Johnson,0.124,2,0,0.1177141181006239,S3-27_percent,0,,0.2417141181006239,2,0
8,5,Melissa Rycroft,0.119,4,0,0.1177142771547673,S3-27_percent,0,,0.23671427715476728,3,0
8,5,Chuck Wicks,0.11,5,0,0.1101833193189383,S3-27_percent,0,,0.2201833193189383,5,0
8,5,David Alan Grier,0.105,6,1,0.0925910498940388,S3-27_percent,0,,0.1975910498940388,9,1
8,5,Ty Murray,0.1,7,0,0.1131448876846337,S3-27_percent,0,,0.2131448876846337,6,0
8,5,Lawrence Taylor,0.095,8,0,0.1080922990348847,S3-27_percent,0,,0.20309229903488468,7,0
8,5,Steve-O,0.086,9,0,0.1115910498940389,S3-27_percent,0,,0.1975910498940389,8,0
8,6,Lil' Kim,0.151,1,0,0.1218929460325627,S3-27_percent,0,,0.2728929460325627,4,0
8,6,Melissa Rycroft,0.145,2,0,0.1344802834422134,S3-27_percent,0,,0.27948028344221343,1,0
8,6,Gilles Marini,0.14,3,0,0.1344800876805379,S3-27_percent,0,,0.2744800876805379,3,0
8,6,Shawn Johnson,0.14,3,0,0.1344805300500989,S3-27_percent,0,,0.2744805300500989,2,0
8,6,Chuck Wicks,0.124,5,0,0.1197860414686226,S3-27_percent,0,,0.2437860414686226,5,0
8,6,Lawrence Taylor,0.118,6,0,0.1156580132789287,S3-27_percent,0,,0.2336580132789287,6,0
8,6,Ty Murray,0.097,7,0,0.1255957346657351,S3-27_percent,0,,0.2225957346657351,7,0
8,6,Steve-O,0.086,8,1,0.1136263633813004,S3-27_percent,0,,0.1996263633813004,8,1
8,7,Melissa Rycroft,0.159,1,0,0.1576358399880225,S3-27_percent,0,,0.31663583998802247,1,0
8,7,Shawn Johnson,0.154,2,0,0.1576363387618452,S3-27_percent,0,,0.3116363387618452,2,0
8,7,Chuck Wicks,0.148,3,0,0.1299927002061747,S3-27_percent,0,,0.2779927002061747,4,0
8,7,Gilles Marini,0.148,3,0,0.157635480545543,S3-27_percent,0,,0.305635480545543,3,0
8,7,Lil' Kim,0.143,5,0,0.1340066341446803,S3-27_percent,0,,0.2770066341446803,5,0
8,7,Ty Murray,0.132,6,0,0.1410184380682588,S3-27_percent,0,,0.2730184380682588,6,0
8,7,Lawrence Taylor,0.115,7,1,0.1220745682854752,S3-27_percent,0,,0.23707456828547518,7,1
8,8,Lil' Kim,0.179,1,0,0.144366311168549,S3-27_percent,0,,0.32336631116854897,5,0
8,8,Gilles Marini,0.176,2,0,0.1871568379476559,S3-27_percent,0,,0.36315683794765585,1,0
8,8,Shawn Johnson,0.167,3,0,0.1871576446344297,S3-27_percent,0,,0.35415764463442967,2,0
8,8,Ty Murray,0.167,3,0,0.1572372855874551,S3-27_percent,0,,0.3242372855874551,4,0
8,8,Chuck Wicks,0.163,5,1,0.1369245431431046,S3-27_percent,0,,0.29992454314310457,6,1
8,8,Melissa Rycroft,0.147,6,0,0.1871573775188054,S3-27_percent,0,,0.33415737751880537,3,0
8,9,Melissa Rycroft,0.213,1,0,0.2253730112645547,S3-27_percent,0,,0.4383730112645547,1,0
8,9,Gilles Marini,0.21,2,0,0.2253725942684693,S3-27_percent,0,,0.4353725942684693,3,0
8,9,Shawn Johnson,0.21,2,0,0.225373208103935,S3-27_percent,0,,0.435373208103935,2,0
8,9,Lil' Kim,0.195,4,1,0.1504405931815204,S3-27_percent,0,,0.34544059318152043,5,1
8,9,Ty Murray,0.172,5,0,0.1734405931815205,S3-27_percent,0,,0.3454405931815205,4,0
8,10,Gilles Marini,0.274,1,0,0.272952740654857,S3-27_percent,0,,0.546952740654857,1,0
8,10,Shawn Johnson,0.256,2,0,0.2729533122292205,S3-27_percent,0,,0.5289533122292205,2,0
8,10,Melissa Rycroft,0.251,3,0,0.2729526525617109,S3-27_percent,0,,0.5239526525617109,3,0
8,10,Ty Murray,0.219,4,1,0.1811412945542116,S3-27_percent,0,,0.4001412945542116,4,1
8,11,Shawn Johnson,0.343,1,0,0.3333340030577119,S3-27_percent,0,,0.6763340030577119,1,0
8,11,Gilles Marini,0.331,2,0,0.3333332627813185,S3-27_percent,0,,0.6643332627813185,2,0
8,11,Melissa Rycroft,0.326,3,0,0.3333327341609695,S3-27_percent,0,,0.6593327341609695,3,1
9,1,Joanna Krupa,0.084,1,0,0.0644889726787345,S3-27_percent,0,,0.1484889726787345,1,0
9,1,Aaron Carter,0.079,2,0,0.064381851682598,S3-27_percent,0,,0.14338185168259798,2,0
9,1,Mya,0.076,3,0,0.0649807384881396,S3-27_percent,0,,0.14098073848813958,4,0
9,1,Kelly Osbourne,0.076,4,0,0.0649807696806363,S3-27_percent,0,,0.1409807696806363,3,0
9,1,Donny Osmond,0.074,5,0,0.0649806514964739,S3-27_percent,0,,0.1389806514964739,5,0
9,1,Mark Dacascos,0.071,6,0,0.0640121019964726,S3-27_percent,0,,0.1350121019964726,6,0
9,1,Louie Vito,0.067,7,0,0.0638251364790007,S3-27_percent,0,,0.1308251364790007,7,0
9,1,Natalie Coughlin,0.067,7,0,0.0637963750477639,S3-27_percent,0,,0.13079637504776392,8,0
9,1,Melissa Joan Hart,0.059,9,0,0.0637841193961638,S3-27_percent,0,,0.1227841193961638,9,0
9,1,Chuck Liddell,0.054,10,0,0.0633479571093268,S3-27_percent,0,,0.1173479571093268,10,0
9,1,Debi Mazar,0.054,10,0,0.0612261953513399,S3-27_percent,0,,0.1152261953513399,11,0
9,1,Kathy Ireland,0.049,12,0,0.0613370430890133,S3-27_percent,0,,0.11033704308901329,14,0
9,1,Tom DeLay,0.049,12,0,0.0616101019721815,S3-27_percent,0,,0.1106101019721815,13,0
9,1,Michael Irvin,0.047,14,0,0.0643189645838038,S3-27_percent,0,,0.1113189645838038,12,0
9,1,Ashley Hamiliton,0.047,15,1,0.0544645104741856,S3-27_percent,0,,0.1014645104741856,15,0
9,1,Macy Gray,0.047,15,1,0.0544645104741653,S3-27_percent,0,,0.1014645104741653,16,1
9,2,Aaron Carter,0.092,1,0,0.0727459317569061,S3-27_percent,0,,0.1647459317569061,2,0
9,2,Mya,0.092,1,0,0.0738077045609962,S3-27_percent,0,,0.1658077045609962,1,0
9,2,Donny Osmond,0.085,3,0,0.0738076116339975,S3-27_percent,0,,0.1588076116339975,3,0
9,2,Debi Mazar,0.071,4,0,0.0670774503483153,S3-27_percent,0,,0.1380774503483153,9,0
9,2,Mark Dacascos,0.071,4,0,0.0720880996707171,S3-27_percent,0,,0.1430880996707171,4,0
9,2,Natalie Coughlin,0.071,4,0,0.0717035486388122,S3-27_percent,0,,0.14270354863881218,5,0
9,2,Joanna Krupa,0.068,7,0,0.0729360139963982,S3-27_percent,0,,0.1409360139963982,6,0
9,2,Michael Irvin,0.068,7,0,0.0726341555825216,S3-27_percent,0,,0.14063415558252162,7,0
9,2,Chuck Liddell,0.065,9,0,0.0709024740090778,S3-27_percent,0,,0.1359024740090778,12,0
9,2,Kelly Osbourne,0.065,9,0,0.0738077318044779,S3-27_percent,0,,0.13880773180447792,8,0
9,2,Louie Vito,0.065,9,0,0.0717551153215448,S3-27_percent,0,,0.1367551153215448,10,0
9,2,Melissa Joan Hart,0.065,9,0,0.0716817188005186,S3-27_percent,0,,0.1366817188005186,11,0
9,2,Kathy Ireland,0.061,13,1,0.067278688246926,S3-27_percent,0,,0.128278688246926,14,1
9,2,Tom DeLay,0.061,13,0,0.0677737556287901,S3-27_percent,0,,0.1287737556287901,13,0
9,3,Mya,0.105,1,0,0.081323923700858,S3-27_percent,0,,0.18632392370085799,1,0
9,3,Natalie Coughlin,0.101,2,0,0.0768537908711282,S3-27_percent,0,,0.1778537908711282,2,0
9,3,Joanna Krupa,0.089,3,0,0.0794782160739686,S3-27_percent,0,,0.1684782160739686,3,0
9,3,Aaron Carter,0.081,4,0,0.0790747835624158,S3-27_percent,0,,0.1600747835624158,5,0
9,3,Donny Osmond,0.081,4,0,0.0813239084663629,S3-27_percent,0,,0.1623239084663629,4,0
9,3,Kelly Osbourne,0.078,6,0,0.0813239602977934,S3-27_percent,0,,0.1593239602977934,6,0
9,3,Louie Vito,0.078,6,0,0.0769643562912823,S3-27_percent,0,,0.1549643562912823,7,0
9,3,Melissa Joan Hart,0.074,8,0,0.0768073060477431,S3-27_percent,0,,0.15080730604774312,8,0
9,3,Mark Dacascos,0.07,9,0,0.0776745649733311,S3-27_percent,0,,0.1476745649733311,9,0
9,3,Chuck Liddell,0.066,10,0,0.0751383354102803,S3-27_percent,0,,0.1411383354102803,10,0
9,3,Debi Mazar,0.066,10,1,0.0668373278113559,S3-27_percent,0,,0.1328373278113559,11,0
9,3,Tom DeLay,0.058,12,1,0.0683621986821239,S3-27_percent,0,,0.1263621986821239,13,1
9,3,Michael Irvin,0.054,13,0,0.0788373278113559,S3-27_percent,0,,0.1328373278113559,11,0
9,4,Melissa Joan Hart,0.116,1,0,0.0871685028599309,S3-27_percent,0,,0.2031685028599309,2,0
9,4,Mya,0.116,1,0,0.0969327350097619,S3-27_percent,0,,0.2129327350097619,1,0
9,4,Joanna Krupa,0.107,3,0,0.0929650614038453,S3-27_percent,0,,0.1999650614038453,3,0
9,4,Donny Osmond,0.099,4,0,0.0969326892979784,S3-27_percent,0,,0.1959326892979784,4,0
9,4,Natalie Coughlin,0.099,4,0,0.0872697104521416,S3-27_percent,0,,0.1862697104521416,6,0
9,4,Kelly Osbourne,0.095,6,0,0.0969327247726788,S3-27_percent,0,,0.1919327247726788,5,0
9,4,Mark Dacascos,0.091,7,0,0.0890579468025825,S3-27_percent,0,,0.1800579468025825,7,0
9,4,Aaron Carter,0.074,8,0,0.0920938962268582,S3-27_percent,0,,0.1660938962268582,8,0
9,4,Chuck Liddell,0.07,9,1,0.0835113754682345,S3-27_percent,0,,0.1535113754682345,10,1
9,4,Louie Vito,0.066,10,0,0.0875113754682345,S3-27_percent,0,,0.1535113754682345,10,0
9,4,Michael Irvin,0.066,10,0,0.0896239822377529,S3-27_percent,0,,0.15562398223775292,9,0
9,5,Donny Osmond,0.12,1,0,0.1111088918868624,S3-27_percent,0,,0.2311088918868624,1,0
9,5,Mya,0.112,2,0,0.111108895406536,S3-27_percent,0,,0.223108895406536,2,0
9,5,Mark Dacascos,0.107,3,0,0.0947722238856654,S3-27_percent,0,,0.2017722238856654,5,0
9,5,Aaron Carter,0.099,4,0,0.1011199685356818,S3-27_percent,0,,0.2001199685356818,6,0
9,5,Joanna Krupa,0.099,4,0,0.1029297006861505,S3-27_percent,0,,0.20192970068615052,4,0
9,5,Kelly Osbourne,0.099,4,0,0.1111089051947767,S3-27_percent,0,,0.2101089051947767,3,0
9,5,Melissa Joan Hart,0.095,7,0,0.090788419086624,S3-27_percent,0,,0.185788419086624,7,0
9,5,Louie Vito,0.091,8,0,0.0910023004532872,S3-27_percent,0,,0.1820023004532872,9,1
9,5,Natalie Coughlin,0.091,8,1,0.0910023004532872,S3-27_percent,0,,0.1820023004532872,9,0
9,5,Michael Irvin,0.087,10,0,0.0950583944111283,S3-27_percent,0,,0.1820583944111283,8,0
9,6,Joanna Krupa,0.138,1,0,0.115254979072503,S3-27_percent,0,,0.253254979072503,2,0
9,6,Mya,0.127,2,0,0.1314689492170319,S3-27_percent,0,,0.2584689492170319,1,0
9,6,Aaron Carter,0.127,3,0,0.1116197828961092,S3-27_percent,0,,0.2386197828961092,4,0
9,6,Mark Dacascos,0.123,4,0,0.0987186027241914,S3-27_percent,0,,0.22171860272419142,6,0
9,6,Donny Osmond,0.119,5,0,0.1314690074537479,S3-27_percent,0,,0.2504690074537479,3,0
9,6,Kelly Osbourne,0.096,6,0,0.1314689215279172,S3-27_percent,0,,0.2274689215279172,5,0
9,6,Louie Vito,0.092,7,1,0.0906309937539117,S3-27_percent,0,,0.1826309937539117,8,0
9,6,Melissa Joan Hart,0.092,8,1,0.0904931743974886,S3-27_percent,0,,0.18249317439748858,9,1
9,6,Michael Irvin,0.085,9,0,0.0988755889570988,S3-27_percent,0,,0.18387558895709882,7,0
9,7,Joanna Krupa,0.157,1,0,0.1399692090168708,S3-27_percent,0,,0.2969692090168708,4,0
9,7,Aaron Carter,0.151,2,0,0.1329059917799669,S3-27_percent,0,,0.2839059917799669,5,0
9,7,Donny Osmond,0.148,3,0,0.1707991506424745,S3-27_percent,0,,0.3187991506424745,1,0
9,7,Kelly Osbourne,0.148,3,0,0.1707990167560445,S3-27_percent,0,,0.3187990167560445,2,0
9,7,Mya,0.14,5,0,0.1707990470822404,S3-27_percent,0,,0.3107990470822404,3,0
9,7,Michael Irvin,0.134,6,1,0.1074173814117229,S3-27_percent,0,,0.24141738141172292,6,0
9,7,Mark Dacascos,0.123,7,1,0.1073102033106796,S3-27_percent,0,,0.23031020331067958,7,1
9,8,Mya,0.225,1,0,0.2247756111923312,S3-27_percent,0,,0.4497756111923312,1,0
9,8,Joanna Krupa,0.198,2,0,0.1693766688385975,S3-27_percent,0,,0.36737666883859754,4,0
9,8,Kelly Osbourne,0.195,3,0,0.2247756041367504,S3-27_percent,0,,0.4197756041367504,2,0
9,8,Aaron Carter,0.191,4,1,0.1562963811345508,S3-27_percent,0,,0.3472963811345508,5,1
9,8,Donny Osmond,0.191,4,0,0.2247757346977699,S3-27_percent,0,,0.4157757346977699,3,0
9,9,Mya,0.272,1,0,0.2735291717084396,S3-27_percent,0,,0.5455291717084396,1,0
9,9,Joanna Krupa,0.253,2,1,0.1794123058112811,S3-27_percent,0,,0.4324123058112811,4,1
9,9,Kelly Osbourne,0.244,3,0,0.2735291989871929,S3-27_percent,0,,0.5175291989871929,2,0
9,9,Donny Osmond,0.231,4,0,0.2735293234930863,S3-27_percent,0,,0.5045293234930863,3,0
9,10,Donny Osmond,0.351,1,0,0.3333334099722248,S3-27_percent,0,,0.6843334099722248,1,0
9,10,Mya,0.343,2,0,0.3333332806927513,S3-27_percent,0,,0.6763332806927513,2,0
9,10,Kelly Osbourne,0.306,3,0,0.3333333093350238,S3-27_percent,0,,0.6393333093350237,3,1
10,1,Nicole Scherzinger,0.12,1,0,0.0929795028628741,S3-27_percent,0,,0.2129795028628741,1,0
10,1,Evan Lysacek,0.11,2,0,0.092979471750251,S3-27_percent,0,,0.202979471750251,2,0
10,1,Erin Andrews,0.1,3,0,0.092979557950637,S3-27_percent,0,,0.192979557950637,3,0
10,1,Pamela Anderson,0.1,3,0,0.0916411680496848,S3-27_percent,0,,0.1916411680496848,4,0
10,1,Jake Pavelka,0.096,5,0,0.0912746029436184,S3-27_percent,0,,0.18727460294361842,5,0
10,1,Chad Ochocinco,0.086,6,0,0.0920958202002491,S3-27_percent,0,,0.1780958202002491,6,0
10,1,Niecy Nash,0.086,6,0,0.0919002869634933,S3-27_percent,0,,0.1779002869634933,7,0
10,1,Shannen Doherty,0.086,6,0,0.0753834134541098,S3-27_percent,0,,0.16138341345410978,11,1
10,1,Kate Gosselin,0.077,9,0,0.0907266526289966,S3-27_percent,0,,0.1677266526289966,8,0
10,1,Aiden Turner,0.072,10,0,0.0898643606823221,S3-27_percent,0,,0.1618643606823221,10,0
10,1,Buzz Aldrin,0.067,11,0,0.0981751625137632,S3-27_percent,0,,0.16517516251376319,9,0
10,2,Nicole Scherzinger,0.127,1,0,0.0941988237547615,S3-27_percent,0,,0.22119882375476152,1,0
10,2,Evan Lysacek,0.109,2,0,0.0941988335700964,S3-27_percent,0,,0.20319883357009638,2,0
10,2,Erin Andrews,0.105,3,0,0.0941988700778053,S3-27_percent,0,,0.1991988700778053,3,0
10,2,Pamela Anderson,0.1,4,0,0.0921355695682637,S3-27_percent,0,,0.19213556956826372,4,0
10,2,Niecy Nash,0.095,5,0,0.0925358919931824,S3-27_percent,0,,0.1875358919931824,5,0
10,2,Jake Pavelka,0.091,6,0,0.0915686199134401,S3-27_percent,0,,0.1825686199134401,6,0
10,2,Shannen Doherty,0.091,6,1,0.0661131693244659,S3-27_percent,0,,0.1571131693244659,10,1
10,2,Aiden Turner,0.086,8,0,0.0893798152059285,S3-27_percent,0,,0.1753798152059285,7,0
10,2,Chad Ochocinco,0.073,9,0,0.0928376570035741,S3-27_percent,0,,0.1658376570035741,8,0
10,2,Kate Gosselin,0.068,10,0,0.0907195802640157,S3-27_percent,0,,0.15871958026401572,9,0
10,2,Buzz Aldrin,0.055,11,0,0.1021131693244659,S3-27_percent,0,,0.1571131693244659,10,0
10,3,Evan Lysacek,0.128,1,0,0.1034573242456201,S3-27_percent,0,,0.2314573242456201,1,0
10,3,Erin Andrews,0.113,2,0,0.103457330103666,S3-27_percent,0,,0.21645733010366602,2,0
10,3,Nicole Scherzinger,0.113,2,0,0.1034572841830939,S3-27_percent,0,,0.2164572841830939,3,0
10,3,Jake Pavelka,0.103,4,0,0.0984858093913901,S3-27_percent,0,,0.2014858093913901,6,0
10,3,Niecy Nash,0.103,4,0,0.1003200602957869,S3-27_percent,0,,0.2033200602957869,4,0
10,3,Pamela Anderson,0.103,4,0,0.0995617998482952,S3-27_percent,0,,0.2025617998482952,5,0
10,3,Aiden Turner,0.099,7,0,0.0943087586930391,S3-27_percent,0,,0.1933087586930391,8,0
10,3,Chad Ochocinco,0.099,7,0,0.1008908219994233,S3-27_percent,0,,0.19989082199942332,7,0
10,3,Kate Gosselin,0.074,9,0,0.0968699055699546,S3-27_percent,0,,0.1708699055699546,9,0
10,3,Buzz Aldrin,0.064,10,1,0.0991909056697303,S3-27_percent,0,,0.1631909056697303,10,1
10,4,Evan Lysacek,0.14,1,0,0.1177437271621672,S3-27_percent,0,,0.2577437271621672,1,0
10,4,Nicole Scherzinger,0.135,2,0,0.1177436645495299,S3-27_percent,0,,0.2527436645495299,2,0
10,4,Pamela Anderson,0.127,3,0,0.1100969225658989,S3-27_percent,0,,0.2370969225658989,3,0
10,4,Chad Ochocinco,0.119,4,0,0.1127158772275498,S3-27_percent,0,,0.2317158772275498,4,0
10,4,Erin Andrews,0.105,5,0,0.1177437160544411,S3-27_percent,0,,0.2227437160544411,5,0
10,4,Jake Pavelka,0.102,6,0,0.1079685948972229,S3-27_percent,0,,0.2099685948972229,6,0
10,4,Niecy Nash,0.097,7,0,0.1115924591216229,S3-27_percent,0,,0.2085924591216229,7,0
10,4,Aiden Turner,0.089,8,1,0.099636405578039,S3-27_percent,0,,0.188636405578039,9,1
10,4,Kate Gosselin,0.086,9,0,0.1047586328435278,S3-27_percent,0,,0.1907586328435278,8,0
10,5,Nicole Scherzinger,0.168,1,0,0.1350515076280029,S3-27_percent,0,,0.3030515076280029,1,0
10,5,Evan Lysacek,0.156,2,0,0.1350515875008775,S3-27_percent,0,,0.2910515875008775,2,0
10,5,Jake Pavelka,0.133,3,0,0.1161393150201654,S3-27_percent,0,,0.2491393150201654,4,0
10,5,Erin Andrews,0.127,4,0,0.1350515444634082,S3-27_percent,0,,0.26205154446340817,3,0
10,5,Pamela Anderson,0.121,5,0,0.1202960005128452,S3-27_percent,0,,0.2412960005128452,5,0
10,5,Chad Ochocinco,0.104,6,0,0.1253803636367683,S3-27_percent,0,,0.22938036363676828,6,0
10,5,Niecy Nash,0.104,6,0,0.1232034686405931,S3-27_percent,0,,0.2272034686405931,7,0
10,5,Kate Gosselin,0.087,8,1,0.109826212597339,S3-27_percent,0,,0.196826212597339,8,1
10,6,Nicole Scherzinger,0.172,1,0,0.157629655488882,S3-27_percent,0,,0.329629655488882,1,0
10,6,Erin Andrews,0.163,2,0,0.1576296497631012,S3-27_percent,0,,0.3206296497631012,2,0
10,6,Chad Ochocinco,0.148,3,0,0.139599920413494,S3-27_percent,0,,0.287599920413494,3,0
10,6,Pamela Anderson,0.144,4,0,0.1299803020394659,S3-27_percent,0,,0.2739803020394659,5,0
10,6,Evan Lysacek,0.129,5,0,0.1576297018761343,S3-27_percent,0,,0.2866297018761343,4,0
10,6,Niecy Nash,0.124,6,0,0.1354937815825228,S3-27_percent,0,,0.2594937815825228,6,0
10,6,Jake Pavelka,0.12,7,1,0.1220369888363996,S3-27_percent,0,,0.2420369888363996,7,1
10,7,Evan Lysacek,0.174,1,0,0.1871063471322191,S3-27_percent,0,,0.3611063471322191,1,0
10,7,Nicole Scherzinger,0.174,1,0,0.1871063421191247,S3-27_percent,0,,0.3611063421191247,2,0
10,7,Chad Ochocinco,0.167,3,0,0.154644623375101,S3-27_percent,0,,0.321644623375101,4,0
10,7,Erin Andrews,0.164,4,0,0.18710632030683,S3-27_percent,0,,0.35110632030683,3,0
10,7,Pamela Anderson,0.164,4,1,0.136919878655059,S3-27_percent,0,,0.300919878655059,6,1
10,7,Niecy Nash,0.158,6,0,0.147116488411666,S3-27_percent,0,,0.305116488411666,5,0
10,8,Nicole Scherzinger,0.233,1,0,0.2252575210721534,S3-27_percent,0,,0.45825752107215345,1,0
10,8,Erin Andrews,0.209,2,0,0.2252574887047527,S3-27_percent,0,,0.43425748870475267,2,0
10,8,Evan Lysacek,0.209,2,0,0.2252574736100248,S3-27_percent,0,,0.43425747361002476,3,0
10,8,Chad Ochocinco,0.178,4,0,0.1688364471908928,S3-27_percent,0,,0.3468364471908928,4,0
10,8,Niecy Nash,0.17,5,1,0.1553910694221761,S3-27_percent,0,,0.3253910694221761,5,1
10,9,Evan Lysacek,0.261,1,0,0.2736989510366228,S3-27_percent,0,,0.5346989510366228,2,0
10,9,Nicole Scherzinger,0.261,1,0,0.2736990694926949,S3-27_percent,0,,0.534699069492695,1,0
10,9,Erin Andrews,0.248,3,0,0.2736990231144174,S3-27_percent,0,,0.5216990231144174,3,0
10,9,Chad Ochocinco,0.23,4,1,0.1789029563562647,S3-27_percent,0,,0.4089029563562647,4,1
10,10,Nicole Scherzinger,0.348,1,0,0.3333333892011429,S3-27_percent,0,,0.6813333892011428,1,0
10,10,Erin Andrews,0.327,2,0,0.3333333528751871,S3-27_percent,0,,0.6603333528751871,2,0
10,10,Evan Lysacek,0.325,3,0,0.3333332579236699,S3-27_percent,0,,0.6583332579236699,3,1
11,1,Jennifer Grey,0.106,1,0,0.0861568195464063,S3-27_percent,0,,0.1921568195464063,1,0
11,1,Brandy,0.101,2,0,0.0853071828475884,S3-27_percent,0,,0.1863071828475884,3,0
11,1,Kyle Massey,0.101,2,0,0.0861570380513864,S3-27_percent,0,,0.1871570380513864,2,0
11,1,Rick Fox,0.097,4,0,0.0848621414005827,S3-27_percent,0,,0.1818621414005827,4,0
11,1,Audrina Patridge,0.084,5,0,0.0836938288032268,S3-27_percent,0,,0.1676938288032268,6,0
11,1,Kurt Warner,0.084,5,0,0.0858802618571942,S3-27_percent,0,,0.1698802618571942,5,0
11,1,Bristol Palin,0.079,7,0,0.0861565700641567,S3-27_percent,0,,0.16515657006415668,7,0
11,1,Florence Henderson,0.079,7,0,0.0839655243628646,S3-27_percent,0,,0.1629655243628646,8,0
11,1,Michael Bolton,0.07,9,0,0.0792769402218087,S3-27_percent,0,,0.1492769402218087,9,0
11,1,David Hasselhoff,0.066,10,1,0.0736387897462329,S3-27_percent,0,,0.1396387897462329,12,1
11,1,Margaret Cho,0.066,10,0,0.0817639158849537,S3-27_percent,0,,0.1477639158849537,11,0
11,1,The Situation,0.066,10,0,0.0831409872135979,S3-27_percent,0,,0.14914098721359792,10,0
11,2,Jennifer Grey,0.109,1,0,0.0940067121588565,S3-27_percent,0,,0.20300671215885652,1,0
11,2,Audrina Patridge,0.104,2,0,0.0900933871713801,S3-27_percent,0,,0.19409338717138008,2,0
11,2,Bristol Palin,0.1,3,0,0.0940064836379924,S3-27_percent,0,,0.1940064836379924,4,0
11,2,Kyle Massey,0.1,3,0,0.0940069301667382,S3-27_percent,0,,0.1940069301667382,3,0
11,2,Brandy,0.095,5,0,0.0926619049501912,S3-27_percent,0,,0.1876619049501912,6,0
11,2,Kurt Warner,0.095,5,0,0.0935693743759012,S3-27_percent,0,,0.1885693743759012,5,0
11,2,Rick Fox,0.095,5,0,0.0919551808145341,S3-27_percent,0,,0.1869551808145341,7,0
11,2,Florence Henderson,0.086,8,0,0.0905274612324452,S3-27_percent,0,,0.1765274612324452,8,0
11,2,Margaret Cho,0.081,9,0,0.0869976216484084,S3-27_percent,0,,0.1679976216484084,10,0
11,2,The Situation,0.081,9,0,0.0892090705705175,S3-27_percent,0,,0.17020907057051748,9,0
11,2,Michael Bolton,0.054,11,1,0.0829658732730348,S3-27_percent,0,,0.1369658732730348,11,1
11,3,Audrina Patridge,0.118,1,0,0.0969248732916431,S3-27_percent,0,,0.2149248732916431,1,0
11,3,Brandy,0.109,2,0,0.1018546065500742,S3-27_percent,0,,0.2108546065500742,3,0
11,3,Jennifer Grey,0.109,2,0,0.1044140978711422,S3-27_percent,0,,0.21341409787114218,2,0
11,3,Rick Fox,0.109,2,0,0.1005024639997437,S3-27_percent,0,,0.2095024639997437,4,0
11,3,Kurt Warner,0.104,5,0,0.1035833922082417,S3-27_percent,0,,0.20758339220824168,6,0
11,3,Kyle Massey,0.104,5,0,0.1044140195194386,S3-27_percent,0,,0.2084140195194386,5,0
11,3,Florence Henderson,0.09,7,0,0.0977617170710407,S3-27_percent,0,,0.1877617170710407,8,0
11,3,The Situation,0.09,7,0,0.0952157369529999,S3-27_percent,0,,0.1852157369529999,9,0
11,3,Bristol Palin,0.086,9,0,0.104414030813703,S3-27_percent,0,,0.190414030813703,7,0
11,3,Margaret Cho,0.081,10,1,0.0909150617219726,S3-27_percent,0,,0.1719150617219726,10,1
11,4,Jennifer Grey,0.156,1,0,0.117825707166019,S3-27_percent,0,,0.273825707166019,1,0
11,4,Brandy,0.134,2,0,0.1128110998406894,S3-27_percent,0,,0.2468110998406894,2,0
11,4,Audrina Patridge,0.128,3,0,0.1030391036752253,S3-27_percent,0,,0.2310391036752253,3,0
11,4,Kyle Massey,0.112,4,0,0.1178257652760438,S3-27_percent,0,,0.22982576527604381,4,0
11,4,Rick Fox,0.109,5,0,0.1101453727445142,S3-27_percent,0,,0.2191453727445142,5,0
11,4,Florence Henderson,0.098,6,0,0.1047088991420596,S3-27_percent,0,,0.20270889914205958,8,0
11,4,Kurt Warner,0.095,7,0,0.1162020733860941,S3-27_percent,0,,0.2112020733860941,6,0
11,4,Bristol Palin,0.089,8,0,0.1178258833513194,S3-27_percent,0,,0.2068258833513194,7,0
11,4,The Situation,0.078,9,1,0.0996160954180348,S3-27_percent,0,,0.1776160954180348,9,1
11,5,Brandy,0.148,1,0,0.12558627341877,S3-27_percent,0,,0.27358627341876995,1,0
11,5,Jennifer Grey,0.137,2,0,0.1352306335321821,S3-27_percent,0,,0.27223063353218213,2,0
11,5,Kurt Warner,0.132,3,0,0.1321203315628436,S3-27_percent,0,,0.26412033156284365,3,0
11,5,Rick Fox,0.132,3,0,0.1204114427388911,S3-27_percent,0,,0.2524114427388911,4,0
11,5,Audrina Patridge,0.126,5,0,0.1064416750613737,S3-27_percent,0,,0.2324416750613737,7,0
11,5,Florence Henderson,0.115,6,1,0.1097481641009843,S3-27_percent,0,,0.2247481641009843,8,1
11,5,Kyle Massey,0.11,7,0,0.1352306342425228,S3-27_percent,0,,0.24523063424252278,5,0
11,5,Bristol Palin,0.099,8,0,0.1352308453424322,S3-27_percent,0,,0.23423084534243221,6,0
11,6,Brandy,0.174,1,0,0.1400630760013361,S3-27_percent,0,,0.3140630760013361,1,0
11,6,Audrina Patridge,0.155,2,1,0.1032760183676307,S3-27_percent,0,,0.2582760183676307,6,1
11,6,Rick Fox,0.145,3,0,0.1302749765037977,S3-27_percent,0,,0.27527497650379773,5,0
11,6,Kyle Massey,0.145,4,0,0.1580365674546545,S3-27_percent,0,,0.30303656745465446,2,0
11,6,Jennifer Grey,0.14,5,0,0.1580366119963398,S3-27_percent,0,,0.2980366119963398,3,0
11,6,Bristol Palin,0.135,6,0,0.1580367313086103,S3-27_percent,0,,0.2930367313086103,4,0
11,6,Kurt Warner,0.106,7,0,0.1522760183676307,S3-27_percent,0,,0.2582760183676307,6,0
11,7,Brandy,0.175,1,0,0.1531251770550391,S3-27_percent,0,,0.3281251770550391,4,0
11,7,Jennifer Grey,0.175,1,0,0.1854640494633669,S3-27_percent,0,,0.36046404946336685,1,0
11,7,Kurt Warner,0.168,3,0,0.1553818246993741,S3-27_percent,0,,0.3233818246993741,5,0
11,7,Rick Fox,0.165,4,1,0.1351010683494414,S3-27_percent,0,,0.3001010683494414,6,1
11,7,Kyle Massey,0.161,5,0,0.1854639097433101,S3-27_percent,0,,0.3464639097433101,2,0
11,7,Bristol Palin,0.156,6,0,0.1854639706894682,S3-27_percent,0,,0.3414639706894682,3,0
11,8,Brandy,0.215,1,0,0.1676234811129569,S3-27_percent,0,,0.3826234811129569,4,0
11,8,Jennifer Grey,0.215,1,0,0.2239072017289958,S3-27_percent,0,,0.4389072017289958,1,0
11,8,Kyle Massey,0.211,3,0,0.2239072122701575,S3-27_percent,0,,0.4349072122701575,2,0
11,8,Kurt Warner,0.181,4,1,0.1606550554229947,S3-27_percent,0,,0.3416550554229947,5,1
11,8,Bristol Palin,0.177,5,0,0.2239070494648949,S3-27_percent,0,,0.40090704946489486,3,0
11,9,Jennifer Grey,0.263,1,0,0.2736762071629845,S3-27_percent,0,,0.5366762071629845,1,0
11,9,Kyle Massey,0.254,2,0,0.2736760816616784,S3-27_percent,0,,0.5276760816616783,2,0
11,9,Brandy,0.25,3,1,0.1789717416376272,S3-27_percent,0,,0.4289717416376272,4,1
11,9,Bristol Palin,0.232,4,0,0.2736759695377097,S3-27_percent,0,,0.5056759695377097,3,0
11,10,Jennifer Grey,0.361,1,0,0.3333332933318991,S3-27_percent,0,,0.6943332933318991,1,0
11,10,Kyle Massey,0.329,2,0,0.3333333435784061,S3-27_percent,0,,0.6623333435784061,2,0
11,10,Bristol Palin,0.309,3,0,0.3333333630896947,S3-27_percent,0,,0.6423333630896947,3,1
12,1,Ralph Macchio,0.116,1,0,0.092114000590164,S3-27_percent,0,,0.208114000590164,1,0
12,1,Kirstie Alley,0.111,2,0,0.092932896037782,S3-27_percent,0,,0.203932896037782,2,0
12,1,Chelsea Kane,0.101,3,0,0.0929327004715474,S3-27_percent,0,,0.19393270047154743,4,0
12,1,Hines Ward,0.101,3,0,0.0929329261083381,S3-27_percent,0,,0.19393292610833812,3,0
12,1,Chris Jericho,0.092,5,0,0.0912220743655211,S3-27_percent,0,,0.1832220743655211,6,0
12,1,Romeo,0.092,5,0,0.091779247409263,S3-27_percent,0,,0.183779247409263,5,0
12,1,Kendra Wilkinson,0.087,7,0,0.0919331589904342,S3-27_percent,0,,0.1789331589904342,7,0
12,1,Petra Nemcova,0.087,7,0,0.0906700533556417,S3-27_percent,0,,0.17767005335564168,8,0
12,1,Sugar Ray Leonard,0.082,9,0,0.0893841306195038,S3-27_percent,0,,0.1713841306195038,9,0
12,1,Wendy Williams,0.068,10,0,0.0883570449029061,S3-27_percent,0,,0.1563570449029061,10,0
12,1,Mike Catherwood,0.063,11,0,0.0857417671488982,S3-27_percent,0,,0.1487417671488982,11,1
12,2,Chris Jericho,0.106,1,0,0.0914080725682103,S3-27_percent,0,,0.1974080725682103,3,0
12,2,Hines Ward,0.106,1,0,0.0940480741963628,S3-27_percent,0,,0.20004807419636278,1,0
12,2,Romeo,0.106,1,0,0.0922695834041661,S3-27_percent,0,,0.19826958340416612,2,0
12,2,Ralph Macchio,0.097,4,0,0.0927865572525299,S3-27_percent,0,,0.1897865572525299,4,0
12,2,Kirstie Alley,0.093,5,0,0.0940481499612686,S3-27_percent,0,,0.18704814996126862,5,0
12,2,Kendra Wilkinson,0.088,6,0,0.092508005976956,S3-27_percent,0,,0.180508005976956,6,0
12,2,Chelsea Kane,0.083,7,0,0.0940480402341934,S3-27_percent,0,,0.1770480402341934,7,0
12,2,Petra Nemcova,0.083,7,0,0.090552597182005,S3-27_percent,0,,0.173552597182005,8,0
12,2,Mike Catherwood,0.079,9,1,0.0828301393917633,S3-27_percent,0,,0.1618301393917633,11,1
12,2,Sugar Ray Leonard,0.079,9,0,0.0885527728564382,S3-27_percent,0,,0.16755277285643821,9,0
12,2,Wendy Williams,0.079,9,0,0.0869480069761058,S3-27_percent,0,,0.1659480069761058,10,0
12,3,Hines Ward,0.117,1,0,0.1044258322365279,S3-27_percent,0,,0.2214258322365279,1,0
12,3,Petra Nemcova,0.117,1,0,0.0978038318485265,S3-27_percent,0,,0.21480383184852653,2,0
12,3,Chelsea Kane,0.107,3,0,0.1044260098175577,S3-27_percent,0,,0.21142600981755771,3,0
12,3,Kendra Wilkinson,0.107,3,0,0.1015201359278004,S3-27_percent,0,,0.2085201359278004,4,0
12,3,Chris Jericho,0.098,5,0,0.0994329524414688,S3-27_percent,0,,0.1974329524414688,7,0
12,3,Kirstie Alley,0.098,5,0,0.1044261360150989,S3-27_percent,0,,0.2024261360150989,5,0
12,3,Ralph Macchio,0.098,5,0,0.1020463480091249,S3-27_percent,0,,0.2000463480091249,6,0
12,3,Romeo,0.093,8,0,0.1010679152567257,S3-27_percent,0,,0.1940679152567257,8,0
12,3,Sugar Ray Leonard,0.093,8,0,0.0939736080817517,S3-27_percent,0,,0.1869736080817517,9,0
12,3,Wendy Williams,0.07,10,1,0.0908772303654171,S3-27_percent,0,,0.16087723036541712,10,1
12,4,Chelsea Kane,0.126,1,0,0.1178232421602787,S3-27_percent,0,,0.2438232421602787,1,0
12,4,Hines Ward,0.121,2,0,0.117822730505219,S3-27_percent,0,,0.23882273050521902,2,0
12,4,Ralph Macchio,0.121,2,0,0.1131728226933169,S3-27_percent,0,,0.2341728226933169,3,0
12,4,Chris Jericho,0.112,4,0,0.1080272775292846,S3-27_percent,0,,0.22002727752928458,6,0
12,4,Petra Nemcova,0.112,4,0,0.1047983746970956,S3-27_percent,0,,0.21679837469709562,7,0
12,4,Romeo,0.112,4,0,0.1112509686842622,S3-27_percent,0,,0.2232509686842622,5,0
12,4,Kirstie Alley,0.107,7,0,0.1178232785915173,S3-27_percent,0,,0.2248232785915173,4,0
12,4,Sugar Ray Leonard,0.102,8,1,0.0971406525695127,S3-27_percent,0,,0.1991406525695127,8,1
12,4,Kendra Wilkinson,0.087,9,0,0.1121406525695127,S3-27_percent,0,,0.1991406525695127,8,0
12,5,Hines Ward,0.139,1,0,0.1349382066672949,S3-27_percent,0,,0.2739382066672949,1,0
12,5,Chelsea Kane,0.134,2,0,0.1349388408161645,S3-27_percent,0,,0.2689388408161645,2,0
12,5,Chris Jericho,0.134,2,0,0.1160002527662229,S3-27_percent,0,,0.2500002527662229,5,0
12,5,Romeo,0.134,2,0,0.1222827727491618,S3-27_percent,0,,0.2562827727491618,3,0
12,5,Kirstie Alley,0.119,5,0,0.1349389141911982,S3-27_percent,0,,0.2539389141911982,4,0
12,5,Kendra Wilkinson,0.113,6,0,0.1212423920678774,S3-27_percent,0,,0.2342423920678774,7,0
12,5,Petra Nemcova,0.113,6,1,0.1096542251239569,S3-27_percent,0,,0.22265422512395688,8,1
12,5,Ralph Macchio,0.113,6,0,0.126004395618123,S3-27_percent,0,,0.23900439561812298,6,0
12,6,Chelsea Kane,0.156,1,0,0.1575732659299089,S3-27_percent,0,,0.31357326592990886,1,0
12,6,Romeo,0.156,1,0,0.1339091983355363,S3-27_percent,0,,0.2899091983355363,4,0
12,6,Hines Ward,0.15,3,0,0.1575725239954393,S3-27_percent,0,,0.30757252399543933,2,0
12,6,Kirstie Alley,0.144,4,0,0.157573359273665,S3-27_percent,0,,0.301573359273665,3,0
12,6,Kendra Wilkinson,0.139,5,0,0.1305114260607169,S3-27_percent,0,,0.2695114260607169,6,0
12,6,Ralph Macchio,0.133,6,0,0.1409294132982202,S3-27_percent,0,,0.2739294132982202,5,0
12,6,Chris Jericho,0.122,7,1,0.1219308131065133,S3-27_percent,0,,0.2439308131065133,7,1
12,7,Hines Ward,0.175,1,0,0.1870981163113348,S3-27_percent,0,,0.3620981163113348,1,0
12,7,Ralph Macchio,0.175,1,0,0.1571639813680241,S3-27_percent,0,,0.33216398136802405,4,0
12,7,Chelsea Kane,0.17,3,0,0.1870986261310757,S3-27_percent,0,,0.3570986261310757,2,0
12,7,Kendra Wilkinson,0.162,4,1,0.1372502450406935,S3-27_percent,0,,0.29925024504069353,6,1
12,7,Kirstie Alley,0.159,5,0,0.1870987502513178,S3-27_percent,0,,0.3460987502513178,3,0
12,7,Romeo,0.159,5,0,0.144290280897554,S3-27_percent,0,,0.303290280897554,5,0
12,8,Chelsea Kane,0.212,1,0,0.2253770414910241,S3-27_percent,0,,0.4373770414910241,1,0
12,8,Hines Ward,0.208,2,0,0.2253770697215282,S3-27_percent,0,,0.43337706972152823,2,0
12,8,Kirstie Alley,0.204,3,0,0.2253772456816856,S3-27_percent,0,,0.42937724568168556,3,0
12,8,Romeo,0.2,4,1,0.1504343215528809,S3-27_percent,0,,0.3504343215528809,4,1
12,8,Ralph Macchio,0.177,5,0,0.1734343215528809,S3-27_percent,0,,0.3504343215528809,4,0
12,9,Chelsea Kane,0.311,1,0,0.2729543942346299,S3-27_percent,0,,0.5839543942346299,1,0
12,9,Hines Ward,0.255,2,0,0.2729549628712689,S3-27_percent,0,,0.527954962871269,2,0
12,9,Kirstie Alley,0.23,3,0,0.2729546396757374,S3-27_percent,0,,0.5029546396757374,3,0
12,9,Ralph Macchio,0.204,4,1,0.1811360032183636,S3-27_percent,0,,0.3851360032183636,4,1
12,10,Chelsea Kane,0.34,1,0,0.3333329648092611,S3-27_percent,0,,0.6733329648092612,2,0
12,10,Hines Ward,0.34,1,0,0.3333337613308514,S3-27_percent,0,,0.6733337613308514,1,0
12,10,Kirstie Alley,0.321,3,0,0.3333332738598875,S3-27_percent,0,,0.6543332738598875,3,1
13,1,Chynna Phillips,0.101,1,0,0.0832186408580642,S3-27_percent,0,,0.18421864085806422,2,0
13,1,J.R. Martinez,0.101,1,0,0.0862416272929911,S3-27_percent,0,,0.1872416272929911,1,0
13,1,Hope Solo,0.097,3,0,0.0853917958886078,S3-27_percent,0,,0.18239179588860782,3,0
13,1,Ricki Lake,0.092,4,0,0.0862414887214232,S3-27_percent,0,,0.1782414887214232,4,0
13,1,Kristin Cavallari,0.088,5,0,0.0791367847661634,S3-27_percent,0,,0.1671367847661634,6,0
13,1,David Arquette,0.083,6,0,0.0849546676420681,S3-27_percent,0,,0.16795466764206812,5,0
13,1,Carson Kressley,0.078,7,0,0.0848735374689155,S3-27_percent,0,,0.1628735374689155,8,0
13,1,Chaz Bono,0.078,7,0,0.0880408507783367,S3-27_percent,0,,0.1660408507783367,7,0
13,1,Nancy Grace,0.074,9,0,0.0852036192367998,S3-27_percent,0,,0.1592036192367998,10,0
13,1,Rob Kardashian,0.074,9,0,0.0862415204880706,S3-27_percent,0,,0.1602415204880706,9,0
13,1,Elisabetta Canalis,0.069,11,0,0.0768430424778436,S3-27_percent,0,,0.1458430424778436,11,0
13,1,Metta World Peace (Ron),0.065,12,1,0.0736124243807154,S3-27_percent,0,,0.13861242438071542,12,1
13,2,Ricki Lake,0.103,1,0,0.0941583048546785,S3-27_percent,0,,0.1971583048546785,1,0
13,2,J.R. Martinez,0.099,2,0,0.0941584269253777,S3-27_percent,0,,0.1931584269253777,2,0
13,2,Kristin Cavallari,0.099,2,0,0.0827549872085571,S3-27_percent,0,,0.1817549872085571,6,0
13,2,Chynna Phillips,0.094,4,0,0.0893511994132241,S3-27_percent,0,,0.1833511994132241,5,0
13,2,Elisabetta Canalis,0.094,4,1,0.0789901493605532,S3-27_percent,0,,0.17299014936055318,10,1
13,2,Nancy Grace,0.094,4,0,0.092515110300068,S3-27_percent,0,,0.186515110300068,4,0
13,2,Rob Kardashian,0.094,4,0,0.0941582526985571,S3-27_percent,0,,0.1881582526985571,3,0
13,2,Hope Solo,0.085,8,0,0.0928133324433203,S3-27_percent,0,,0.17781333244332032,7,0
13,2,Carson Kressley,0.081,9,0,0.0919901493605532,S3-27_percent,0,,0.1729901493605532,9,0
13,2,David Arquette,0.081,9,0,0.0921199380745572,S3-27_percent,0,,0.17311993807455722,8,0
13,2,Chaz Bono,0.076,11,0,0.0969901493605532,S3-27_percent,0,,0.17299014936055318,10,0
13,3,Ricki Lake,0.114,1,0,0.1044035957711394,S3-27_percent,0,,0.2184035957711394,1,0
13,3,Chynna Phillips,0.11,2,0,0.0951919773519964,S3-27_percent,0,,0.2051919773519964,4,0
13,3,J.R. Martinez,0.11,2,0,0.1044037258180897,S3-27_percent,0,,0.2144037258180897,2,0
13,3,David Arquette,0.101,4,0,0.1005188190005832,S3-27_percent,0,,0.20151881900058322,6,0
13,3,Hope Solo,0.101,4,0,0.101844076524024,S3-27_percent,0,,0.202844076524024,5,0
13,3,Kristin Cavallari,0.101,4,1,0.0822469134591675,S3-27_percent,0,,0.1832469134591675,9,1
13,3,Rob Kardashian,0.101,4,0,0.1044034904136051,S3-27_percent,0,,0.20540349041360512,3,0
13,3,Carson Kressley,0.097,8,0,0.0984655320353105,S3-27_percent,0,,0.1954655320353105,7,0
13,3,Nancy Grace,0.089,9,0,0.1012749561669163,S3-27_percent,0,,0.1902749561669163,8,0
13,3,Chaz Bono,0.076,10,0,0.1072469134591675,S3-27_percent,0,,0.1832469134591675,9,0
13,4,Ricki Lake,0.139,1,0,0.117253311620007,S3-27_percent,0,,0.25625331162000703,1,0
13,4,J.R. Martinez,0.124,2,0,0.1172534236374116,S3-27_percent,0,,0.2412534236374116,2,0
13,4,Hope Solo,0.115,3,0,0.1122383642969711,S3-27_percent,0,,0.22723836429697108,4,0
13,4,Rob Kardashian,0.115,3,0,0.1172533520107529,S3-27_percent,0,,0.23225335201075292,3,0
13,4,David Arquette,0.11,5,0,0.1096264863519977,S3-27_percent,0,,0.21962648635199772,5,0
13,4,Chaz Bono,0.1,6,0,0.1116203922321247,S3-27_percent,0,,0.2116203922321247,6,0
13,4,Chynna Phillips,0.1,6,1,0.0990188856707134,S3-27_percent,0,,0.1990188856707134,9,1
13,4,Nancy Grace,0.1,6,0,0.1111180247666502,S3-27_percent,0,,0.2111180247666502,7,0
13,4,Carson Kressley,0.096,9,0,0.1046177594133711,S3-27_percent,0,,0.20061775941337112,8,0
13,5,J.R. Martinez,0.149,1,0,0.134727842187962,S3-27_percent,0,,0.283727842187962,1,0
13,5,David Arquette,0.133,2,0,0.1199959884910718,S3-27_percent,0,,0.2529959884910718,5,0
13,5,Rob Kardashian,0.133,2,0,0.1347278123933657,S3-27_percent,0,,0.26772781239336574,2,0
13,5,Hope Solo,0.128,4,0,0.1250716921251393,S3-27_percent,0,,0.2530716921251393,4,0
13,5,Ricki Lake,0.128,4,0,0.1347276251363082,S3-27_percent,0,,0.2627276251363082,3,0
13,5,Nancy Grace,0.117,6,0,0.1228982804274013,S3-27_percent,0,,0.2398982804274013,6,0
13,5,Chaz Bono,0.112,7,0,0.1181568733669367,S3-27_percent,0,,0.2301568733669367,7,0
13,5,Carson Kressley,0.101,8,1,0.1096938858718148,S3-27_percent,0,,0.2106938858718148,8,1
13,6,J.R. Martinez,0.175,1,0,0.1574047454826885,S3-27_percent,0,,0.3324047454826885,1,0
13,6,Ricki Lake,0.175,1,0,0.1574045139172183,S3-27_percent,0,,0.33240451391721826,2,0
13,6,Nancy Grace,0.145,3,0,0.1352858680945185,S3-27_percent,0,,0.2802858680945185,4,0
13,6,David Arquette,0.139,4,0,0.1297775540743518,S3-27_percent,0,,0.2687775540743518,5,0
13,6,Rob Kardashian,0.133,5,0,0.1574045789256393,S3-27_percent,0,,0.2904045789256393,3,0
13,6,Hope Solo,0.12,6,0,0.1393888067800281,S3-27_percent,0,,0.25938880678002807,6,0
13,6,Chaz Bono,0.114,7,1,0.1233339327255553,S3-27_percent,0,,0.2373339327255553,7,1
13,7,Ricki Lake,0.181,1,0,0.1871007098979268,S3-27_percent,0,,0.36810070989792676,1,0
13,7,Rob Kardashian,0.174,2,0,0.1871007334101498,S3-27_percent,0,,0.3611007334101498,2,0
13,7,Hope Solo,0.171,3,0,0.1546474678560347,S3-27_percent,0,,0.3256474678560347,4,0
13,7,J.R. Martinez,0.164,4,0,0.1871009937387348,S3-27_percent,0,,0.3511009937387348,3,0
13,7,David Arquette,0.16,5,1,0.1369284672570702,S3-27_percent,0,,0.2969284672570702,6,1
13,7,Nancy Grace,0.15,6,0,0.1471216278400836,S3-27_percent,0,,0.29712162784008356,5,0
13,8,J.R. Martinez,0.232,1,0,0.2252552203541634,S3-27_percent,0,,0.45725522035416344,1,0
13,8,Hope Solo,0.201,2,0,0.1688391098718792,S3-27_percent,0,,0.3698391098718792,4,0
13,8,Ricki Lake,0.201,2,0,0.2252549404889038,S3-27_percent,0,,0.4262549404889038,2,0
13,8,Rob Kardashian,0.197,4,0,0.225255027881418,S3-27_percent,0,,0.422255027881418,3,0
13,8,Nancy Grace,0.17,5,1,0.1553957014036355,S3-27_percent,0,,0.3253957014036355,5,1
13,9,Ricki Lake,0.283,1,0,0.2736979546246544,S3-27_percent,0,,0.5566979546246544,1,0
13,9,Rob Kardashian,0.274,2,0,0.2736980704587763,S3-27_percent,0,,0.5476980704587764,2,0
13,9,J.R. Martinez,0.236,3,0,0.2736985046269872,S3-27_percent,0,,0.5096985046269872,3,0
13,9,Hope Solo,0.207,4,1,0.1789054702895819,S3-27_percent,0,,0.3859054702895819,4,1
13,10,Rob Kardashian,0.335,1,0,0.3333330354491132,S3-27_percent,0,,0.6683330354491133,1,0
13,10,J.R. Martinez,0.333,2,0,0.3333339007641493,S3-27_percent,0,,0.6663339007641493,2,0
13,10,Ricki Lake,0.331,3,0,0.3333330637867374,S3-27_percent,0,,0.6643330637867374,3,1
14,1,Jaleel White,0.096,1,0,0.0836599267045956,S3-27_percent,0,,0.1796599267045956,2,0
14,1,Katherine Jenkins,0.096,1,0,0.084815508126933,S3-27_percent,0,,0.180815508126933,1,0
14,1,William Levy,0.089,3,0,0.0848157396163061,S3-27_percent,0,,0.1738157396163061,3,0
14,1,Gladys Knight,0.085,4,0,0.0835679676953645,S3-27_percent,0,,0.1685679676953645,5,0
14,1,Jack Wagner,0.085,4,0,0.0814456153570133,S3-27_percent,0,,0.1664456153570133,7,0
14,1,Roshon Fegan,0.085,4,0,0.0837532394612263,S3-27_percent,0,,0.1687532394612263,4,0
14,1,Sherri Sheperd,0.085,4,0,0.082550626878826,S3-27_percent,0,,0.167550626878826,6,0
14,1,Donald Driver,0.078,8,0,0.0848156928052484,S3-27_percent,0,,0.16281569280524838,8,0
14,1,Maria Menounos,0.078,8,0,0.0841447788807342,S3-27_percent,0,,0.1621447788807342,9,0
14,1,Gavin DeGraw,0.074,10,0,0.0831854058527227,S3-27_percent,0,,0.1571854058527227,11,0
14,1,Martina Navratilova,0.074,10,0,0.0793608437586163,S3-27_percent,0,,0.1533608437586163,12,1
14,1,Melissa Gilbert,0.074,10,0,0.0838846548624131,S3-27_percent,0,,0.1578846548624131,10,0
14,2,Katherine Jenkins,0.097,1,0,0.0857055260405674,S3-27_percent,0,,0.1827055260405674,1,0
14,2,Roshon Fegan,0.097,1,0,0.0840130635302923,S3-27_percent,0,,0.18101306353029228,2,0
14,2,Maria Menounos,0.093,3,0,0.0846378690318073,S3-27_percent,0,,0.17763786903180728,4,0
14,2,William Levy,0.093,3,0,0.0857057656495118,S3-27_percent,0,,0.1787057656495118,3,0
14,2,Donald Driver,0.089,5,0,0.0857056966307336,S3-27_percent,0,,0.1747056966307336,5,0
14,2,Sherri Sheperd,0.086,6,0,0.0820872415789415,S3-27_percent,0,,0.1680872415789415,6,0
14,2,Jaleel White,0.082,7,0,0.0838641571689607,S3-27_percent,0,,0.1658641571689607,7,0
14,2,Gavin DeGraw,0.078,8,0,0.0831050761996907,S3-27_percent,0,,0.1611050761996907,8,0
14,2,Jack Wagner,0.078,8,0,0.0803085082647587,S3-27_percent,0,,0.1583085082647587,9,0
14,2,Melissa Gilbert,0.074,10,0,0.0842227505596769,S3-27_percent,0,,0.15822275055967688,10,0
14,2,Gladys Knight,0.071,11,0,0.0837170564317015,S3-27_percent,0,,0.1547170564317015,11,0
14,2,Martina Navratilova,0.063,12,1,0.0769272889133572,S3-27_percent,0,,0.1399272889133572,12,1
14,3,Katherine Jenkins,0.104,1,0,0.0944318628152816,S3-27_percent,0,,0.19843186281528158,1,0
14,3,William Levy,0.1,2,0,0.0944321058487062,S3-27_percent,0,,0.1944321058487062,2,0
14,3,Maria Menounos,0.096,3,0,0.0923405963039434,S3-27_percent,0,,0.1883405963039434,3,0
14,3,Donald Driver,0.093,4,0,0.0944320303846324,S3-27_percent,0,,0.1874320303846324,4,0
14,3,Jaleel White,0.089,5,0,0.0908188785829734,S3-27_percent,0,,0.1798188785829734,6,0
14,3,Roshon Fegan,0.089,5,0,0.0911119119432776,S3-27_percent,0,,0.18011191194327758,5,0
14,3,Gavin DeGraw,0.086,7,0,0.0893204488450548,S3-27_percent,0,,0.1753204488450548,9,0
14,3,Gladys Knight,0.086,7,0,0.0905287603545887,S3-27_percent,0,,0.1765287603545887,8,0
14,3,Jack Wagner,0.086,7,1,0.0837556342830097,S3-27_percent,0,,0.1697556342830097,11,1
14,3,Melissa Gilbert,0.086,7,0,0.09152440114499,S3-27_percent,0,,0.17752440114499,7,0
14,3,Sherri Sheperd,0.086,7,0,0.0873033694935418,S3-27_percent,0,,0.1733033694935418,10,0
14,4,Donald Driver,0.116,1,0,0.1057100046635381,S3-27_percent,0,,0.2217100046635381,1,0
14,4,Maria Menounos,0.112,2,0,0.101475297932332,S3-27_percent,0,,0.213475297932332,2,0
14,4,Roshon Fegan,0.112,2,0,0.0989728848452739,S3-27_percent,0,,0.2109728848452739,3,0
14,4,Katherine Jenkins,0.103,4,0,0.1057098388258447,S3-27_percent,0,,0.2087098388258447,4,0
14,4,Gavin DeGraw,0.099,5,0,0.0953050433592645,S3-27_percent,0,,0.19430504335926452,6,0
14,4,Jaleel White,0.094,6,0,0.0983748654038714,S3-27_percent,0,,0.1923748654038714,8,0
14,4,Melissa Gilbert,0.094,6,0,0.0998139091321392,S3-27_percent,0,,0.1938139091321392,7,0
14,4,William Levy,0.094,6,0,0.1057100420497161,S3-27_percent,0,,0.1997100420497161,5,0
14,4,Sherri Sheperd,0.09,9,1,0.091146556181692,S3-27_percent,0,,0.181146556181692,10,1
14,4,Gladys Knight,0.086,10,0,0.0977815576063276,S3-27_percent,0,,0.18378155760632758,9,0
14,5,Katherine Jenkins,0.129,1,0,0.1205561307927194,S3-27_percent,0,,0.2495561307927194,2,0
14,5,William Levy,0.129,1,0,0.1205562694604906,S3-27_percent,0,,0.2495562694604906,1,0
14,5,Donald Driver,0.121,3,0,0.1205562640837639,S3-27_percent,0,,0.2415562640837639,3,0
14,5,Maria Menounos,0.121,3,0,0.1121342212244597,S3-27_percent,0,,0.2331342212244597,4,0
14,5,Roshon Fegan,0.116,5,0,0.1071095251731312,S3-27_percent,0,,0.2231095251731312,5,0
14,5,Jaleel White,0.107,6,0,0.105903723110338,S3-27_percent,0,,0.212903723110338,6,0
14,5,Gladys Knight,0.098,7,0,0.1047045759668331,S3-27_percent,0,,0.2027045759668331,8,0
14,5,Melissa Gilbert,0.094,8,0,0.1088021017577022,S3-27_percent,0,,0.2028021017577022,7,0
14,5,Gavin DeGraw,0.085,9,1,0.0996771884305616,S3-27_percent,0,,0.1846771884305616,9,1
14,6,Katherine Jenkins,0.151,1,0,0.1405391910716207,S3-27_percent,0,,0.2915391910716207,1,0
14,6,Jaleel White,0.143,2,0,0.1120901627918401,S3-27_percent,0,,0.2550901627918401,4,0
14,6,William Levy,0.14,3,0,0.1405392360467315,S3-27_percent,0,,0.2805392360467315,2,0
14,6,Donald Driver,0.132,4,0,0.1405392314167592,S3-27_percent,0,,0.2725392314167592,3,0
14,6,Melissa Gilbert,0.116,5,0,0.117797741914058,S3-27_percent,0,,0.233797741914058,6,0
14,6,Maria Menounos,0.116,6,0,0.1243089371591009,S3-27_percent,0,,0.2403089371591009,5,0
14,6,Roshon Fegan,0.109,7,0,0.114469749540561,S3-27_percent,0,,0.22346974954056098,7,0
14,6,Gladys Knight,0.093,8,1,0.1097157500593284,S3-27_percent,0,,0.2027157500593284,8,1
14,7,Maria Menounos,0.155,1,0,0.1377162660683385,S3-27_percent,0,,0.2927162660683385,4,0
14,7,Katherine Jenkins,0.147,2,0,0.167890745056386,S3-27_percent,0,,0.314890745056386,1,0
14,7,Donald Driver,0.144,3,0,0.1678906398888848,S3-27_percent,0,,0.31189063988888477,3,0
14,7,William Levy,0.144,3,0,0.1678906802371725,S3-27_percent,0,,0.3118906802371725,2,0
14,7,Roshon Fegan,0.142,5,0,0.1189397125581256,S3-27_percent,0,,0.2609397125581256,5,0
14,7,Jaleel White,0.139,6,1,0.1143359780955462,S3-27_percent,0,,0.2533359780955462,6,1
14,7,Melissa Gilbert,0.128,7,0,0.1253359780955462,S3-27_percent,0,,0.2533359780955462,6,0
14,8,William Levy,0.174,1,0,0.2046114750800316,S3-27_percent,0,,0.37861147508003157,1,0
14,8,Roshon Fegan,0.171,2,1,0.1155441972681352,S3-27_percent,0,,0.2865441972681352,5,0
14,8,Donald Driver,0.168,3,0,0.2046113700332937,S3-27_percent,0,,0.3726113700332937,3,0
14,8,Katherine Jenkins,0.168,3,0,0.2046116113514058,S3-27_percent,0,,0.3726116113514058,2,0
14,8,Maria Menounos,0.162,5,0,0.1505870399137403,S3-27_percent,0,,0.3125870399137403,4,0
14,8,Melissa Gilbert,0.156,6,1,0.1200343063533932,S3-27_percent,0,,0.2760343063533932,6,1
14,9,Maria Menounos,0.257,1,1,0.1800976178216561,S3-27_percent,0,,0.4370976178216561,4,1
14,9,William Levy,0.252,2,0,0.2733007616249315,S3-27_percent,0,,0.5253007616249314,1,0
14,9,Donald Driver,0.248,3,0,0.2733006363326301,S3-27_percent,0,,0.52130063633263,2,0
14,9,Katherine Jenkins,0.243,4,0,0.2733009842207824,S3-27_percent,0,,0.5163009842207824,3,0
14,10,Katherine Jenkins,0.336,1,0,0.3333335783466478,S3-27_percent,0,,0.6693335783466479,1,0
14,10,Donald Driver,0.332,2,0,0.3333331342101883,S3-27_percent,0,,0.6653331342101882,3,1
14,10,William Levy,0.332,2,0,0.3333332874431639,S3-27_percent,0,,0.6653332874431639,2,0
15,1,Emmitt Smith,0.089,1,0,0.0789284753268037,S3-27_percent,0,,0.1679284753268037,1,0
15,1,Gilles Marini,0.087,2,0,0.0787230588378103,S3-27_percent,0,,0.1657230588378103,2,0
15,1,Sabrina Bryan,0.081,3,0,0.078280725173359,S3-27_percent,0,,0.159280725173359,4,0
15,1,Apolo Anton Ohno,0.08,4,0,0.0788408122310942,S3-27_percent,0,,0.1588408122310942,5,0
15,1,Shawn Johnson,0.08,4,0,0.0796905292198818,S3-27_percent,0,,0.1596905292198818,3,0
15,1,Drew Lachey,0.078,6,0,0.0740510319577917,S3-27_percent,0,,0.15205103195779168,9,0
15,1,Helio Castroneves,0.078,6,0,0.0740511330494668,S3-27_percent,0,,0.1520511330494668,8,0
15,1,Kelly Monaco,0.078,6,0,0.0796907486416448,S3-27_percent,0,,0.15769074864164478,6,0
15,1,Melissa Rycroft,0.076,9,0,0.0796908848058733,S3-27_percent,0,,0.1556908848058733,7,0
15,1,Joey Fatone,0.074,10,0,0.0700221113444396,S3-27_percent,0,,0.1440221113444396,12,0
15,1,Bristol Palin,0.071,11,0,0.0802224634336755,S3-27_percent,0,,0.1512224634336755,10,0
15,1,Kirstie Alley,0.069,12,0,0.0787230951503678,S3-27_percent,0,,0.1477230951503678,11,0
15,1,Pamela Anderson,0.061,13,1,0.069084930827791,S3-27_percent,0,,0.130084930827791,13,1
15,2,Sabrina Bryan,0.094,1,0,0.0845290268396173,S3-27_percent,0,,0.1785290268396173,1,0
15,2,Gilles Marini,0.092,2,0,0.0852530244940915,S3-27_percent,0,,0.1772530244940915,3,0
15,2,Shawn Johnson,0.091,3,0,0.0868314210899188,S3-27_percent,0,,0.17783142108991878,2,0
15,2,Apolo Anton Ohno,0.089,4,0,0.0854455968459362,S3-27_percent,0,,0.1744455968459362,4,0
15,2,Melissa Rycroft,0.085,5,0,0.0868317170332337,S3-27_percent,0,,0.1718317170332337,5,0
15,2,Helio Castroneves,0.083,6,0,0.0775220708304866,S3-27_percent,0,,0.16052207083048659,9,0
15,2,Drew Lachey,0.082,7,0,0.0775219743999875,S3-27_percent,0,,0.1595219743999875,10,0
15,2,Emmitt Smith,0.082,7,0,0.085588834715066,S3-27_percent,0,,0.167588834715066,6,0
15,2,Joey Fatone,0.082,7,1,0.0706958409850293,S3-27_percent,0,,0.1526958409850293,11,1
15,2,Kelly Monaco,0.08,10,0,0.0868315726443754,S3-27_percent,0,,0.1668315726443754,7,0
15,2,Kirstie Alley,0.076,11,0,0.0852530791372279,S3-27_percent,0,,0.16125307913722792,8,0
15,2,Bristol Palin,0.065,12,0,0.0876958409850293,S3-27_percent,0,,0.1526958409850293,11,0
15,3,Kelly Monaco,0.097,1,0,0.096258960899142,S3-27_percent,0,,0.19325896089914202,2,0
15,3,Melissa Rycroft,0.097,1,0,0.0962591492862581,S3-27_percent,0,,0.1932591492862581,1,0
15,3,Shawn Johnson,0.095,3,0,0.0962589601062408,S3-27_percent,0,,0.1912589601062408,3,0
15,3,Apolo Anton Ohno,0.092,4,0,0.0935325167901326,S3-27_percent,0,,0.1855325167901326,4,0
15,3,Gilles Marini,0.092,4,0,0.0931522807109976,S3-27_percent,0,,0.1851522807109976,5,0
15,3,Helio Castroneves,0.092,4,1,0.0776091995064924,S3-27_percent,0,,0.1696091995064924,10,0
15,3,Sabrina Bryan,0.092,4,0,0.091720243369281,S3-27_percent,0,,0.183720243369281,7,0
15,3,Emmitt Smith,0.09,8,0,0.0938150539598662,S3-27_percent,0,,0.1838150539598662,6,0
15,3,Drew Lachey,0.086,9,1,0.0776090964287898,S3-27_percent,0,,0.1636090964287898,11,1
15,3,Kirstie Alley,0.086,9,0,0.0931523395920274,S3-27_percent,0,,0.1791523395920274,8,0
15,3,Bristol Palin,0.081,11,0,0.0906321993507717,S3-27_percent,0,,0.1716321993507717,9,0
15,4,Gilles Marini,0.123,1,0,0.1100919132090097,S3-27_percent,0,,0.23309191320900968,3,0
15,4,Shawn Johnson,0.123,1,0,0.1163672490785252,S3-27_percent,0,,0.2393672490785252,1,0
15,4,Kelly Monaco,0.117,3,0,0.1163670843164767,S3-27_percent,0,,0.2333670843164767,2,0
15,4,Melissa Rycroft,0.115,4,0,0.116367281781616,S3-27_percent,0,,0.231367281781616,4,0
15,4,Emmitt Smith,0.112,5,0,0.1114361158449043,S3-27_percent,0,,0.2234361158449043,5,0
15,4,Sabrina Bryan,0.11,6,0,0.1071772996718374,S3-27_percent,0,,0.2171772996718374,7,0
15,4,Apolo Anton Ohno,0.107,7,0,0.1108634909318057,S3-27_percent,0,,0.21786349093180568,6,0
15,4,Bristol Palin,0.1,8,1,0.1012375993386991,S3-27_percent,0,,0.2012375993386991,9,1
15,4,Kirstie Alley,0.093,9,0,0.1100919658271256,S3-27_percent,0,,0.2030919658271256,8,0
15,5,Sabrina Bryan,0.132,1,0,0.1148797523718012,S3-27_percent,0,,0.2468797523718012,7,0
15,5,Apolo Anton Ohno,0.127,2,0,0.1221305593879285,S3-27_percent,0,,0.2491305593879285,4,0
15,5,Gilles Marini,0.127,2,0,0.1206184202576266,S3-27_percent,0,,0.2476184202576266,6,0
15,5,Melissa Rycroft,0.127,2,0,0.1328340257082131,S3-27_percent,0,,0.2598340257082131,2,0
15,5,Shawn Johnson,0.127,2,0,0.1328341071497695,S3-27_percent,0,,0.2598341071497695,1,0
15,5,Emmitt Smith,0.126,6,0,0.1232508112645434,S3-27_percent,0,,0.2492508112645434,3,0
15,5,Kirstie Alley,0.118,7,0,0.1206184601541781,S3-27_percent,0,,0.2386184601541781,8,1
15,5,Kelly Monaco,0.116,8,0,0.1328338637059394,S3-27_percent,0,,0.2488338637059394,5,0
15,6,Apolo Anton Ohno,0.133,1,0,0.1196489537822971,S3-27_percent,0,,0.2526489537822971,4,0
15,6,Sabrina Bryan,0.133,1,1,0.1057733225762487,S3-27_percent,0,,0.23877332257624873,5,0
15,6,Melissa Rycroft,0.131,3,0,0.139752554702993,S3-27_percent,0,,0.270752554702993,1,0
15,6,Shawn Johnson,0.124,4,0,0.1397527285524556,S3-27_percent,0,,0.2637527285524556,2,0
15,6,Gilles Marini,0.122,5,0,0.1167733225762487,S3-27_percent,0,,0.2387733225762487,7,1
15,6,Kirstie Alley,0.122,5,0,0.1167733225762487,S3-27_percent,0,,0.2387733225762487,7,0
15,6,Kelly Monaco,0.119,7,0,0.1397524726572592,S3-27_percent,0,,0.2587524726572592,3,0
15,6,Emmitt Smith,0.117,8,0,0.1217733225762487,S3-27_percent,0,,0.23877332257624873,5,0
15,7,Melissa Rycroft,0.161,1,0,0.1657107555355656,S3-27_percent,0,,0.3267107555355656,1,0
15,7,Shawn Johnson,0.157,2,0,0.1657109410914621,S3-27_percent,0,,0.3227109410914621,2,0
15,7,Kelly Monaco,0.149,3,0,0.1657107665003771,S3-27_percent,0,,0.3147107665003771,3,0
15,7,Emmitt Smith,0.143,4,0,0.1296208418400153,S3-27_percent,0,,0.2726208418400153,4,0
15,7,Gilles Marini,0.138,5,0,0.1224027152479948,S3-27_percent,0,,0.2604027152479948,6,0
15,7,Apolo Anton Ohno,0.136,6,0,0.1284413763586976,S3-27_percent,0,,0.2644413763586976,5,0
15,7,Kirstie Alley,0.116,7,0,0.1224026034258871,S3-27_percent,0,,0.2384026034258871,7,1
15,8,Melissa Rycroft,0.151,1,0,0.1844603415472637,S3-27_percent,0,,0.3354603415472637,1,0
15,8,Apolo Anton Ohno,0.147,2,0,0.117286593166858,S3-27_percent,0,,0.264286593166858,4,0
15,8,Gilles Marini,0.147,2,1,0.1056770654136244,S3-27_percent,0,,0.2526770654136244,6,0
15,8,Emmitt Smith,0.146,4,0,0.1179782083847952,S3-27_percent,0,,0.2639782083847952,5,0
15,8,Kelly Monaco,0.142,5,0,0.1844604172829445,S3-27_percent,0,,0.3264604172829445,2,0
15,8,Shawn Johnson,0.14,6,0,0.1844604731329377,S3-27_percent,0,,0.3244604731329377,3,0
15,8,Kirstie Alley,0.128,7,1,0.1056769010715762,S3-27_percent,0,,0.2336769010715762,7,1
15,9,Shawn Johnson,0.209,1,0,0.2477880167312189,S3-27_percent,0,,0.4567880167312189,1,0
15,9,Melissa Rycroft,0.204,2,0,0.2477879794395693,S3-27_percent,0,,0.4517879794395693,2,0
15,9,Apolo Anton Ohno,0.203,3,1,0.1280691040865698,S3-27_percent,0,,0.3310691040865698,4,0
15,9,Kelly Monaco,0.192,4,0,0.2477880878992156,S3-27_percent,0,,0.43978808789921564,3,0
15,9,Emmitt Smith,0.191,5,1,0.1285668118434263,S3-27_percent,0,,0.3195668118434263,5,1
15,10,Melissa Rycroft,0.336,1,0,0.3333332982733716,S3-27_percent,0,,0.6693332982733716,1,0
15,10,Kelly Monaco,0.333,2,0,0.3333334249867301,S3-27_percent,0,,0.6663334249867301,2,0
15,10,Shawn Johnson,0.331,3,0,0.3333332767398983,S3-27_percent,0,,0.6643332767398984,3,1
16,1,Zendaya,0.105,1,0,0.0844861973347281,S3-27_percent,0,,0.1894861973347281,1,0
16,1,Alexandra Raisman,0.092,2,0,0.0844666762098871,S3-27_percent,0,,0.1764666762098871,3,0
16,1,Dorothy Hamill,0.092,2,0,0.0793618384979363,S3-27_percent,0,,0.1713618384979363,5,0
16,1,Kellie Pickler,0.092,2,0,0.0844861927709583,S3-27_percent,0,,0.17648619277095828,2,0
16,1,Ingo Rademacher,0.087,5,0,0.0841086509343402,S3-27_percent,0,,0.1711086509343402,6,0
16,1,Jacoby Jones,0.087,5,0,0.084506003824367,S3-27_percent,0,,0.17150600382436698,4,0
16,1,Sean Lowe,0.083,7,0,0.0839904815992588,S3-27_percent,0,,0.1669904815992588,7,0
16,1,Lisa Vanderpump,0.079,8,0,0.0825534362557626,S3-27_percent,0,,0.1615534362557626,9,0
16,1,Victor Ortiz,0.079,8,0,0.0835778479103973,S3-27_percent,0,,0.1625778479103973,8,0
16,1,Wynonna Judd,0.079,8,0,0.081447212323381,S3-27_percent,0,,0.160447212323381,10,0
16,1,Andy Dick,0.074,11,0,0.0838246677299644,S3-27_percent,0,,0.1578246677299644,11,0
16,1,D. L. Hughley,0.052,12,0,0.0831907946090185,S3-27_percent,0,,0.1351907946090185,12,1
16,2,Kellie Pickler,0.107,1,0,0.085181299462702,S3-27_percent,0,,0.19218129946270202,2,0
16,2,Zendaya,0.107,1,0,0.0851813046696226,S3-27_percent,0,,0.1921813046696226,1,0
16,2,Alexandra Raisman,0.098,3,0,0.0851502465122971,S3-27_percent,0,,0.1831502465122971,3,0
16,2,Jacoby Jones,0.094,4,0,0.0852128385433184,S3-27_percent,0,,0.1792128385433184,4,0
16,2,Andy Dick,0.082,5,0,0.0841267513071202,S3-27_percent,0,,0.1661267513071202,7,0
16,2,Ingo Rademacher,0.082,5,0,0.0845798213329272,S3-27_percent,0,,0.1665798213329272,5,0
16,2,Sean Lowe,0.082,5,0,0.0843913670651192,S3-27_percent,0,,0.1663913670651192,6,0
16,2,Lisa Vanderpump,0.074,8,0,0.0820914417108897,S3-27_percent,0,,0.15609144171088968,9,0
16,2,Victor Ortiz,0.074,8,0,0.0837324732633095,S3-27_percent,0,,0.1577324732633095,8,0
16,2,Wynonna Judd,0.074,8,0,0.0803106788724181,S3-27_percent,0,,0.15431067887241812,10,0
16,2,D. L. Hughley,0.066,11,0,0.0831133365677282,S3-27_percent,0,,0.14911333656772818,11,0
16,2,Dorothy Hamill,0.061,12,1,0.0769284406925471,S3-27_percent,0,,0.13792844069254712,12,1
16,3,Jacoby Jones,0.111,1,0,0.0934668860101034,S3-27_percent,0,,0.2044668860101034,1,0
16,3,Zendaya,0.111,1,0,0.0934051047375943,S3-27_percent,0,,0.2044051047375943,2,0
16,3,Kellie Pickler,0.106,3,0,0.0934050971689438,S3-27_percent,0,,0.19940509716894378,3,0
16,3,Alexandra Raisman,0.098,4,0,0.09334430097671,S3-27_percent,0,,0.19134430097671,4,0
16,3,Victor Ortiz,0.098,4,0,0.0905580641135259,S3-27_percent,0,,0.1885580641135259,5,0
16,3,Ingo Rademacher,0.089,6,0,0.0922253918599096,S3-27_percent,0,,0.1812253918599096,6,0
16,3,Lisa Vanderpump,0.089,6,0,0.0873107428561422,S3-27_percent,0,,0.17631074285614218,8,0
16,3,Sean Lowe,0.089,6,0,0.091855096791675,S3-27_percent,0,,0.180855096791675,7,0
16,3,Andy Dick,0.077,9,0,0.0913346749297684,S3-27_percent,0,,0.1683346749297684,9,0
16,3,D. L. Hughley,0.068,10,0,0.0893357523320558,S3-27_percent,0,,0.15733575233205582,10,0
16,3,Wynonna Judd,0.064,11,1,0.083758888223571,S3-27_percent,0,,0.147758888223571,11,1
16,4,Alexandra Raisman,0.121,1,0,0.103507775454478,S3-27_percent,0,,0.22450777545447798,1,0
16,4,Kellie Pickler,0.116,2,0,0.1036308622138575,S3-27_percent,0,,0.21963086221385753,3,0
16,4,Zendaya,0.116,2,0,0.1036308625354296,S3-27_percent,0,,0.2196308625354296,2,0
16,4,Jacoby Jones,0.107,4,0,0.1037559509509575,S3-27_percent,0,,0.2107559509509575,4,0
16,4,Ingo Rademacher,0.103,5,0,0.1012374190671236,S3-27_percent,0,,0.2042374190671236,5,0
16,4,Andy Dick,0.094,6,0,0.0994237921044913,S3-27_percent,0,,0.1934237921044913,6,0
16,4,D. L. Hughley,0.094,6,0,0.0953329312095242,S3-27_percent,0,,0.1893329312095242,8,0
16,4,Sean Lowe,0.089,8,0,0.1004841145981544,S3-27_percent,0,,0.1894841145981544,7,0
16,4,Lisa Vanderpump,0.08,9,1,0.0911583863006976,S3-27_percent,0,,0.1711583863006976,10,1
16,4,Victor Ortiz,0.08,9,0,0.097837905565286,S3-27_percent,0,,0.177837905565286,9,0
16,5,Zendaya,0.139,1,0,0.1164208214751598,S3-27_percent,0,,0.2554208214751598,1,0
16,5,Kellie Pickler,0.129,2,0,0.1164208198587433,S3-27_percent,0,,0.2454208198587433,2,0
16,5,Jacoby Jones,0.124,3,0,0.1166695105806817,S3-27_percent,0,,0.2406695105806817,3,0
16,5,Alexandra Raisman,0.12,4,0,0.1161760048587774,S3-27_percent,0,,0.23617600485877738,4,0
16,5,Sean Lowe,0.115,5,0,0.1101355361089661,S3-27_percent,0,,0.2251355361089661,5,0
16,5,Ingo Rademacher,0.1,6,0,0.11164531180935,S3-27_percent,0,,0.21164531180935,6,0
16,5,Victor Ortiz,0.1,6,0,0.1048057731901111,S3-27_percent,0,,0.20480577319011112,7,0
16,5,Andy Dick,0.086,8,0,0.108004917878995,S3-27_percent,0,,0.194004917878995,8,0
16,5,D. L. Hughley,0.086,8,1,0.0997213042392153,S3-27_percent,0,,0.1857213042392153,9,1
16,6,Kellie Pickler,0.143,1,0,0.132564023221842,S3-27_percent,0,,0.275564023221842,1,0
16,6,Alexandra Raisman,0.138,2,0,0.1320922226816487,S3-27_percent,0,,0.2700922226816487,2,0
16,6,Zendaya,0.135,3,0,0.1325640128572275,S3-27_percent,0,,0.26756401285722753,3,0
16,6,Ingo Rademacher,0.122,4,0,0.123312230520185,S3-27_percent,0,,0.245312230520185,5,0
16,6,Sean Lowe,0.122,4,0,0.1203652154981188,S3-27_percent,0,,0.2423652154981188,6,0
16,6,Jacoby Jones,0.119,6,0,0.1330429885265487,S3-27_percent,0,,0.2520429885265487,4,0
16,6,Andy Dick,0.114,7,0,0.1161875560523874,S3-27_percent,0,,0.2301875560523874,7,0
16,6,Victor Ortiz,0.106,8,1,0.1098717506420416,S3-27_percent,0,,0.21587175064204162,8,1
16,7,Alexandra Raisman,0.174,1,0,0.1521518136596008,S3-27_percent,0,,0.3261518136596008,1,0
16,7,Zendaya,0.163,2,0,0.1530288332505293,S3-27_percent,0,,0.31602883325052933,2,0
16,7,Kellie Pickler,0.158,3,0,0.1530288478020051,S3-27_percent,0,,0.3110288478020051,3,0
16,7,Jacoby Jones,0.147,4,0,0.1539184282424437,S3-27_percent,0,,0.3009184282424437,4,0
16,7,Ingo Rademacher,0.136,5,0,0.1356834777809525,S3-27_percent,0,,0.2716834777809525,5,0
16,7,Sean Lowe,0.13,6,0,0.1300897663143964,S3-27_percent,0,,0.2600897663143964,6,0
16,7,Andy Dick,0.092,7,1,0.122098832950072,S3-27_percent,0,,0.21409883295007198,7,1
16,8,Zendaya,0.186,1,0,0.1788721686364142,S3-27_percent,0,,0.3648721686364142,1,0
16,8,Alexandra Raisman,0.18,2,0,0.1773025447694997,S3-27_percent,0,,0.3573025447694997,2,0
16,8,Kellie Pickler,0.177,3,0,0.1788721755850061,S3-27_percent,0,,0.35587217558500606,3,0
16,8,Jacoby Jones,0.167,4,0,0.1804622071233471,S3-27_percent,0,,0.3474622071233471,4,0
16,8,Ingo Rademacher,0.154,5,0,0.1474181599537101,S3-27_percent,0,,0.30141815995371013,5,0
16,8,Sean Lowe,0.135,6,1,0.1370727439320226,S3-27_percent,0,,0.27207274393202263,6,1
16,9,Alexandra Raisman,0.209,1,0,0.2083375802480106,S3-27_percent,0,,0.4173375802480106,2,0
16,9,Jacoby Jones,0.209,1,0,0.2137734807065557,S3-27_percent,0,,0.4227734807065557,1,0
16,9,Kellie Pickler,0.206,3,0,0.211040515127185,S3-27_percent,0,,0.417040515127185,3,0
16,9,Zendaya,0.195,4,0,0.2110404911363173,S3-27_percent,0,,0.4060404911363173,4,0
16,9,Ingo Rademacher,0.181,5,1,0.1558079327819311,S3-27_percent,0,,0.3368079327819311,5,1
16,10,Kellie Pickler,0.256,1,0,0.2499903819585353,S3-27_percent,0,,0.5059903819585353,1,0
16,10,Zendaya,0.256,1,0,0.2499903610053509,S3-27_percent,0,,0.5059903610053509,2,0
16,10,Alexandra Raisman,0.248,3,1,0.2455096285180568,S3-27_percent,0,,0.4935096285180568,4,1
16,10,Jacoby Jones,0.239,4,0,0.2545096285180569,S3-27_percent,0,,0.4935096285180569,3,0
17,1,Amber Riley,0.105,1,0,0.0843580554382803,S3-27_percent,0,,0.1893580554382803,1,0
17,1,Corbin Bleu,0.094,2,0,0.0843584382894913,S3-27_percent,0,,0.1783584382894913,2,0
17,1,Elizabeth Berkley Lauren,0.094,2,0,0.0841007091592199,S3-27_percent,0,,0.17810070915921988,3,0
17,1,Jack Osbourne,0.09,4,0,0.0843592573907026,S3-27_percent,0,,0.1743592573907026,4,0
17,1,"Nicole ""Snooki"" Polizzi",0.09,4,0,0.0838674987980207,S3-27_percent,0,,0.17386749879802071,5,0
17,1,Brant Daugherty,0.086,6,0,0.0839780516005783,S3-27_percent,0,,0.16997805160057827,6,0
17,1,Christina Milian,0.086,6,0,0.082679013038041,S3-27_percent,0,,0.168679013038041,7,0
17,1,Leah Remini,0.082,8,0,0.0846012942753379,S3-27_percent,0,,0.1666012942753379,8,0
17,1,Valerie Harper,0.082,8,0,0.0825549756833652,S3-27_percent,0,,0.1645549756833652,9,0
17,1,Bill Engvall,0.07,10,0,0.0843731865004266,S3-27_percent,0,,0.1543731865004266,10,0
17,1,Keyshawn Johnson,0.066,11,0,0.0791518037231928,S3-27_percent,0,,0.1451518037231928,11,0
17,1,Bill Nye,0.055,12,0,0.081617716103343,S3-27_percent,0,,0.136617716103343,12,1
17,2,Corbin Bleu,0.098,1,0,0.0849786920149024,S3-27_percent,0,,0.1829786920149024,1,0
17,2,Christina Milian,0.094,2,0,0.0822936167772298,S3-27_percent,0,,0.1762936167772298,3,0
17,2,Elizabeth Berkley Lauren,0.094,2,0,0.0845675429145506,S3-27_percent,0,,0.1785675429145506,2,0
17,2,Amber Riley,0.09,4,0,0.0849784532743475,S3-27_percent,0,,0.1749784532743475,6,0
17,2,Jack Osbourne,0.09,4,0,0.0849792471484776,S3-27_percent,0,,0.1749792471484776,5,0
17,2,Leah Remini,0.09,4,0,0.0853650568025047,S3-27_percent,0,,0.1753650568025047,4,0
17,2,Brant Daugherty,0.086,7,0,0.0843722645352041,S3-27_percent,0,,0.1703722645352041,7,0
17,2,Bill Engvall,0.079,8,0,0.0850019013713139,S3-27_percent,0,,0.1640019013713139,8,0
17,2,"Nicole ""Snooki"" Polizzi",0.075,9,0,0.0841957373770571,S3-27_percent,0,,0.1591957373770571,9,0
17,2,Valerie Harper,0.071,10,0,0.0820945977549823,S3-27_percent,0,,0.1530945977549823,10,0
17,2,Keyshawn Johnson,0.068,11,1,0.0765864450147147,S3-27_percent,0,,0.1445864450147147,11,0
17,2,Bill Nye,0.064,12,0,0.0805864450147147,S3-27_percent,0,,0.14458644501471468,12,1
17,3,Brant Daugherty,0.106,1,0,0.0917913789739388,S3-27_percent,0,,0.19779137897393878,1,0
17,3,Christina Milian,0.102,2,0,0.0876858237093134,S3-27_percent,0,,0.1896858237093134,4,0
17,3,Corbin Bleu,0.102,2,0,0.0929819104790588,S3-27_percent,0,,0.19498191047905877,2,0
17,3,Elizabeth Berkley Lauren,0.098,4,0,0.0921744423915093,S3-27_percent,0,,0.19017444239150932,3,0
17,3,"Nicole ""Snooki"" Polizzi",0.098,4,0,0.0914439472766418,S3-27_percent,0,,0.18944394727664182,5,0
17,3,Amber Riley,0.094,6,0,0.0929817526778292,S3-27_percent,0,,0.18698175267782918,8,0
17,3,Bill Engvall,0.094,6,0,0.0930269958369792,S3-27_percent,0,,0.18702699583697918,7,0
17,3,Leah Remini,0.094,6,0,0.0937384326145428,S3-27_percent,0,,0.18773843261454282,6,0
17,3,Jack Osbourne,0.086,9,0,0.092981968485509,S3-27_percent,0,,0.178981968485509,9,0
17,3,Bill Nye,0.063,10,1,0.0839028511056739,S3-27_percent,0,,0.14690285110567392,11,1
17,3,Valerie Harper,0.063,10,0,0.0872904964490034,S3-27_percent,0,,0.15029049644900339,10,0
17,4,Amber Riley,0.114,1,0,0.1028058655641804,S3-27_percent,0,,0.2168058655641804,2,0
17,4,Corbin Bleu,0.114,1,0,0.1028059314011437,S3-27_percent,0,,0.2168059314011437,1,0
17,4,Elizabeth Berkley Lauren,0.114,1,0,0.1011658871413228,S3-27_percent,0,,0.2151658871413228,3,0
17,4,Christina Milian,0.101,4,0,0.0919667722288925,S3-27_percent,0,,0.19296677222889252,7,0
17,4,Jack Osbourne,0.101,4,0,0.1028056506119902,S3-27_percent,0,,0.2038056506119902,5,0
17,4,Leah Remini,0.101,4,0,0.1043378644699479,S3-27_percent,0,,0.2053378644699479,4,0
17,4,"Nicole ""Snooki"" Polizzi",0.101,4,0,0.0996790240436366,S3-27_percent,0,,0.2006790240436366,6,0
17,4,Bill Engvall,0.089,8,0,0.1028969056525396,S3-27_percent,0,,0.19189690565253958,8,0
17,4,Brant Daugherty,0.089,8,0,0.1003871778489058,S3-27_percent,0,,0.1893871778489058,9,0
17,4,Valerie Harper,0.076,10,1,0.0911489210374399,S3-27_percent,0,,0.1671489210374399,10,1
17,5,Christina Milian,0.119,1,1,0.0928359180515019,S3-27_percent,0,,0.2118359180515019,8,1
17,5,Corbin Bleu,0.119,1,0,0.1147886810179006,S3-27_percent,0,,0.2337886810179006,1,0
17,5,Brant Daugherty,0.115,3,0,0.1099516993906866,S3-27_percent,0,,0.2249516993906866,4,0
17,5,Jack Osbourne,0.115,3,0,0.1147884178866106,S3-27_percent,0,,0.22978841788661059,2,0
17,5,"Nicole ""Snooki"" Polizzi",0.115,3,0,0.1085286959107312,S3-27_percent,0,,0.2235286959107312,5,0
17,5,Amber Riley,0.111,6,0,0.1147888589060488,S3-27_percent,0,,0.2257888589060488,3,0
17,5,Elizabeth Berkley Lauren,0.111,6,0,0.1115118754039592,S3-27_percent,0,,0.2225118754039592,6,0
17,5,Bill Engvall,0.102,8,0,0.1149699353810589,S3-27_percent,0,,0.2169699353810589,7,0
17,5,Leah Remini,0.094,9,0,0.1178359180515019,S3-27_percent,0,,0.2118359180515019,8,0
17,6,Amber Riley,0.139,1,0,0.128695801864293,S3-27_percent,0,,0.267695801864293,1,0
17,6,Elizabeth Berkley Lauren,0.139,2,0,0.1223333824170038,S3-27_percent,0,,0.2613333824170038,2,0
17,6,Brant Daugherty,0.134,3,0,0.1192877028052854,S3-27_percent,0,,0.2532877028052854,3,0
17,6,"Nicole ""Snooki"" Polizzi",0.13,4,0,0.1164984579224322,S3-27_percent,0,,0.2464984579224322,5,0
17,6,Leah Remini,0.121,5,0,0.1267480730155626,S3-27_percent,0,,0.2477480730155626,4,0
17,6,Corbin Bleu,0.117,6,0,0.1286954065186968,S3-27_percent,0,,0.2456954065186968,6,0
17,6,Jack Osbourne,0.117,7,0,0.1286953828659532,S3-27_percent,0,,0.24569538286595322,7,0
17,6,Bill Engvall,0.104,8,0,0.1290457925907729,S3-27_percent,0,,0.2330457925907729,8,1
17,7,Amber Riley,0.133,1,0,0.1324901290833199,S3-27_percent,0,,0.2654901290833199,1,0
17,7,Corbin Bleu,0.133,1,0,0.1324896980520949,S3-27_percent,0,,0.2654896980520949,2,0
17,7,Brant Daugherty,0.129,3,0,0.1147156311699423,S3-27_percent,0,,0.2437156311699423,6,0
17,7,Jack Osbourne,0.129,3,0,0.1324899892726337,S3-27_percent,0,,0.26148998927263367,3,0
17,7,Elizabeth Berkley Lauren,0.122,5,0,0.1205071392934767,S3-27_percent,0,,0.2425071392934767,7,0
17,7,"Nicole ""Snooki"" Polizzi",0.122,5,1,0.1093770143185885,S3-27_percent,0,,0.23137701431858848,8,1
17,7,Leah Remini,0.12,7,0,0.1247853756142086,S3-27_percent,0,,0.2447853756142086,5,0
17,7,Bill Engvall,0.113,8,0,0.1331450231957351,S3-27_percent,0,,0.2461450231957351,4,0
17,8,Corbin Bleu,0.156,1,0,0.1529907033261553,S3-27_percent,0,,0.3089907033261553,2,0
17,8,Jack Osbourne,0.156,1,0,0.1529913679155332,S3-27_percent,0,,0.30899136791553317,1,0
17,8,Amber Riley,0.146,3,0,0.1529911510743002,S3-27_percent,0,,0.2989911510743002,3,0
17,8,Leah Remini,0.146,3,0,0.1365338279620125,S3-27_percent,0,,0.2825338279620125,4,0
17,8,Brant Daugherty,0.141,5,1,0.1196476903357101,S3-27_percent,0,,0.2606476903357101,6,1
17,8,Elizabeth Berkley Lauren,0.13,6,0,0.1306476903357101,S3-27_percent,0,,0.2606476903357101,6,0
17,8,Bill Engvall,0.125,7,0,0.1541975690505782,S3-27_percent,0,,0.2791975690505782,5,0
17,9,Corbin Bleu,0.184,1,0,0.178599274118354,S3-27_percent,0,,0.362599274118354,1,0
17,9,Elizabeth Berkley Lauren,0.178,2,1,0.1357504362586181,S3-27_percent,0,,0.3137504362586181,5,1
17,9,Jack Osbourne,0.171,3,0,0.1786004406185923,S3-27_percent,0,,0.3496004406185923,2,0
17,9,Leah Remini,0.171,3,0,0.1476996241721919,S3-27_percent,0,,0.3186996241721919,4,0
17,9,Amber Riley,0.162,5,0,0.1785997885736255,S3-27_percent,0,,0.3405997885736255,3,0
17,9,Bill Engvall,0.133,6,0,0.1807504362586181,S3-27_percent,0,,0.3137504362586181,5,0
17,10,Amber Riley,0.226,1,0,0.2106616106733187,S3-27_percent,0,,0.4366616106733187,1,0
17,10,Corbin Bleu,0.214,2,0,0.2106610501624339,S3-27_percent,0,,0.4246610501624339,2,0
17,10,Jack Osbourne,0.203,3,0,0.2106626644621265,S3-27_percent,0,,0.4136626644621265,3,0
17,10,Leah Remini,0.186,4,1,0.1558201800116384,S3-27_percent,0,,0.3418201800116384,5,1
17,10,Bill Engvall,0.171,5,0,0.2121944946904824,S3-27_percent,0,,0.3831944946904824,4,0
17,11,Amber Riley,0.274,1,0,0.2496804801217202,S3-27_percent,0,,0.5236804801217202,1,0
17,11,Corbin Bleu,0.259,2,0,0.2496797104967119,S3-27_percent,0,,0.5086797104967119,2,0
17,11,Jack Osbourne,0.245,3,0,0.2496816534804314,S3-27_percent,0,,0.49468165348043136,3,0
17,11,Bill Engvall,0.223,4,1,0.2509581559011364,S3-27_percent,0,,0.47395815590113644,4,1
18,1,Charlie White,0.103,1,0,0.0863918043363788,S3-27_percent,0,,0.1893918043363788,1,0
18,1,Candace Cameron Bure,0.095,2,0,0.0868971671470939,S3-27_percent,0,,0.18189716714709392,2,0
18,1,Amy Purdy,0.092,3,0,0.0868294022132884,S3-27_percent,0,,0.1788294022132884,4,0
18,1,Danica McKellar,0.092,3,0,0.0862544154333569,S3-27_percent,0,,0.1782544154333569,5,0
18,1,Meryl Davis,0.092,3,0,0.0868296383945002,S3-27_percent,0,,0.1788296383945002,3,0
18,1,Cody Simpson,0.084,6,0,0.0846747607718638,S3-27_percent,0,,0.1686747607718638,6,0
18,1,Drew Carey,0.08,7,0,0.0863332618706571,S3-27_percent,0,,0.1663332618706571,8,0
18,1,James Maslow,0.08,7,0,0.0867652810058713,S3-27_percent,0,,0.1667652810058713,7,0
18,1,NeNe Leakes,0.08,7,0,0.0860613939813435,S3-27_percent,0,,0.1660613939813435,9,0
18,1,Sean Avery,0.076,10,0,0.0753975036965392,S3-27_percent,0,,0.1513975036965392,10,0
18,1,Diana Nyad,0.069,11,1,0.0677826855745532,S3-27_percent,0,,0.1367826855745532,11,1
18,1,Billy Dee Williams,0.057,12,0,0.0797826855745532,S3-27_percent,0,,0.1367826855745532,11,0
18,2,Charlie White,0.102,1,0,0.0939744142993386,S3-27_percent,0,,0.1959744142993386,3,0
18,2,James Maslow,0.102,1,0,0.0945637417250838,S3-27_percent,0,,0.19656374172508378,2,0
18,2,Meryl Davis,0.102,1,0,0.0946652051889923,S3-27_percent,0,,0.19666520518899228,1,0
18,2,Amy Purdy,0.098,4,0,0.0946649694204833,S3-27_percent,0,,0.1926649694204833,4,0
18,2,Danica McKellar,0.098,4,0,0.093757579456415,S3-27_percent,0,,0.191757579456415,5,0
18,2,Cody Simpson,0.09,6,0,0.0912536357200259,S3-27_percent,0,,0.1812536357200259,6,0
18,2,Candace Cameron Bure,0.086,7,0,0.0947715691107862,S3-27_percent,0,,0.18077156911078618,7,0
18,2,Drew Carey,0.086,7,0,0.0938822274911208,S3-27_percent,0,,0.1798822274911208,8,0
18,2,NeNe Leakes,0.086,7,0,0.0934527555057219,S3-27_percent,0,,0.17945275550572187,9,0
18,2,Sean Avery,0.086,7,1,0.076174251864851,S3-27_percent,0,,0.162174251864851,10,0
18,2,Billy Dee Williams,0.061,11,1,0.0788396502171808,S3-27_percent,0,,0.1398396502171808,11,1
18,3,Meryl Davis,0.125,1,0,0.1125902433246297,S3-27_percent,0,,0.2375902433246297,1,0
18,3,Amy Purdy,0.116,2,0,0.1125900465785302,S3-27_percent,0,,0.22859004657853021,2,0
18,3,Charlie White,0.116,2,0,0.1112801482041683,S3-27_percent,0,,0.2272801482041683,4,0
18,3,Danica McKellar,0.116,2,0,0.1108684245574694,S3-27_percent,0,,0.22686842455746942,5,0
18,3,James Maslow,0.116,2,0,0.1123981031547386,S3-27_percent,0,,0.2283981031547386,3,0
18,3,Cody Simpson,0.113,6,0,0.106086657912683,S3-27_percent,0,,0.219086657912683,6,0
18,3,Candace Cameron Bure,0.103,7,0,0.1127915781342161,S3-27_percent,0,,0.2157915781342161,7,0
18,3,NeNe Leakes,0.1,8,0,0.1102892216921007,S3-27_percent,0,,0.2102892216921007,8,0
18,3,Drew Carey,0.096,9,0,0.1111055764414635,S3-27_percent,0,,0.2071055764414635,9,1
18,4,Meryl Davis,0.131,1,0,0.1139607073262153,S3-27_percent,0,,0.2449607073262153,1,0
18,4,James Maslow,0.118,2,0,0.1135924890293809,S3-27_percent,0,,0.2315924890293809,2,0
18,4,Amy Purdy,0.114,3,0,0.1139605765127884,S3-27_percent,0,,0.2279605765127884,3,0
18,4,Charlie White,0.111,4,0,0.1114460152436878,S3-27_percent,0,,0.2224460152436878,4,0
18,4,Drew Carey,0.111,4,0,0.1111107536581222,S3-27_percent,0,,0.22211075365812222,5,0
18,4,Danica McKellar,0.108,6,0,0.1106541567667286,S3-27_percent,0,,0.2186541567667286,6,0
18,4,NeNe Leakes,0.108,6,0,0.1095388107096531,S3-27_percent,0,,0.21753881070965309,7,0
18,4,Cody Simpson,0.104,8,0,0.1013901214999015,S3-27_percent,0,,0.2053901214999015,9,1
18,4,Candace Cameron Bure,0.094,9,0,0.1143463692535218,S3-27_percent,0,,0.2083463692535218,8,0
18,5,James Maslow,0.124,1,0,0.1159217211673426,S3-27_percent,0,,0.23992172116734262,1,0
18,5,Danica McKellar,0.121,2,0,0.1102643035089287,S3-27_percent,0,,0.23126430350892868,3,0
18,5,Amy Purdy,0.115,3,0,0.1166277105390124,S3-27_percent,0,,0.2316277105390124,2,0
18,5,Charlie White,0.115,3,0,0.1117927561207293,S3-27_percent,0,,0.2267927561207293,5,0
18,5,Meryl Davis,0.112,5,0,0.1166278175650501,S3-27_percent,0,,0.2286278175650501,4,0
18,5,NeNe Leakes,0.112,5,0,0.1081063839783138,S3-27_percent,0,,0.2201063839783138,7,0
18,5,Candace Cameron Bure,0.109,7,0,0.1173666930937176,S3-27_percent,0,,0.2263666930937176,6,0
18,5,Cody Simpson,0.106,8,1,0.0921463070134525,S3-27_percent,0,,0.19814630701345248,8,1
18,5,Drew Carey,0.087,9,0,0.1111463070134525,S3-27_percent,0,,0.19814630701345248,8,0
18,6,Meryl Davis,0.142,1,0,0.1320769172733551,S3-27_percent,0,,0.2740769172733551,1,0
18,6,Amy Purdy,0.135,2,0,0.1320767960255503,S3-27_percent,0,,0.26707679602555034,2,0
18,6,Charlie White,0.128,3,0,0.1228044309025757,S3-27_percent,0,,0.2508044309025757,4,0
18,6,Danica McKellar,0.128,3,0,0.1198510480889429,S3-27_percent,0,,0.2478510480889429,5,0
18,6,James Maslow,0.124,5,0,0.1307293271835,S3-27_percent,0,,0.2547293271835,3,0
18,6,NeNe Leakes,0.117,6,0,0.1156623700508637,S3-27_percent,0,,0.2326623700508637,7,0
18,6,Candace Cameron Bure,0.113,7,0,0.1334847190231143,S3-27_percent,0,,0.2464847190231143,6,0
18,6,Drew Carey,0.113,7,1,0.1133143914520977,S3-27_percent,0,,0.2263143914520977,8,1
18,7,Meryl Davis,0.154,1,0,0.1530188996909694,S3-27_percent,0,,0.3070188996909694,1,0
18,7,Amy Purdy,0.148,2,0,0.1530188267309291,S3-27_percent,0,,0.30101882673092906,3,0
18,7,Candace Cameron Bure,0.146,3,0,0.1556257588340706,S3-27_percent,0,,0.3016257588340706,2,0
18,7,Danica McKellar,0.142,4,0,0.1300739864771712,S3-27_percent,0,,0.2720739864771712,6,0
18,7,Charlie White,0.14,5,0,0.1356694592551038,S3-27_percent,0,,0.2756694592551038,5,0
18,7,James Maslow,0.138,6,0,0.1505171340910245,S3-27_percent,0,,0.28851713409102453,4,0
18,7,NeNe Leakes,0.13,7,1,0.1220759349207312,S3-27_percent,0,,0.2520759349207312,7,1
18,8,Amy Purdy,0.177,1,0,0.1788432879829256,S3-27_percent,0,,0.3558432879829256,1,0
18,8,Charlie White,0.177,1,0,0.1473998802314628,S3-27_percent,0,,0.3243998802314628,5,0
18,8,Danica McKellar,0.168,3,1,0.1370565316585089,S3-27_percent,0,,0.3050565316585089,6,1
18,8,Candace Cameron Bure,0.159,4,0,0.1834938824815619,S3-27_percent,0,,0.3424938824815619,2,0
18,8,James Maslow,0.159,4,0,0.1743631797723807,S3-27_percent,0,,0.3333631797723807,4,0
18,8,Meryl Davis,0.159,4,0,0.17884323787316,S3-27_percent,0,,0.33784323787316,3,0
18,9,Meryl Davis,0.209,1,0,0.2109907394609044,S3-27_percent,0,,0.41999073946090437,1,0
18,9,Amy Purdy,0.204,2,0,0.2109909023436584,S3-27_percent,0,,0.4149909023436584,2,0
18,9,Charlie White,0.199,3,1,0.155785529424505,S3-27_percent,0,,0.35478552942450503,5,1
18,9,James Maslow,0.199,3,0,0.2032640126609381,S3-27_percent,0,,0.40226401266093814,4,0
18,9,Candace Cameron Bure,0.188,5,0,0.218968816109994,S3-27_percent,0,,0.406968816109994,3,0
18,10,Meryl Davis,0.262,1,0,0.2499193426182705,S3-27_percent,0,,0.5119193426182705,1,0
18,10,Amy Purdy,0.259,2,0,0.2499195619043195,S3-27_percent,0,,0.5089195619043195,2,0
18,10,James Maslow,0.253,3,1,0.2370805477387049,S3-27_percent,0,,0.4900805477387049,3,1
18,10,Candace Cameron Bure,0.227,4,0,0.2630805477387049,S3-27_percent,0,,0.4900805477387049,3,0
19,1,Alfonso Ribeiro,0.097,1,0,0.0785339373259025,S3-27_percent,0,,0.1755339373259025,1,0
19,1,Sadie Robertson,0.091,2,0,0.0785332998840712,S3-27_percent,0,,0.1695332998840712,2,0
19,1,Bethany Mota,0.086,3,0,0.0785343255685637,S3-27_percent,0,,0.16453432556856368,3,0
19,1,Lea Thompson,0.086,3,0,0.0782269115875814,S3-27_percent,0,,0.1642269115875814,4,0
19,1,Randy Couture,0.083,5,0,0.0757729769241024,S3-27_percent,0,,0.15877297692410242,6,0
19,1,Jonathan Bennett,0.081,6,0,0.0783686041824516,S3-27_percent,0,,0.1593686041824516,5,0
19,1,Janel Parrish,0.078,7,0,0.0785341498352723,S3-27_percent,0,,0.1565341498352723,7,0
19,1,Tavis Smiley,0.078,7,0,0.0725546768170817,S3-27_percent,0,,0.1505546768170817,9,0
19,1,Tommy Chong,0.073,9,0,0.0784020244797679,S3-27_percent,0,,0.15140202447976792,8,0
19,1,Antonio Sabato Jr.,0.067,10,0,0.0782268540724053,S3-27_percent,0,,0.14522685407240532,11,0
19,1,Michael Waltrip,0.067,10,0,0.0791831428834359,S3-27_percent,0,,0.14618314288343592,10,0
19,1,Lolo Jones,0.059,12,1,0.0691139643771118,S3-27_percent,0,,0.1281139643771118,13,1
19,1,Betsey Johnson,0.054,13,0,0.076015132062252,S3-27_percent,0,,0.130015132062252,12,0
19,2,Lea Thompson,0.097,1,0,0.0844190691115177,S3-27_percent,0,,0.1814190691115177,1,0
19,2,Janel Parrish,0.094,2,0,0.0849227323652859,S3-27_percent,0,,0.17892273236528589,2,0
19,2,Bethany Mota,0.091,3,0,0.0849229820496883,S3-27_percent,0,,0.17592298204968831,3,0
19,2,Alfonso Ribeiro,0.088,4,0,0.0849221411616317,S3-27_percent,0,,0.17292214116163168,4,0
19,2,Antonio Sabato Jr.,0.086,5,0,0.0844192485794035,S3-27_percent,0,,0.1704192485794035,6,0
19,2,Sadie Robertson,0.086,5,0,0.0849214722557085,S3-27_percent,0,,0.17092147225570847,5,0
19,2,Jonathan Bennett,0.083,7,0,0.0846517507527449,S3-27_percent,0,,0.1676517507527449,7,0
19,2,Betsey Johnson,0.077,8,0,0.0807739666774351,S3-27_percent,0,,0.1577739666774351,9,0
19,2,Randy Couture,0.077,8,0,0.0803726814902504,S3-27_percent,0,,0.1573726814902504,10,0
19,2,Tavis Smiley,0.077,8,1,0.074983689702914,S3-27_percent,0,,0.15198368970291398,12,1
19,2,Tommy Chong,0.077,8,0,0.0847065761505053,S3-27_percent,0,,0.1617065761505053,8,0
19,2,Michael Waltrip,0.066,12,0,0.085983689702914,S3-27_percent,0,,0.151983689702914,11,0
19,3,Bethany Mota,0.113,1,0,0.0927790759074357,S3-27_percent,0,,0.20577907590743572,1,0
19,3,Janel Parrish,0.113,1,0,0.0927787693064229,S3-27_percent,0,,0.20577876930642292,2,0
19,3,Tommy Chong,0.096,3,0,0.0923516236602222,S3-27_percent,0,,0.1883516236602222,3,0
19,3,Alfonso Ribeiro,0.091,4,0,0.0927778057948534,S3-27_percent,0,,0.1837778057948534,4,0
19,3,Jonathan Bennett,0.091,4,0,0.0922427123707844,S3-27_percent,0,,0.18324271237078438,6,0
19,3,Sadie Robertson,0.091,4,0,0.092777153999311,S3-27_percent,0,,0.183777153999311,5,0
19,3,Lea Thompson,0.088,7,0,0.0917810221053101,S3-27_percent,0,,0.1797810221053101,7,0
19,3,Antonio Sabato Jr.,0.082,8,0,0.0917818749588236,S3-27_percent,0,,0.1737818749588236,8,0
19,3,Betsey Johnson,0.082,8,0,0.0844965118285657,S3-27_percent,0,,0.1664965118285657,10,0
19,3,Michael Waltrip,0.079,10,0,0.0925462415502787,S3-27_percent,0,,0.1715462415502787,9,0
19,3,Randy Couture,0.074,11,1,0.0836872085179919,S3-27_percent,0,,0.1576872085179919,11,1
19,4,Alfonso Ribeiro,0.125,1,0,0.1024753845434166,S3-27_percent,0,,0.2274753845434166,1,0
19,4,Lea Thompson,0.122,2,0,0.100444203343681,S3-27_percent,0,,0.22244420334368098,2,0
19,4,Sadie Robertson,0.116,3,0,0.1024749382958992,S3-27_percent,0,,0.2184749382958992,3,0
19,4,Janel Parrish,0.112,4,0,0.1024764774688487,S3-27_percent,0,,0.2144764774688487,4,0
19,4,Bethany Mota,0.103,5,0,0.1024766696559089,S3-27_percent,0,,0.20547666965590888,5,0
19,4,Antonio Sabato Jr.,0.091,6,0,0.1004463726553218,S3-27_percent,0,,0.1914463726553218,6,0
19,4,Betsey Johnson,0.091,6,1,0.0853860637841697,S3-27_percent,0,,0.1763860637841697,9,0
19,4,Tommy Chong,0.088,8,0,0.1016081845082757,S3-27_percent,0,,0.1896081845082757,7,0
19,4,Michael Waltrip,0.078,9,0,0.1008256419603083,S3-27_percent,0,,0.1788256419603083,8,0
19,4,Jonathan Bennett,0.075,10,0,0.1013860637841696,S3-27_percent,0,,0.1763860637841696,10,1
19,5,Sadie Robertson,0.136,1,0,0.1136324613956213,S3-27_percent,0,,0.2496324613956213,1,0
19,5,Alfonso Ribeiro,0.129,2,0,0.1136324757837079,S3-27_percent,0,,0.2426324757837079,2,0
19,5,Lea Thompson,0.129,2,0,0.1095656564056934,S3-27_percent,0,,0.2385656564056934,4,0
19,5,Janel Parrish,0.125,4,0,0.1136333511991282,S3-27_percent,0,,0.2386333511991282,3,0
19,5,Bethany Mota,0.121,5,0,0.1136332874402885,S3-27_percent,0,,0.2346332874402885,5,0
19,5,Antonio Sabato Jr.,0.106,6,0,0.1095699662924774,S3-27_percent,0,,0.21556996629247738,6,0
19,5,Jonathan Bennett,0.091,7,0,0.1046809005632688,S3-27_percent,0,,0.1956809005632688,8,0
19,5,Tommy Chong,0.087,8,0,0.1118989900536201,S3-27_percent,0,,0.1988989900536201,7,0
19,5,Michael Waltrip,0.076,9,0,0.109752910866194,S3-27_percent,0,,0.185752910866194,9,1
19,6,Alfonso Ribeiro,0.133,1,0,0.1164414344298674,S3-27_percent,0,,0.2494414344298674,1,0
19,6,Bethany Mota,0.123,2,0,0.1164416249623018,S3-27_percent,0,,0.2394416249623018,2,0
19,6,Sadie Robertson,0.119,3,0,0.1164417313640245,S3-27_percent,0,,0.2354417313640245,3,0
19,6,Janel Parrish,0.113,4,0,0.1164419036647507,S3-27_percent,0,,0.2294419036647507,4,0
19,6,Jonathan Bennett,0.109,5,1,0.0955246399964215,S3-27_percent,0,,0.2045246399964215,8,1
19,6,Lea Thompson,0.109,5,0,0.108516401038919,S3-27_percent,0,,0.217516401038919,5,0
19,6,Michael Waltrip,0.102,7,0,0.1085950261033918,S3-27_percent,0,,0.2105950261033918,6,0
19,6,Antonio Sabato Jr.,0.096,8,0,0.1085246399964215,S3-27_percent,0,,0.2045246399964215,8,0
19,6,Tommy Chong,0.096,8,0,0.1130725984439015,S3-27_percent,0,,0.2090725984439015,7,0
19,7,Bethany Mota,0.145,1,0,0.1322977893143954,S3-27_percent,0,,0.2772977893143954,1,0
19,7,Lea Thompson,0.135,2,0,0.1169900816362475,S3-27_percent,0,,0.2519900816362475,5,0
19,7,Alfonso Ribeiro,0.132,3,0,0.1322977082286713,S3-27_percent,0,,0.26429770822867127,2,0
19,7,Janel Parrish,0.13,4,0,0.1322979606829801,S3-27_percent,0,,0.2622979606829801,3,0
19,7,Sadie Robertson,0.12,5,0,0.1322981227582054,S3-27_percent,0,,0.2522981227582054,4,0
19,7,Tommy Chong,0.116,6,0,0.1258253411607736,S3-27_percent,0,,0.2418253411607736,6,0
19,7,Antonio Sabato Jr.,0.114,7,1,0.1109964981093632,S3-27_percent,0,,0.2249964981093632,7,1
19,7,Michael Waltrip,0.108,8,0,0.1169964981093632,S3-27_percent,0,,0.2249964981093632,7,0
19,8,Janel Parrish,0.173,1,0,0.1530355180642861,S3-27_percent,0,,0.3260355180642861,1,0
19,8,Alfonso Ribeiro,0.165,2,0,0.1530353644799029,S3-27_percent,0,,0.3180353644799029,2,0
19,8,Bethany Mota,0.161,3,0,0.1530357449355616,S3-27_percent,0,,0.31403574493556163,3,0
19,8,Sadie Robertson,0.153,4,0,0.1530356585154648,S3-27_percent,0,,0.30603565851546477,4,0
19,8,Lea Thompson,0.129,5,0,0.1241970282167983,S3-27_percent,0,,0.2531970282167983,6,0
19,8,Tommy Chong,0.117,6,0,0.140951311393846,S3-27_percent,0,,0.25795131139384603,5,0
19,8,Michael Waltrip,0.101,7,1,0.1227093743941399,S3-27_percent,0,,0.2237093743941399,7,1
19,9,Alfonso Ribeiro,0.18,1,0,0.1791029380653761,S3-27_percent,0,,0.3591029380653761,1,0
19,9,Janel Parrish,0.18,1,0,0.179102715385992,S3-27_percent,0,,0.35910271538599203,2,0
19,9,Bethany Mota,0.173,3,0,0.1791032594639746,S3-27_percent,0,,0.3521032594639746,3,0
19,9,Sadie Robertson,0.171,4,0,0.1791030573560012,S3-27_percent,0,,0.3501030573560012,4,0
19,9,Lea Thompson,0.164,5,1,0.1262940148643279,S3-27_percent,0,,0.29029401486432793,5,1
19,9,Tommy Chong,0.133,6,0,0.1572940148643279,S3-27_percent,0,,0.29029401486432793,5,0
19,10,Janel Parrish,0.214,1,0,0.2097605137449742,S3-27_percent,0,,0.4237605137449742,1,0
19,10,Bethany Mota,0.208,2,0,0.2097609948515462,S3-27_percent,0,,0.41776099485154616,2,0
19,10,Alfonso Ribeiro,0.205,3,0,0.2097614025380539,S3-27_percent,0,,0.4147614025380539,3,0
19,10,Sadie Robertson,0.203,4,0,0.2097616096949065,S3-27_percent,0,,0.4127616096949065,4,0
19,10,Tommy Chong,0.17,5,1,0.160955479170519,S3-27_percent,0,,0.33095547917051904,5,1
19,11,Alfonso Ribeiro,0.256,1,0,0.2500005577448457,S3-27_percent,0,,0.5060005577448456,1,0
19,11,Sadie Robertson,0.252,2,0,0.2500009628063636,S3-27_percent,0,,0.5020009628063635,2,0
19,11,Janel Parrish,0.249,3,0,0.2499991008704823,S3-27_percent,0,,0.49899910087048227,3,0
19,11,Bethany Mota,0.243,4,1,0.2499993785783083,S3-27_percent,0,,0.49299937857830833,4,1
20,1,Rumer Willis,0.101,1,0,0.084926295862958,S3-27_percent,0,,0.185926295862958,1,0
20,1,Riker Lynch,0.097,2,0,0.0849263103943005,S3-27_percent,0,,0.18192631039430052,2,0
20,1,Nastia Liukin,0.094,3,0,0.084256781653567,S3-27_percent,0,,0.178256781653567,3,0
20,1,Robert Herjavec,0.088,4,0,0.0842271378795835,S3-27_percent,0,,0.1722271378795835,4,0
20,1,Chris Soules,0.082,5,0,0.0898813909085269,S3-27_percent,0,,0.1718813909085269,5,0
20,1,Michael Sam,0.082,5,0,0.0823836104381614,S3-27_percent,0,,0.1643836104381614,7,0
20,1,Noah Galloway,0.082,5,0,0.084926305499707,S3-27_percent,0,,0.166926305499707,6,0
20,1,Patti LaBelle,0.079,8,0,0.0836670528660603,S3-27_percent,0,,0.1626670528660603,8,0
20,1,Suzanne Somers,0.079,8,0,0.083297184382581,S3-27_percent,0,,0.162297184382581,10,0
20,1,Willow Shields,0.079,8,0,0.0834414693001922,S3-27_percent,0,,0.1624414693001922,9,0
20,1,Charlotte McKinney,0.069,11,0,0.0814915109241448,S3-27_percent,0,,0.1504915109241448,11,0
20,1,Redfoo,0.069,11,0,0.072574949890217,S3-27_percent,0,,0.14157494989021702,12,1
20,2,Nastia Liukin,0.098,1,0,0.0848621529890085,S3-27_percent,0,,0.1828621529890085,1,0
20,2,Riker Lynch,0.092,2,0,0.0859274286977855,S3-27_percent,0,,0.1779274286977855,2,0
20,2,Rumer Willis,0.092,2,0,0.0859274094570978,S3-27_percent,0,,0.17792740945709778,3,0
20,2,Willow Shields,0.092,2,0,0.0835606553630363,S3-27_percent,0,,0.1755606553630363,4,0
20,2,Redfoo,0.089,5,1,0.0657178568426427,S3-27_percent,0,,0.1547178568426427,11,0
20,2,Michael Sam,0.081,6,0,0.0818648506153158,S3-27_percent,0,,0.1628648506153158,9,0
20,2,Patti LaBelle,0.081,6,0,0.0839212387427693,S3-27_percent,0,,0.16492123874276932,6,0
20,2,Robert Herjavec,0.081,6,0,0.0848149208556091,S3-27_percent,0,,0.16581492085560912,5,0
20,2,Suzanne Somers,0.081,6,0,0.0833298397339588,S3-27_percent,0,,0.16432983973395882,7,0
20,2,Noah Galloway,0.078,10,0,0.0859274215796212,S3-27_percent,0,,0.1639274215796212,8,0
20,2,Charlotte McKinney,0.075,11,0,0.0804283682805119,S3-27_percent,0,,0.1554283682805119,10,0
20,2,Chris Soules,0.061,12,0,0.0937178568426426,S3-27_percent,0,,0.1547178568426426,12,1
20,3,Nastia Liukin,0.109,1,0,0.0920022507660573,S3-27_percent,0,,0.2010022507660573,2,0
20,3,Riker Lynch,0.109,1,0,0.0940870064560406,S3-27_percent,0,,0.2030870064560406,1,0
20,3,Rumer Willis,0.105,3,0,0.0940869893541668,S3-27_percent,0,,0.1990869893541668,3,0
20,3,Willow Shields,0.102,4,0,0.0894417875054898,S3-27_percent,0,,0.1914417875054898,4,0
20,3,Noah Galloway,0.096,5,0,0.0940869994246939,S3-27_percent,0,,0.1900869994246939,5,0
20,3,Robert Herjavec,0.093,6,0,0.0919095867433553,S3-27_percent,0,,0.18490958674335528,7,0
20,3,Chris Soules,0.089,7,0,0.0959468124540925,S3-27_percent,0,,0.1849468124540925,6,0
20,3,Suzanne Somers,0.08,8,0,0.088986130102281,S3-27_percent,0,,0.168986130102281,8,0
20,3,Michael Sam,0.077,9,0,0.0860828859802016,S3-27_percent,0,,0.1630828859802016,9,0
20,3,Charlotte McKinney,0.07,10,1,0.0832168842540644,S3-27_percent,0,,0.1532168842540644,11,1
20,3,Patti LaBelle,0.07,10,0,0.0901526669595564,S3-27_percent,0,,0.1601526669595564,10,0
20,4,Willow Shields,0.12,1,0,0.0961412945466066,S3-27_percent,0,,0.21614129454660658,1,0
20,4,Nastia Liukin,0.111,2,0,0.1013719832069009,S3-27_percent,0,,0.2123719832069009,3,0
20,4,Rumer Willis,0.108,3,0,0.105596539508123,S3-27_percent,0,,0.21359653950812302,2,0
20,4,Riker Lynch,0.105,4,0,0.105596552348537,S3-27_percent,0,,0.210596552348537,4,0
20,4,Robert Herjavec,0.105,4,0,0.1011834922770271,S3-27_percent,0,,0.2061834922770271,5,0
20,4,Noah Galloway,0.098,6,0,0.105596548443633,S3-27_percent,0,,0.203596548443633,6,0
20,4,Michael Sam,0.092,7,1,0.0892054261441461,S3-27_percent,0,,0.1812054261441461,9,1
20,4,Patti LaBelle,0.092,7,0,0.097598290394202,S3-27_percent,0,,0.189598290394202,7,0
20,4,Suzanne Somers,0.086,9,0,0.0952054261441461,S3-27_percent,0,,0.1812054261441461,9,0
20,4,Chris Soules,0.083,10,0,0.1025044469866778,S3-27_percent,0,,0.18550444698667778,8,0
20,5,Rumer Willis,0.138,1,0,0.1204953635944344,S3-27_percent,0,,0.2584953635944344,1,0
20,5,Nastia Liukin,0.134,2,0,0.112089530159553,S3-27_percent,0,,0.246089530159553,3,0
20,5,Riker Lynch,0.134,2,0,0.1204953633146938,S3-27_percent,0,,0.2544953633146938,2,0
20,5,Willow Shields,0.12,4,0,0.101539744966608,S3-27_percent,0,,0.221539744966608,4,0
20,5,Noah Galloway,0.099,5,0,0.1204953704170982,S3-27_percent,0,,0.2194953704170982,5,0
20,5,Suzanne Somers,0.099,5,1,0.0977121664180232,S3-27_percent,0,,0.1967121664180232,8,1
20,5,Chris Soules,0.095,7,0,0.1109653836489139,S3-27_percent,0,,0.2059653836489139,6,0
20,5,Patti LaBelle,0.095,7,0,0.104494911062652,S3-27_percent,0,,0.199494911062652,7,0
20,5,Robert Herjavec,0.085,9,0,0.1117121664180232,S3-27_percent,0,,0.1967121664180232,8,0
20,6,Riker Lynch,0.134,1,0,0.1405260968639536,S3-27_percent,0,,0.2745260968639536,1,0
20,6,Nastia Liukin,0.129,2,0,0.1243233355403249,S3-27_percent,0,,0.25332333554032493,4,0
20,6,Willow Shields,0.129,2,0,0.1035120735577517,S3-27_percent,0,,0.23251207355775172,7,0
20,6,Rumer Willis,0.125,4,0,0.1405261056582264,S3-27_percent,0,,0.26552610565822643,2,0
20,6,Chris Soules,0.124,5,0,0.1204385957759165,S3-27_percent,0,,0.24443859577591648,5,0
20,6,Noah Galloway,0.12,6,0,0.140526110424216,S3-27_percent,0,,0.26052611042421603,3,0
20,6,Patti LaBelle,0.12,6,1,0.10939980823558,S3-27_percent,0,,0.22939980823557998,8,1
20,6,Robert Herjavec,0.118,8,0,0.1207478739440305,S3-27_percent,0,,0.2387478739440305,6,0
20,7,Nastia Liukin,0.161,1,0,0.1380460828437185,S3-27_percent,0,,0.2990460828437185,4,0
20,7,Willow Shields,0.154,2,1,0.0978134757783265,S3-27_percent,0,,0.25181347577832647,5,0
20,7,Noah Galloway,0.15,3,0,0.1681711674372422,S3-27_percent,0,,0.31817116743724216,1,0
20,7,Riker Lynch,0.146,4,0,0.1681711533447702,S3-27_percent,0,,0.3141711533447702,3,0
20,7,Rumer Willis,0.146,4,0,0.1681711690392895,S3-27_percent,0,,0.3141711690392895,2,0
20,7,Chris Soules,0.122,6,0,0.1298134757783264,S3-27_percent,0,,0.25181347577832636,6,1
20,7,Robert Herjavec,0.122,6,0,0.1298134757783264,S3-27_percent,0,,0.25181347577832636,6,0
20,8,Rumer Willis,0.189,1,0,0.2031401973384245,S3-27_percent,0,,0.39214019733842453,1,0
20,8,Riker Lynch,0.184,2,0,0.2031401864204311,S3-27_percent,0,,0.38714018642043113,2,0
20,8,Nastia Liukin,0.18,3,0,0.1492230621758764,S3-27_percent,0,,0.3292230621758764,4,0
20,8,Chris Soules,0.151,4,1,0.1206781837759003,S3-27_percent,0,,0.2716781837759003,5,0
20,8,Noah Galloway,0.149,5,0,0.2031401941164764,S3-27_percent,0,,0.3521401941164764,3,0
20,8,Robert Herjavec,0.147,6,1,0.120678176172891,S3-27_percent,0,,0.267678176172891,6,1
20,9,Nastia Liukin,0.255,1,1,0.1801510877051355,S3-27_percent,0,,0.4351510877051355,4,1
20,9,Riker Lynch,0.255,1,0,0.2732829658139464,S3-27_percent,0,,0.5282829658139464,1,0
20,9,Rumer Willis,0.248,3,0,0.2732829791923805,S3-27_percent,0,,0.5212829791923805,2,0
20,9,Noah Galloway,0.242,4,0,0.2732829672885377,S3-27_percent,0,,0.5152829672885377,3,0
20,10,Riker Lynch,0.345,1,0,0.3333333250263109,S3-27_percent,0,,0.6783333250263108,2,0
20,10,Rumer Willis,0.345,1,0,0.3333333408548347,S3-27_percent,0,,0.6783333408548347,1,0
20,10,Noah Galloway,0.31,3,0,0.3333333341188544,S3-27_percent,0,,0.6433333341188544,3,1
21,1,Bindi Irwin,0.096,1,0,0.0797515408955062,S3-27_percent,0,,0.1757515408955062,2,0
21,1,Nick Carter,0.096,1,0,0.0797515766528745,S3-27_percent,0,,0.1757515766528745,1,0
21,1,Carlos PenaVega,0.092,3,0,0.0797316532876345,S3-27_percent,0,,0.1717316532876345,3,0
21,1,Tamar Braxton,0.092,3,0,0.0793071254921434,S3-27_percent,0,,0.1713071254921434,4,0
21,1,Alek Skarlatos,0.088,5,0,0.0797721862639554,S3-27_percent,0,,0.1677721862639554,5,0
21,1,Alexa PenaVega,0.088,5,0,0.0793061742907643,S3-27_percent,0,,0.16730617429076428,6,0
21,1,Andy Grammer,0.084,7,0,0.079332406513212,S3-27_percent,0,,0.16333240651321201,7,0
21,1,Hayes Grier,0.084,7,0,0.0792080798606681,S3-27_percent,0,,0.1632080798606681,8,0
21,1,Gary Busey,0.06,9,0,0.0779713832767876,S3-27_percent,0,,0.1379713832767876,10,0
21,1,Paula Deen,0.06,9,0,0.0790119464798101,S3-27_percent,0,,0.13901194647981008,9,0
21,1,Victor Espinoza,0.06,9,0,0.06895195129906,S3-27_percent,0,,0.12895195129906,11,0
21,1,Chaka Khan,0.052,12,0,0.0689519927615535,S3-27_percent,0,,0.1209519927615535,12,0
21,1,Kim Zolciak-Biermann,0.048,13,0,0.0689519829260299,S3-27_percent,0,,0.1169519829260299,13,1
21,2,Tamar Braxton,0.091,1,0,0.0809188432664071,S3-27_percent,0,,0.1719188432664071,1,0
21,2,Bindi Irwin,0.089,2,0,0.0816427510647909,S3-27_percent,0,,0.17064275106479088,2,0
21,2,Alexa PenaVega,0.085,3,0,0.0809173479133886,S3-27_percent,0,,0.1659173479133886,3,0
21,2,Alek Skarlatos,0.083,4,0,0.0816761988446623,S3-27_percent,0,,0.1646761988446623,4,0
21,2,Carlos PenaVega,0.083,4,0,0.0816103278719977,S3-27_percent,0,,0.1646103278719977,6,0
21,2,Hayes Grier,0.083,4,0,0.0807573085377407,S3-27_percent,0,,0.1637573085377407,7,0
21,2,Nick Carter,0.083,4,0,0.0816427335373591,S3-27_percent,0,,0.1646427335373591,5,0
21,2,Andy Grammer,0.081,8,0,0.0809600988750708,S3-27_percent,0,,0.1619600988750708,8,0
21,2,Kim Zolciak-Biermann,0.068,9,1,0.0635677907843081,S3-27_percent,0,,0.1315677907843081,12,0
21,2,Paula Deen,0.068,9,0,0.0804371704565026,S3-27_percent,0,,0.14843717045650262,9,0
21,2,Victor Espinoza,0.068,9,1,0.0635677948759504,S3-27_percent,0,,0.1315677948759504,11,0
21,2,Gary Busey,0.061,12,0,0.0787337996247048,S3-27_percent,0,,0.13973379962470478,10,0
21,2,Chaka Khan,0.055,13,1,0.0635678343471161,S3-27_percent,0,,0.1185678343471161,13,1
21,3,Alexa PenaVega,0.118,1,0,0.0999788009502793,S3-27_percent,0,,0.2179788009502793,2,0
21,3,Nick Carter,0.118,1,0,0.1014303951610903,S3-27_percent,0,,0.2194303951610903,1,0
21,3,Alek Skarlatos,0.108,3,0,0.101497114657277,S3-27_percent,0,,0.209497114657277,3,0
21,3,Tamar Braxton,0.108,3,0,0.0999817277019934,S3-27_percent,0,,0.2079817277019934,4,0
21,3,Bindi Irwin,0.105,5,0,0.1014304241741093,S3-27_percent,0,,0.20643042417410928,5,0
21,3,Carlos PenaVega,0.102,6,0,0.1013656429813443,S3-27_percent,0,,0.2033656429813443,6,0
21,3,Hayes Grier,0.098,7,0,0.099657775173407,S3-27_percent,0,,0.197657775173407,7,0
21,3,Andy Grammer,0.095,8,0,0.1000644224169546,S3-27_percent,0,,0.1950644224169546,8,0
21,3,Gary Busey,0.082,9,0,0.0955786319233069,S3-27_percent,0,,0.17757863192330692,9,0
21,3,Paula Deen,0.066,10,0,0.0990150648602375,S3-27_percent,0,,0.1650150648602375,10,1
21,4,Bindi Irwin,0.119,1,0,0.1028652317901423,S3-27_percent,0,,0.22186523179014228,1,0
21,4,Hayes Grier,0.114,2,0,0.0993238059080972,S3-27_percent,0,,0.21332380590809719,4,0
21,4,Nick Carter,0.114,2,0,0.1028652218530687,S3-27_percent,0,,0.21686522185306872,2,0
21,4,Tamar Braxton,0.114,2,0,0.0999724731900209,S3-27_percent,0,,0.21397247319002088,3,0
21,4,Carlos PenaVega,0.106,5,0,0.1027362042798354,S3-27_percent,0,,0.2087362042798354,5,0
21,4,Alek Skarlatos,0.102,6,0,0.1029980108609194,S3-27_percent,0,,0.2049980108609194,6,0
21,4,Andy Grammer,0.097,7,0,0.1001379520711085,S3-27_percent,0,,0.1971379520711085,7,0
21,4,Alexa PenaVega,0.089,8,0,0.0999666623094631,S3-27_percent,0,,0.1889666623094631,8,0
21,4,Paula Deen,0.076,9,0,0.0980350707546909,S3-27_percent,0,,0.17403507075469088,9,0
21,4,Gary Busey,0.068,10,1,0.0910993669826532,S3-27_percent,0,,0.1590993669826532,10,1
21,5,Alexa PenaVega,0.133,1,0,0.1090780471417068,S3-27_percent,0,,0.2420780471417068,2,0
21,5,Carlos PenaVega,0.13,2,0,0.1145967249530047,S3-27_percent,0,,0.24459672495300472,1,0
21,5,Bindi Irwin,0.123,3,0,0.1148526423284251,S3-27_percent,0,,0.2378526423284251,3,0
21,5,Andy Grammer,0.12,4,0,0.1094205363278252,S3-27_percent,0,,0.2294205363278252,5,0
21,5,Nick Carter,0.116,5,0,0.1148526210264104,S3-27_percent,0,,0.2308526210264104,4,0
21,5,Hayes Grier,0.1,6,0,0.1077907542034205,S3-27_percent,0,,0.20779075420342052,7,0
21,5,Alek Skarlatos,0.096,7,0,0.1151160212328413,S3-27_percent,0,,0.2111160212328413,6,0
21,5,Tamar Braxton,0.096,7,0,0.1090896246974632,S3-27_percent,0,,0.2050896246974632,8,0
21,5,Paula Deen,0.086,9,0,0.1052030280889024,S3-27_percent,0,,0.19120302808890238,9,1
21,6,Andy Grammer,0.128,1,0,0.1078399389257493,S3-27_percent,0,,0.2358399389257493,4,0
21,6,Bindi Irwin,0.128,1,0,0.1183993884597641,S3-27_percent,0,,0.2463993884597641,1,0
21,6,Tamar Braxton,0.128,1,0,0.1071921724784947,S3-27_percent,0,,0.23519217247849472,5,0
21,6,Nick Carter,0.125,4,0,0.1183993917667133,S3-27_percent,0,,0.2433993917667133,2,0
21,6,Carlos PenaVega,0.121,5,0,0.1179050986638119,S3-27_percent,0,,0.23890509866381188,3,0
21,6,Hayes Grier,0.102,6,0,0.1046441955555367,S3-27_percent,0,,0.2066441955555367,7,0
21,6,Alek Skarlatos,0.096,7,0,0.118907894929554,S3-27_percent,0,,0.214907894929554,6,0
21,6,Alexa PenaVega,0.096,7,0,0.1071694947237632,S3-27_percent,0,,0.20316949472376322,8,0
21,6,Paula Deen,0.077,9,1,0.0995424244966123,S3-27_percent,0,,0.17654242449661228,9,1
21,7,Bindi Irwin,0.131,1,0,0.1362807535508676,S3-27_percent,0,,0.2672807535508676,1,0
21,7,Andy Grammer,0.127,2,0,0.1159232217684495,S3-27_percent,0,,0.2429232217684495,5,0
21,7,Carlos PenaVega,0.127,2,0,0.1353388867486286,S3-27_percent,0,,0.2623388867486286,2,0
21,7,Hayes Grier,0.127,2,1,0.1096573406056299,S3-27_percent,0,,0.2366573406056299,7,1
21,7,Alexa PenaVega,0.124,5,0,0.1146129874639264,S3-27_percent,0,,0.2386129874639264,6,0
21,7,Nick Carter,0.122,6,0,0.1362807897214583,S3-27_percent,0,,0.2582807897214583,3,0
21,7,Tamar Braxton,0.122,6,0,0.1146573406056299,S3-27_percent,0,,0.2366573406056299,7,0
21,7,Alek Skarlatos,0.12,8,0,0.1372486795354095,S3-27_percent,0,,0.25724867953540953,4,0
21,8,Nick Carter,0.17,1,0,0.1599573506075349,S3-27_percent,0,,0.32995735060753495,1,0
21,8,Carlos PenaVega,0.149,2,0,0.1582210734910271,S3-27_percent,0,,0.3072210734910271,2,0
21,8,Bindi Irwin,0.144,3,0,0.1599573117496665,S3-27_percent,0,,0.30395731174966645,3,0
21,8,Tamar Braxton,0.144,3,0,0.1192196634439402,S3-27_percent,0,,0.2632196634439402,5,0
21,8,Alexa PenaVega,0.139,5,0,0.1191939053035865,S3-27_percent,0,,0.25819390530358655,6,0
21,8,Alek Skarlatos,0.129,6,0,0.1617385013438445,S3-27_percent,0,,0.2907385013438445,4,0
21,8,Andy Grammer,0.124,7,1,0.1217121940604001,S3-27_percent,0,,0.2457121940604001,7,1
21,9,Alexa PenaVega,0.182,1,1,0.1169404271662362,S3-27_percent,0,,0.2989404271662362,5,0
21,9,Bindi Irwin,0.182,1,0,0.1915073571146859,S3-27_percent,0,,0.37350735711468586,1,0
21,9,Nick Carter,0.167,3,0,0.191507342301409,S3-27_percent,0,,0.358507342301409,2,0
21,9,Carlos PenaVega,0.164,4,0,0.1884309934434533,S3-27_percent,0,,0.3524309934434533,3,0
21,9,Alek Skarlatos,0.155,5,0,0.1946554547535563,S3-27_percent,0,,0.3496554547535563,4,0
21,9,Tamar Braxton,0.149,6,1,0.1169584252206591,S3-27_percent,0,,0.2659584252206591,6,1
21,10,Bindi Irwin,0.266,1,0,0.249974013069382,S3-27_percent,0,,0.515974013069382,1,0
21,10,Carlos PenaVega,0.266,1,0,0.2447477570497736,S3-27_percent,0,,0.5107477570497736,2,0
21,10,Alek Skarlatos,0.241,3,0,0.2553042573008187,S3-27_percent,0,,0.4963042573008187,3,0
21,10,Nick Carter,0.228,4,0,0.2499739725800255,S3-27_percent,0,,0.4779739725800255,4,1
21,11,Bindi Irwin,0.254,1,0,0.2499662944152028,S3-27_percent,0,,0.5039662944152028,2,0
21,11,Carlos PenaVega,0.254,1,1,0.2415336868049186,S3-27_percent,0,,0.4955336868049186,3,1
21,11,Nick Carter,0.254,1,0,0.2499663319749599,S3-27_percent,0,,0.5039663319749599,1,0
21,11,Alek Skarlatos,0.237,4,0,0.2585336868049186,S3-27_percent,0,,0.4955336868049186,3,0
22,1,Ginger Zee,0.097,1,0,0.084717120403234,S3-27_percent,0,,0.181717120403234,1,0
22,1,Nyle DiMarco,0.097,1,0,0.0847169723516542,S3-27_percent,0,,0.18171697235165418,2,0
22,1,Wanya Morris,0.097,1,0,0.0840845515031107,S3-27_percent,0,,0.1810845515031107,3,0
22,1,Antonio Brown,0.089,4,0,0.0839547890269089,S3-27_percent,0,,0.1729547890269089,5,0
22,1,Marla Maples,0.089,4,0,0.0820394224566128,S3-27_percent,0,,0.1710394224566128,7,0
22,1,Paige VanZant,0.089,4,0,0.0847170207088394,S3-27_percent,0,,0.17371702070883938,4,0
22,1,Von Miller,0.089,4,0,0.0835827858221831,S3-27_percent,0,,0.17258278582218312,6,0
22,1,Jodie Sweetin,0.084,8,0,0.0837678124628721,S3-27_percent,0,,0.1677678124628721,8,0
22,1,Kim Fields,0.084,8,0,0.0835828102060483,S3-27_percent,0,,0.16758281020604832,9,0
22,1,Mischa Barton,0.068,10,0,0.0814447375466312,S3-27_percent,0,,0.1494447375466312,10,0
22,1,Doug Flutie,0.063,11,0,0.0840314549380689,S3-27_percent,0,,0.1470314549380689,11,0
22,1,Geraldo Rivera,0.055,12,0,0.0793605225738356,S3-27_percent,0,,0.1343605225738356,12,1
22,2,Paige VanZant,0.102,1,0,0.0855491262729773,S3-27_percent,0,,0.1875491262729773,1,0
22,2,Wanya Morris,0.102,1,0,0.0845419392088045,S3-27_percent,0,,0.1865419392088045,2,0
22,2,Ginger Zee,0.089,3,0,0.0855492339460154,S3-27_percent,0,,0.1745492339460154,3,0
22,2,Jodie Sweetin,0.089,3,0,0.0840365488885823,S3-27_percent,0,,0.17303654888858228,4,0
22,2,Doug Flutie,0.085,5,0,0.0844573123669466,S3-27_percent,0,,0.1694573123669466,6,0
22,2,Marla Maples,0.085,5,0,0.0812657564432129,S3-27_percent,0,,0.1662657564432129,8,0
22,2,Nyle DiMarco,0.085,5,0,0.0855490845313233,S3-27_percent,0,,0.1705490845313233,5,0
22,2,Von Miller,0.085,5,0,0.083740940756764,S3-27_percent,0,,0.168740940756764,7,0
22,2,Antonio Brown,0.081,9,0,0.0843350012674443,S3-27_percent,0,,0.1653350012674443,9,0
22,2,Kim Fields,0.081,9,0,0.0837409722516865,S3-27_percent,0,,0.1647409722516865,10,0
22,2,Mischa Barton,0.064,11,0,0.0803072336555563,S3-27_percent,0,,0.1443072336555563,11,0
22,2,Geraldo Rivera,0.055,12,1,0.0769268504106861,S3-27_percent,0,,0.1319268504106861,12,1
22,3,Nyle DiMarco,0.105,1,0,0.0941266826575549,S3-27_percent,0,,0.1991266826575549,1,0
22,3,Wanya Morris,0.101,2,0,0.0921526242817186,S3-27_percent,0,,0.1931526242817186,2,0
22,3,Jodie Sweetin,0.097,3,0,0.0911588423081285,S3-27_percent,0,,0.18815884230812852,4,0
22,3,Paige VanZant,0.097,3,0,0.0941267106915722,S3-27_percent,0,,0.19112671069157222,3,0
22,3,Kim Fields,0.093,5,0,0.0905764795840558,S3-27_percent,0,,0.18357647958405582,5,0
22,3,Ginger Zee,0.089,6,0,0.0941268169815659,S3-27_percent,0,,0.1831268169815659,6,0
22,3,Marla Maples,0.089,6,0,0.0856693213308758,S3-27_percent,0,,0.17466932133087582,9,0
22,3,Antonio Brown,0.084,8,0,0.0917460184750826,S3-27_percent,0,,0.1757460184750826,8,0
22,3,Doug Flutie,0.084,8,0,0.0919864424012004,S3-27_percent,0,,0.1759864424012004,7,0
22,3,Von Miller,0.084,8,0,0.0905764420856468,S3-27_percent,0,,0.17457644208564682,10,0
22,3,Mischa Barton,0.076,11,1,0.0837536192025981,S3-27_percent,0,,0.15975361920259812,11,1
22,4,Ginger Zee,0.113,1,0,0.1050961862311096,S3-27_percent,0,,0.2180961862311096,1,0
22,4,Paige VanZant,0.113,1,0,0.1050960904461449,S3-27_percent,0,,0.21809609044614492,2,0
22,4,Antonio Brown,0.11,3,0,0.1002679404744387,S3-27_percent,0,,0.2102679404744387,5,0
22,4,Wanya Morris,0.11,3,0,0.101095268160603,S3-27_percent,0,,0.211095268160603,4,0
22,4,Nyle DiMarco,0.107,5,0,0.1050960753070163,S3-27_percent,0,,0.2120960753070163,3,0
22,4,Kim Fields,0.1,6,0,0.0978813754744818,S3-27_percent,0,,0.1978813754744818,6,0
22,4,Von Miller,0.1,6,0,0.0978813504985708,S3-27_percent,0,,0.1978813504985708,7,0
22,4,Marla Maples,0.088,8,1,0.0877573512457435,S3-27_percent,0,,0.1757573512457435,9,1
22,4,Jodie Sweetin,0.085,9,0,0.0990710109161476,S3-27_percent,0,,0.1840710109161476,8,0
22,4,Doug Flutie,0.075,10,0,0.1007573512457435,S3-27_percent,0,,0.1757573512457435,9,0
22,5,Nyle DiMarco,0.134,1,0,0.1190137296391933,S3-27_percent,0,,0.25301372963919333,1,0
22,5,Jodie Sweetin,0.127,2,0,0.1069795266084187,S3-27_percent,0,,0.2339795266084187,3,0
22,5,Ginger Zee,0.116,3,0,0.119013812594764,S3-27_percent,0,,0.235013812594764,2,0
22,5,Paige VanZant,0.112,4,0,0.1190137338050328,S3-27_percent,0,,0.23101373380503282,4,0
22,5,Wanya Morris,0.109,5,0,0.1110455484651547,S3-27_percent,0,,0.2200455484651547,5,0
22,5,Von Miller,0.105,6,0,0.1045785587018565,S3-27_percent,0,,0.2095785587018565,6,0
22,5,Doug Flutie,0.101,7,0,0.1063898765381091,S3-27_percent,0,,0.20738987653810909,7,0
22,5,Kim Fields,0.101,7,0,0.1045785598116994,S3-27_percent,0,,0.20557855981169942,8,0
22,5,Antonio Brown,0.094,9,0,0.1093866538357711,S3-27_percent,0,,0.2033866538357711,9,1
22,6,Wanya Morris,0.128,1,0,0.1112855066905333,S3-27_percent,0,,0.2392855066905333,2,0
22,6,Paige VanZant,0.123,2,0,0.1266859975227515,S3-27_percent,0,,0.2496859975227515,1,0
22,6,Antonio Brown,0.119,3,0,0.108042479776803,S3-27_percent,0,,0.22704247977680297,5,0
22,6,Jodie Sweetin,0.11,4,0,0.1033126003478965,S3-27_percent,0,,0.2133126003478965,6,0
22,6,Nyle DiMarco,0.11,4,0,0.1266859989847387,S3-27_percent,0,,0.2366859989847387,3,0
22,6,Ginger Zee,0.106,6,0,0.1266860544483539,S3-27_percent,0,,0.23268605444835389,4,0
22,6,Kim Fields,0.106,6,0,0.0985653528608469,S3-27_percent,0,,0.2045653528608469,8,0
22,6,Von Miller,0.106,6,0,0.0985653708425104,S3-27_percent,0,,0.2045653708425104,7,0
22,6,Doug Flutie,0.093,9,1,0.1001706385255653,S3-27_percent,0,,0.19317063852556532,9,1
22,7,Nyle DiMarco,0.131,1,0,0.1523192784968768,S3-27_percent,0,,0.28331927849687677,1,0
22,7,Ginger Zee,0.129,2,0,0.1523193016278229,S3-27_percent,0,,0.2813193016278229,2,0
22,7,Paige VanZant,0.129,2,0,0.1523192947143995,S3-27_percent,0,,0.28131929471439954,3,0
22,7,Wanya Morris,0.129,2,0,0.1230058623799146,S3-27_percent,0,,0.2520058623799146,4,0
22,7,Antonio Brown,0.121,5,0,0.1166999862522885,S3-27_percent,0,,0.2376999862522885,5,0
22,7,Kim Fields,0.121,5,1,0.0979635743686031,S3-27_percent,0,,0.2189635743686031,8,1
22,7,Von Miller,0.121,5,1,0.0979636157722876,S3-27_percent,0,,0.2189636157722876,7,0
22,7,Jodie Sweetin,0.119,8,0,0.1074090863878066,S3-27_percent,0,,0.2264090863878066,6,0
22,8,Ginger Zee,0.178,1,0,0.2006234878058218,S3-27_percent,0,,0.3786234878058218,1,0
22,8,Jodie Sweetin,0.178,1,1,0.1167098193028032,S3-27_percent,0,,0.2947098193028032,4,0
22,8,Nyle DiMarco,0.172,3,0,0.2006234991748947,S3-27_percent,0,,0.3726234991748947,2,0
22,8,Paige VanZant,0.166,4,0,0.2006235551108738,S3-27_percent,0,,0.3666235551108738,3,0
22,8,Antonio Brown,0.16,5,0,0.1347098193028032,S3-27_percent,0,,0.2947098193028032,4,0
22,8,Wanya Morris,0.148,6,0,0.1467098193028032,S3-27_percent,0,,0.29470981930280316,6,1
22,9,Wanya Morris,0.209,1,1,0.1350898144946468,S3-27_percent,0,,0.3440898144946468,4,0
22,9,Paige VanZant,0.206,2,0,0.246166747839072,S3-27_percent,0,,0.45216674783907196,1,0
22,9,Nyle DiMarco,0.199,3,0,0.2461666348818093,S3-27_percent,0,,0.4451666348818093,2,0
22,9,Ginger Zee,0.195,4,0,0.246166614384009,S3-27_percent,0,,0.441166614384009,3,0
22,9,Antonio Brown,0.192,5,1,0.1264101884004625,S3-27_percent,0,,0.31841018840046253,5,1
22,10,Paige VanZant,0.341,1,0,0.3333334455398636,S3-27_percent,0,,0.6743334455398636,1,0
22,10,Nyle DiMarco,0.333,2,0,0.3333332919288492,S3-27_percent,0,,0.6663332919288492,2,0
22,10,Ginger Zee,0.326,3,0,0.3333332625312873,S3-27_percent,0,,0.6593332625312873,3,1
23,1,James Hinchcliffe,0.094,1,0,0.0779409455554873,S3-27_percent,0,,0.1719409455554873,1,0
23,1,Laurie Hernandez,0.094,1,0,0.0779402058882545,S3-27_percent,0,,0.17194020588825448,2,0
23,1,Jana Kramer,0.082,3,0,0.0779409847127842,S3-27_percent,0,,0.1599409847127842,3,0
23,1,Marilu Henner,0.082,3,0,0.0777455257693417,S3-27_percent,0,,0.1597455257693417,4,0
23,1,Babyface,0.079,5,0,0.0755796937915787,S3-27_percent,0,,0.1545796937915787,6,0
23,1,Calvin Johnson Jr.,0.079,5,0,0.0779408147129282,S3-27_percent,0,,0.1569408147129282,5,0
23,1,Terra Jole,0.076,7,0,0.0777686842094907,S3-27_percent,0,,0.1537686842094907,7,0
23,1,Vanilla Ice,0.076,7,0,0.075657781831499,S3-27_percent,0,,0.151657781831499,8,0
23,1,Amber Rose,0.073,9,0,0.0773480074680165,S3-27_percent,0,,0.1503480074680165,10,0
23,1,Ryan Lochte,0.073,9,0,0.0776038197538602,S3-27_percent,0,,0.1506038197538602,9,0
23,1,Jake T. Austin,0.067,11,0,0.0727089179484919,S3-27_percent,0,,0.13970891794849188,12,0
23,1,Maureen McCormick,0.067,11,0,0.0775255612377192,S3-27_percent,0,,0.1445255612377192,11,0
23,1,Rick Perry,0.061,13,0,0.0762990571205474,S3-27_percent,0,,0.1372990571205474,13,1
23,2,Laurie Hernandez,0.091,1,0,0.0786069168220374,S3-27_percent,0,,0.16960691682203738,1,0
23,2,Terra Jole,0.088,2,0,0.0783247279029582,S3-27_percent,0,,0.1663247279029582,2,0
23,2,Babyface,0.085,3,0,0.0747081436235059,S3-27_percent,0,,0.1597081436235059,5,0
23,2,James Hinchcliffe,0.082,4,0,0.078607286240462,S3-27_percent,0,,0.160607286240462,4,0
23,2,Jana Kramer,0.082,4,0,0.078607336347448,S3-27_percent,0,,0.160607336347448,3,0
23,2,Calvin Johnson Jr.,0.08,6,0,0.0786073267844954,S3-27_percent,0,,0.1586073267844954,6,0
23,2,Marilu Henner,0.077,7,0,0.0782866359633533,S3-27_percent,0,,0.1552866359633533,7,0
23,2,Maureen McCormick,0.074,8,0,0.0779249895107409,S3-27_percent,0,,0.1519249895107409,8,0
23,2,Vanilla Ice,0.074,8,0,0.0748378695008195,S3-27_percent,0,,0.1488378695008195,9,0
23,2,Amber Rose,0.068,10,0,0.0776327886274718,S3-27_percent,0,,0.1456327886274718,11,0
23,2,Jake T. Austin,0.068,10,1,0.0699011454235253,S3-27_percent,0,,0.1379011454235253,12,1
23,2,Ryan Lochte,0.068,10,0,0.0780536878296564,S3-27_percent,0,,0.1460536878296564,10,0
23,2,Rick Perry,0.062,13,0,0.0759011454235253,S3-27_percent,0,,0.1379011454235253,12,0
23,3,Calvin Johnson Jr.,0.098,1,0,0.0857599649640283,S3-27_percent,0,,0.1837599649640283,1,0
23,3,Laurie Hernandez,0.095,2,0,0.0857598697366205,S3-27_percent,0,,0.1807598697366205,2,0
23,3,Terra Jole,0.092,3,0,0.0851868819457116,S3-27_percent,0,,0.17718688194571158,3,0
23,3,James Hinchcliffe,0.089,4,0,0.0857596964371532,S3-27_percent,0,,0.1747596964371532,4,0
23,3,Marilu Henner,0.086,5,0,0.0851095791379785,S3-27_percent,0,,0.17110957913797847,5,0
23,3,Maureen McCormick,0.086,5,0,0.0843746983480001,S3-27_percent,0,,0.1703746983480001,6,0
23,3,Jana Kramer,0.08,7,0,0.0857597425241563,S3-27_percent,0,,0.16575974252415632,7,0
23,3,Amber Rose,0.077,8,0,0.0837800281572813,S3-27_percent,0,,0.16078002815728132,9,0
23,3,Babyface,0.077,8,0,0.0777789877053015,S3-27_percent,0,,0.15477898770530152,10,0
23,3,Ryan Lochte,0.077,8,0,0.0846363373347811,S3-27_percent,0,,0.1616363373347811,8,0
23,3,Rick Perry,0.071,11,1,0.0780471068544935,S3-27_percent,0,,0.1490471068544935,11,1
23,3,Vanilla Ice,0.071,11,0,0.0780471068544935,S3-27_percent,0,,0.1490471068544935,11,0
23,4,Laurie Hernandez,0.115,1,0,0.0950636505647676,S3-27_percent,0,,0.2100636505647676,1,0
23,4,James Hinchcliffe,0.107,2,0,0.0950630576044375,S3-27_percent,0,,0.2020630576044375,2,0
23,4,Terra Jole,0.096,3,0,0.0938648269071797,S3-27_percent,0,,0.1898648269071797,3,0
23,4,Amber Rose,0.092,4,0,0.0909104090961927,S3-27_percent,0,,0.18291040909619272,7,0
23,4,Maureen McCormick,0.092,4,0,0.0921611090164559,S3-27_percent,0,,0.18416110901645588,4,0
23,4,Calvin Johnson Jr.,0.088,6,0,0.0950634653256144,S3-27_percent,0,,0.1830634653256144,5,0
23,4,Jana Kramer,0.088,6,0,0.0950630253880749,S3-27_percent,0,,0.1830630253880749,6,0
23,4,Vanilla Ice,0.088,6,1,0.078280278430708,S3-27_percent,0,,0.166280278430708,10,0
23,4,Ryan Lochte,0.084,9,0,0.0927105476086854,S3-27_percent,0,,0.1767105476086854,8,0
23,4,Marilu Henner,0.08,10,0,0.0937028966639001,S3-27_percent,0,,0.1737028966639001,9,0
23,4,Babyface,0.069,11,1,0.0781167333939834,S3-27_percent,0,,0.1471167333939834,11,1
23,5,James Hinchcliffe,0.126,1,0,0.1138457298850032,S3-27_percent,0,,0.2398457298850032,1,0
23,5,Marilu Henner,0.117,2,0,0.1110547228396441,S3-27_percent,0,,0.22805472283964412,3,0
23,5,Terra Jole,0.117,2,0,0.1113876372862277,S3-27_percent,0,,0.2283876372862277,2,0
23,5,Jana Kramer,0.113,4,0,0.1138456150237559,S3-27_percent,0,,0.2268456150237559,4,0
23,5,Laurie Hernandez,0.109,5,0,0.113846369227886,S3-27_percent,0,,0.222846369227886,5,0
23,5,Amber Rose,0.104,6,0,0.1052865506327738,S3-27_percent,0,,0.2092865506327738,9,1
23,5,Calvin Johnson Jr.,0.104,6,0,0.113846074369728,S3-27_percent,0,,0.217846074369728,6,0
23,5,Maureen McCormick,0.104,6,0,0.1078764366128852,S3-27_percent,0,,0.2118764366128852,8,0
23,5,Ryan Lochte,0.104,6,0,0.1090108641220956,S3-27_percent,0,,0.21301086412209558,7,0
23,6,Jana Kramer,0.131,1,0,0.1164847145584173,S3-27_percent,0,,0.2474847145584173,1,0
23,6,James Hinchcliffe,0.125,2,0,0.1164847943498794,S3-27_percent,0,,0.2414847943498794,2,0
23,6,Calvin Johnson Jr.,0.121,3,0,0.1164848810382666,S3-27_percent,0,,0.2374848810382666,4,0
23,6,Laurie Hernandez,0.121,3,0,0.1164850492828434,S3-27_percent,0,,0.2374850492828434,3,0
23,6,Marilu Henner,0.111,5,0,0.1110217084043438,S3-27_percent,0,,0.22202170840434382,5,0
23,6,Maureen McCormick,0.102,6,0,0.1047550410989491,S3-27_percent,0,,0.2067550410989491,7,0
23,6,Ryan Lochte,0.098,7,0,0.1069975376357434,S3-27_percent,0,,0.2049975376357434,8,0
23,6,Terra Jole,0.098,7,0,0.1116752975298119,S3-27_percent,0,,0.2096752975298119,6,0
23,6,Amber Rose,0.092,9,1,0.0996109761017447,S3-27_percent,0,,0.1916109761017447,9,1
23,7,Calvin Johnson Jr.,0.134,1,0,0.1326236864589752,S3-27_percent,0,,0.2666236864589752,2,0
23,7,James Hinchcliffe,0.134,1,0,0.1326238561971522,S3-27_percent,0,,0.26662385619715223,1,0
23,7,Jana Kramer,0.125,3,0,0.1326240040161255,S3-27_percent,0,,0.2576240040161255,3,0
23,7,Laurie Hernandez,0.125,3,0,0.1326235742083741,S3-27_percent,0,,0.2576235742083741,4,0
23,7,Terra Jole,0.125,3,0,0.1233546904698127,S3-27_percent,0,,0.2483546904698127,5,0
23,7,Maureen McCormick,0.12,6,1,0.1098268360355678,S3-27_percent,0,,0.2298268360355678,8,1
23,7,Ryan Lochte,0.12,6,0,0.1142364263541256,S3-27_percent,0,,0.23423642635412562,7,0
23,7,Marilu Henner,0.116,8,0,0.1220869262598665,S3-27_percent,0,,0.2380869262598665,6,0
23,8,James Hinchcliffe,0.174,1,0,0.1531216459080006,S3-27_percent,0,,0.3271216459080006,1,0
23,8,Laurie Hernandez,0.164,2,0,0.153121030646186,S3-27_percent,0,,0.317121030646186,2,0
23,8,Calvin Johnson Jr.,0.149,3,0,0.1531213090641614,S3-27_percent,0,,0.3021213090641614,4,0
23,8,Jana Kramer,0.149,3,0,0.1531221026496686,S3-27_percent,0,,0.3021221026496686,3,0
23,8,Ryan Lochte,0.129,5,1,0.1183718067247791,S3-27_percent,0,,0.2473718067247791,7,1
23,8,Terra Jole,0.119,6,0,0.1357702982824249,S3-27_percent,0,,0.2547702982824249,5,0
23,8,Marilu Henner,0.114,7,0,0.1333718067247792,S3-27_percent,0,,0.2473718067247792,6,0
23,9,Jana Kramer,0.176,1,0,0.1785246827715796,S3-27_percent,0,,0.35452468277157956,1,0
23,9,Laurie Hernandez,0.176,1,0,0.1785234761744623,S3-27_percent,0,,0.3545234761744623,2,0
23,9,Terra Jole,0.167,3,0,0.1470772506807203,S3-27_percent,0,,0.31407725068072034,5,0
23,9,Calvin Johnson Jr.,0.163,4,0,0.1785236700513556,S3-27_percent,0,,0.34152367005135564,3,0
23,9,James Hinchcliffe,0.159,5,0,0.178524045084282,S3-27_percent,0,,0.337524045084282,4,0
23,9,Marilu Henner,0.159,5,1,0.1388268752376,S3-27_percent,0,,0.2978268752376,6,1
23,10,Laurie Hernandez,0.205,1,0,0.2110458747732407,S3-27_percent,0,,0.4160458747732407,1,0
23,10,Terra Jole,0.205,1,1,0.1558156390256894,S3-27_percent,0,,0.36081563902568936,5,1
23,10,James Hinchcliffe,0.201,3,0,0.2110460760728437,S3-27_percent,0,,0.4120460760728437,2,0
23,10,Jana Kramer,0.198,4,0,0.2110466945222963,S3-27_percent,0,,0.4090466945222963,3,0
23,10,Calvin Johnson Jr.,0.191,5,0,0.2110457156059298,S3-27_percent,0,,0.40204571560592983,4,0
23,11,Laurie Hernandez,0.258,1,0,0.2500000673124359,S3-27_percent,0,,0.5080000673124359,1,0
23,11,James Hinchcliffe,0.256,2,0,0.249999922817477,S3-27_percent,0,,0.505999922817477,2,0
23,11,Calvin Johnson Jr.,0.252,3,0,0.2499995808261192,S3-27_percent,0,,0.5019995808261192,3,0
23,11,Jana Kramer,0.233,4,1,0.2500004290439678,S3-27_percent,0,,0.4830004290439678,4,1
24,1,Simone Biles,0.106,1,0,0.0842013300626774,S3-27_percent,0,,0.1902013300626774,1,0
24,1,Rashad Jennings,0.103,2,0,0.0848991811756205,S3-27_percent,0,,0.1878991811756205,2,0
24,1,David Ross,0.093,3,0,0.0848993263234821,S3-27_percent,0,,0.1778993263234821,3,0
24,1,Heather Morris,0.093,3,0,0.0830226743859637,S3-27_percent,0,,0.1760226743859637,5,0
24,1,Nancy Kerrigan,0.093,3,0,0.0835136430800035,S3-27_percent,0,,0.1765136430800035,4,0
24,1,Normani,0.089,6,0,0.0848994628161123,S3-27_percent,0,,0.1738994628161123,6,0
24,1,Erika Jayne,0.079,7,0,0.0831790985775186,S3-27_percent,0,,0.1621790985775186,8,0
24,1,Nick Viall,0.079,7,0,0.0839845176713637,S3-27_percent,0,,0.16298451767136368,7,0
24,1,Bonner Bolton,0.073,9,0,0.0840491007108346,S3-27_percent,0,,0.1570491007108346,9,0
24,1,Charo,0.07,10,0,0.0814440379375038,S3-27_percent,0,,0.1514440379375038,10,0
24,1,Mr. T,0.066,11,0,0.0825475093994333,S3-27_percent,0,,0.1485475093994333,11,0
24,1,Chris Kattan,0.056,12,0,0.079360117859486,S3-27_percent,0,,0.135360117859486,12,1
24,2,Normani,0.098,1,0,0.0858392723557042,S3-27_percent,0,,0.1838392723557042,1,0
24,2,Rashad Jennings,0.098,1,0,0.0858389827789529,S3-27_percent,0,,0.1838389827789529,2,0
24,2,Heather Morris,0.091,3,0,0.0828447094547221,S3-27_percent,0,,0.17384470945472208,3,0
24,2,Simone Biles,0.088,4,0,0.084728379080159,S3-27_percent,0,,0.17272837908015898,4,0
24,2,Bonner Bolton,0.085,5,0,0.0844855335842722,S3-27_percent,0,,0.1694855335842722,5,0
24,2,Erika Jayne,0.085,5,0,0.0830954874654271,S3-27_percent,0,,0.1680954874654271,7,0
24,2,Nancy Kerrigan,0.085,5,0,0.0836306379369492,S3-27_percent,0,,0.1686306379369492,6,0
24,2,David Ross,0.082,8,0,0.0858391473791347,S3-27_percent,0,,0.1678391473791347,8,0
24,2,Charo,0.076,9,0,0.0803062526218731,S3-27_percent,0,,0.1563062526218731,10,0
24,2,Nick Viall,0.076,9,0,0.0843825848941685,S3-27_percent,0,,0.1603825848941685,9,0
24,2,Chris Kattan,0.067,11,1,0.07692636462991,S3-27_percent,0,,0.14392636462991,12,1
24,2,Mr. T,0.067,11,0,0.0820826478187264,S3-27_percent,0,,0.1490826478187264,11,0
24,3,Normani,0.108,1,0,0.0946941047410558,S3-27_percent,0,,0.20269410474105581,1,0
24,3,Heather Morris,0.105,2,0,0.088806398509026,S3-27_percent,0,,0.19380639850902598,4,0
24,3,Nancy Kerrigan,0.105,2,0,0.0903595668557571,S3-27_percent,0,,0.19535956685575712,2,0
24,3,Simone Biles,0.102,4,0,0.092519449764774,S3-27_percent,0,,0.19451944976477398,3,0
24,3,David Ross,0.098,5,0,0.0946941471885789,S3-27_percent,0,,0.1926941471885789,5,0
24,3,Rashad Jennings,0.089,6,0,0.0946938836313571,S3-27_percent,0,,0.18369388363135708,6,0
24,3,Erika Jayne,0.083,7,0,0.0893027459659875,S3-27_percent,0,,0.1723027459659875,8,0
24,3,Nick Viall,0.083,7,0,0.0918399042160606,S3-27_percent,0,,0.1748399042160606,7,0
24,3,Bonner Bolton,0.076,9,0,0.0920423444460729,S3-27_percent,0,,0.1680423444460729,9,0
24,3,Charo,0.076,9,1,0.0837522279930634,S3-27_percent,0,,0.15975222799306338,11,1
24,3,Mr. T,0.076,9,0,0.0872952266882663,S3-27_percent,0,,0.1632952266882663,10,0
24,4,Rashad Jennings,0.12,1,0,0.1062423421168392,S3-27_percent,0,,0.2262423421168392,1,0
24,4,Simone Biles,0.11,2,0,0.1018424134961313,S3-27_percent,0,,0.2118424134961313,2,0
24,4,Heather Morris,0.107,3,0,0.0942519778360361,S3-27_percent,0,,0.2012519778360361,4,0
24,4,Nancy Kerrigan,0.101,4,0,0.0974392996841563,S3-27_percent,0,,0.1984392996841563,7,0
24,4,Bonner Bolton,0.098,5,0,0.1008725102288148,S3-27_percent,0,,0.1988725102288148,6,0
24,4,Normani,0.098,5,0,0.1062424196824377,S3-27_percent,0,,0.2042424196824377,3,0
24,4,David Ross,0.095,7,0,0.1062425028912608,S3-27_percent,0,,0.2012425028912608,5,0
24,4,Erika Jayne,0.092,8,0,0.0952725229704506,S3-27_percent,0,,0.1872725229704506,9,0
24,4,Nick Viall,0.092,8,0,0.1004604739248539,S3-27_percent,0,,0.19246047392485388,8,0
24,4,Mr. T,0.086,10,1,0.0911335371690187,S3-27_percent,0,,0.1771335371690187,10,1
24,5,Normani,0.128,1,0,0.1216225898084704,S3-27_percent,0,,0.2496225898084704,1,0
24,5,Simone Biles,0.125,2,0,0.1128823426482767,S3-27_percent,0,,0.2378823426482767,2,0
24,5,Nancy Kerrigan,0.118,3,0,0.1040264970968821,S3-27_percent,0,,0.2220264970968821,5,0
24,5,Heather Morris,0.112,4,0,0.0975419431761439,S3-27_percent,0,,0.20954194317614389,8,0
24,5,Nick Viall,0.112,4,0,0.1101150526714634,S3-27_percent,0,,0.22211505267146342,4,0
24,5,Erika Jayne,0.105,6,1,0.0996250220862082,S3-27_percent,0,,0.2046250220862082,9,1
24,5,Rashad Jennings,0.105,6,0,0.1216226782889975,S3-27_percent,0,,0.22662267828899751,3,0
24,5,Bonner Bolton,0.099,8,0,0.1109411496142895,S3-27_percent,0,,0.2099411496142895,7,0
24,5,David Ross,0.095,9,0,0.121622724609268,S3-27_percent,0,,0.216622724609268,6,0
24,6,Heather Morris,0.138,1,1,0.0954229042507993,S3-27_percent,0,,0.2334229042507993,7,1
24,6,Normani,0.134,2,0,0.1426259058885567,S3-27_percent,0,,0.27662590588855673,1,0
24,6,Rashad Jennings,0.13,3,0,0.1426261307787406,S3-27_percent,0,,0.2726261307787406,2,0
24,6,Simone Biles,0.128,4,0,0.1258164197989786,S3-27_percent,0,,0.2538164197989786,4,0
24,6,Nancy Kerrigan,0.125,5,0,0.1084229042507993,S3-27_percent,0,,0.2334229042507993,7,0
24,6,Bonner Bolton,0.117,6,0,0.1220368446392016,S3-27_percent,0,,0.2390368446392016,5,0
24,6,David Ross,0.115,7,0,0.1426259861421241,S3-27_percent,0,,0.2576259861421241,3,0
24,6,Nick Viall,0.113,8,0,0.1204229042507994,S3-27_percent,0,,0.23342290425079942,6,0
24,7,Normani,0.166,1,0,0.170145365690304,S3-27_percent,0,,0.336145365690304,1,0
24,7,Rashad Jennings,0.154,2,0,0.1701456544387438,S3-27_percent,0,,0.32414565443874377,2,0
24,7,Simone Biles,0.154,2,0,0.1389964858851065,S3-27_percent,0,,0.2929964858851065,4,0
24,7,Nancy Kerrigan,0.142,4,1,0.1052399041993868,S3-27_percent,0,,0.2472399041993868,7,1
24,7,Nick Viall,0.134,5,1,0.113473682218711,S3-27_percent,0,,0.24747368221871102,6,0
24,7,David Ross,0.126,6,0,0.1701455401299872,S3-27_percent,0,,0.2961455401299872,3,0
24,7,Bonner Bolton,0.123,7,0,0.1318533674377604,S3-27_percent,0,,0.25485336743776044,5,0
24,8,Normani,0.226,1,0,0.2248683565571285,S3-27_percent,0,,0.45086835655712854,1,0
24,8,Rashad Jennings,0.215,2,0,0.2248685505782485,S3-27_percent,0,,0.4398685505782485,2,0
24,8,Simone Biles,0.206,3,0,0.169269632909032,S3-27_percent,0,,0.375269632909032,4,0
24,8,David Ross,0.186,4,0,0.2248684558796772,S3-27_percent,0,,0.4108684558796772,3,0
24,8,Bonner Bolton,0.166,5,1,0.1561250040759136,S3-27_percent,0,,0.3221250040759136,5,1
24,9,Simone Biles,0.264,1,1,0.1793126374742009,S3-27_percent,0,,0.4433126374742009,4,1
24,9,Rashad Jennings,0.254,2,0,0.2735624600365724,S3-27_percent,0,,0.5275624600365725,1,0
24,9,Normani,0.251,3,0,0.2735624664639787,S3-27_percent,0,,0.5245624664639787,2,0
24,9,David Ross,0.231,4,0,0.2735624360252479,S3-27_percent,0,,0.5045624360252479,3,0
24,10,Rashad Jennings,0.344,1,0,0.3333332399721189,S3-27_percent,0,,0.6773332399721188,1,0
24,10,Normani,0.341,2,0,0.3333335030725091,S3-27_percent,0,,0.674333503072509,2,0
24,10,David Ross,0.315,3,0,0.3333332569553719,S3-27_percent,0,,0.6483332569553719,3,1
25,1,Jordan Fisher,0.092,1,0,0.0784648570466659,S3-27_percent,0,,0.17046485704666592,2,0
25,1,Lindsey Stirling,0.092,1,0,0.0784654000127254,S3-27_percent,0,,0.1704654000127254,1,0
25,1,Vanessa Lachey,0.088,3,0,0.0777068905590743,S3-27_percent,0,,0.16570689055907428,3,0
25,1,Nikki Bella,0.084,4,0,0.077706603710659,S3-27_percent,0,,0.161706603710659,4,0
25,1,Frankie Muniz,0.079,5,0,0.0784647401273683,S3-27_percent,0,,0.1574647401273683,5,0
25,1,Victoria Arlen,0.079,5,0,0.0781526712106632,S3-27_percent,0,,0.1571526712106632,6,0
25,1,Derek Fisher,0.075,7,0,0.076941893690085,S3-27_percent,0,,0.15194189369008498,9,0
25,1,Nick Lachey,0.075,7,0,0.0778504978447352,S3-27_percent,0,,0.1528504978447352,7,0
25,1,Sasha Pieterse,0.075,7,0,0.0772949014800269,S3-27_percent,0,,0.1522949014800269,8,0
25,1,Debbie Gibson,0.071,10,0,0.071215585295421,S3-27_percent,0,,0.142215585295421,11,0
25,1,Drew Scott,0.067,11,0,0.0784649900610785,S3-27_percent,0,,0.1454649900610785,10,0
25,1,Terrell Owens,0.063,12,0,0.0780554642652818,S3-27_percent,0,,0.14105546426528182,12,0
25,1,Barbara Corcoran,0.059,13,0,0.0712155046962151,S3-27_percent,0,,0.1302155046962151,13,1
25,2,Frankie Muniz,0.088,1,0,0.0794837699154933,S3-27_percent,0,,0.1674837699154933,2,0
25,2,Jordan Fisher,0.088,1,0,0.0794842541278211,S3-27_percent,0,,0.16748425412782109,1,0
25,2,Vanessa Lachey,0.086,3,0,0.0782405042454654,S3-27_percent,0,,0.16424050424546538,3,0
25,2,Lindsey Stirling,0.082,4,0,0.0794844274984957,S3-27_percent,0,,0.1614844274984957,4,0
25,2,Sasha Pieterse,0.082,4,0,0.0775629580195461,S3-27_percent,0,,0.15956295801954612,5,0
25,2,Victoria Arlen,0.08,6,0,0.0789727207337992,S3-27_percent,0,,0.1589727207337992,6,0
25,2,Debbie Gibson,0.075,7,1,0.0673878766556253,S3-27_percent,0,,0.1423878766556253,12,0
25,2,Drew Scott,0.075,7,0,0.0794839941436293,S3-27_percent,0,,0.1544839941436293,7,0
25,2,Nikki Bella,0.071,9,0,0.078240257508461,S3-27_percent,0,,0.14924025750846098,9,0
25,2,Terrell Owens,0.071,9,0,0.0788133575436709,S3-27_percent,0,,0.1498133575436709,8,0
25,2,Derek Fisher,0.069,11,0,0.076981211641439,S3-27_percent,0,,0.145981211641439,11,0
25,2,Nick Lachey,0.069,11,0,0.0784768994522656,S3-27_percent,0,,0.1474768994522656,10,0
25,2,Barbara Corcoran,0.062,13,1,0.0673877685142877,S3-27_percent,0,,0.12938776851428768,13,1
25,3,Lindsey Stirling,0.111,1,0,0.0925856725955797,S3-27_percent,0,,0.2035856725955797,1,0
25,3,Jordan Fisher,0.102,2,0,0.0925857219431641,S3-27_percent,0,,0.1945857219431641,2,0
25,3,Drew Scott,0.094,3,0,0.0925852955444527,S3-27_percent,0,,0.1865852955444527,3,0
25,3,Vanessa Lachey,0.094,3,0,0.0900674439288442,S3-27_percent,0,,0.18406744392884422,4,0
25,3,Victoria Arlen,0.09,5,0,0.0915521466157404,S3-27_percent,0,,0.1815521466157404,5,0
25,3,Derek Fisher,0.086,6,0,0.0875030843545085,S3-27_percent,0,,0.1735030843545085,10,0
25,3,Frankie Muniz,0.086,6,0,0.0925849085327998,S3-27_percent,0,,0.1785849085327998,6,0
25,3,Nick Lachey,0.086,6,0,0.0905482255411382,S3-27_percent,0,,0.1765482255411382,8,0
25,3,Nikki Bella,0.086,6,0,0.0900675883907693,S3-27_percent,0,,0.1760675883907693,9,0
25,3,Terrell Owens,0.086,6,0,0.0912302571342717,S3-27_percent,0,,0.1772302571342717,7,0
25,3,Sasha Pieterse,0.078,11,0,0.088689655418731,S3-27_percent,0,,0.166689655418731,11,1
25,4,Jordan Fisher,0.107,1,0,0.0943562428453795,S3-27_percent,0,,0.2013562428453795,1,0
25,4,Victoria Arlen,0.1,2,0,0.0922397407359748,S3-27_percent,0,,0.1922397407359748,2,0
25,4,Lindsey Stirling,0.096,3,0,0.0943562758828834,S3-27_percent,0,,0.1903562758828834,3,0
25,4,Drew Scott,0.089,4,0,0.0943563091751431,S3-27_percent,0,,0.1833563091751431,4,0
25,4,Frankie Muniz,0.089,4,0,0.0943557816134979,S3-27_percent,0,,0.18335578161349791,5,0
25,4,Nikki Bella,0.089,4,0,0.0891854915563132,S3-27_percent,0,,0.1781854915563132,7,0
25,4,Sasha Pieterse,0.089,4,0,0.0863361603797601,S3-27_percent,0,,0.17533616037976008,9,0
25,4,Terrell Owens,0.089,4,0,0.0915797736228454,S3-27_percent,0,,0.18057977362284539,6,0
25,4,Vanessa Lachey,0.089,4,0,0.0891854843059238,S3-27_percent,0,,0.1781854843059238,8,0
25,4,Derek Fisher,0.085,10,1,0.0838716662623202,S3-27_percent,0,,0.1688716662623202,11,1
25,4,Nick Lachey,0.081,11,0,0.0901770736199581,S3-27_percent,0,,0.1711770736199581,10,0
25,5,Jordan Fisher,0.115,1,0,0.105647877271929,S3-27_percent,0,,0.220647877271929,1,0
25,5,Frankie Muniz,0.111,2,0,0.1056474673912348,S3-27_percent,0,,0.2166474673912348,2,0
25,5,Lindsey Stirling,0.107,3,0,0.105648014415849,S3-27_percent,0,,0.21264801441584902,3,0
25,5,Nikki Bella,0.103,4,0,0.0950061929628186,S3-27_percent,0,,0.1980061929628186,6,0
25,5,Victoria Arlen,0.103,4,0,0.1013140331271177,S3-27_percent,0,,0.2043140331271177,4,0
25,5,Drew Scott,0.096,6,0,0.1056479540410845,S3-27_percent,0,,0.2016479540410845,5,0
25,5,Terrell Owens,0.096,6,0,0.0999577081385518,S3-27_percent,0,,0.1959577081385518,7,0
25,5,Sasha Pieterse,0.092,8,1,0.0890620592812294,S3-27_percent,0,,0.1810620592812294,9,1
25,5,Vanessa Lachey,0.092,8,0,0.0950066340889555,S3-27_percent,0,,0.18700663408895551,8,0
25,5,Nick Lachey,0.084,10,0,0.0970620592812294,S3-27_percent,0,,0.1810620592812294,9,0
25,6,Lindsey Stirling,0.131,1,0,0.1202843182643881,S3-27_percent,0,,0.25128431826438813,1,0
25,6,Jordan Fisher,0.127,2,0,0.1202841926538247,S3-27_percent,0,,0.2472841926538247,2,0
25,6,Terrell Owens,0.121,3,0,0.1089121948745656,S3-27_percent,0,,0.2299121948745656,3,0
25,6,Nikki Bella,0.118,4,0,0.0988633194549294,S3-27_percent,0,,0.2168633194549294,7,0
25,6,Vanessa Lachey,0.118,4,0,0.0988637923480109,S3-27_percent,0,,0.2168637923480109,6,0
25,6,Frankie Muniz,0.101,6,0,0.1202840897819302,S3-27_percent,0,,0.2212840897819302,4,0
25,6,Victoria Arlen,0.101,6,0,0.1116388233598859,S3-27_percent,0,,0.2126388233598859,8,0
25,6,Drew Scott,0.098,8,0,0.1202841691701236,S3-27_percent,0,,0.2182841691701236,5,0
25,6,Nick Lachey,0.085,9,1,0.1005851000923411,S3-27_percent,0,,0.1855851000923411,9,1
25,7,Frankie Muniz,0.14,1,0,0.1403398314904807,S3-27_percent,0,,0.2803398314904807,1,0
25,7,Drew Scott,0.133,2,0,0.1403394942044518,S3-27_percent,0,,0.2733394942044518,2,0
25,7,Victoria Arlen,0.133,2,0,0.1236536033755806,S3-27_percent,0,,0.25665360337558063,5,0
25,7,Jordan Fisher,0.126,4,0,0.1403394284032214,S3-27_percent,0,,0.2663394284032214,3,0
25,7,Vanessa Lachey,0.126,4,1,0.098334195758892,S3-27_percent,0,,0.22433419575889202,7,0
25,7,Lindsey Stirling,0.119,6,0,0.1403396936431858,S3-27_percent,0,,0.25933969364318576,4,0
25,7,Terrell Owens,0.114,7,0,0.1183200043450786,S3-27_percent,0,,0.2323200043450786,6,0
25,7,Nikki Bella,0.112,8,1,0.0983337487791089,S3-27_percent,0,,0.2103337487791089,8,1
25,8,Jordan Fisher,0.192,1,0,0.1787089568051317,S3-27_percent,0,,0.3707089568051317,1,0
25,8,Lindsey Stirling,0.173,2,0,0.1787095070389454,S3-27_percent,0,,0.3517095070389454,2,0
25,8,Frankie Muniz,0.169,3,0,0.1787098713822946,S3-27_percent,0,,0.3477098713822946,3,0
25,8,Terrell Owens,0.163,4,1,0.1375086829413394,S3-27_percent,0,,0.30050868294133937,6,1
25,8,Victoria Arlen,0.153,5,0,0.1476535757213364,S3-27_percent,0,,0.3006535757213364,5,0
25,8,Drew Scott,0.15,6,0,0.1787094061109524,S3-27_percent,0,,0.3287094061109524,4,0
25,9,Jordan Fisher,0.215,1,0,0.2109937169748626,S3-27_percent,0,,0.4259937169748626,1,0
25,9,Lindsey Stirling,0.211,2,0,0.2109940072998782,S3-27_percent,0,,0.4219940072998782,2,0
25,9,Victoria Arlen,0.207,3,1,0.1560234339317904,S3-27_percent,0,,0.3630234339317904,5,1
25,9,Frankie Muniz,0.189,4,0,0.2109947559767015,S3-27_percent,0,,0.39999475597670153,3,0
25,9,Drew Scott,0.178,5,0,0.2109940858167673,S3-27_percent,0,,0.3889940858167673,4,0
25,10,Jordan Fisher,0.256,1,0,0.2499996520273877,S3-27_percent,0,,0.5059996520273877,2,0
25,10,Lindsey Stirling,0.256,1,0,0.2499997771964114,S3-27_percent,0,,0.5059997771964114,1,0
25,10,Frankie Muniz,0.249,3,0,0.2500007689138163,S3-27_percent,0,,0.4990007689138163,3,0
25,10,Drew Scott,0.24,4,1,0.2499998018623845,S3-27_percent,0,,0.48999980186238445,4,1
26,1,Adam Rippon,0.114,1,0,0.1423690651848988,S3-27_percent,0,,0.2563690651848988,2,0
26,1,Josh Norman,0.114,1,0,0.1423691650350591,S3-27_percent,0,,0.2563691650350591,1,0
26,1,Mirai Nagasu,0.11,3,0,0.0865390315750509,S3-27_percent,0,,0.1965390315750509,4,0
26,1,Tonya Harding,0.11,3,0,0.1423689649942041,S3-27_percent,0,,0.2523689649942041,3,0
26,1,Chris Mazdzer,0.1,5,0,0.086538945292402,S3-27_percent,0,,0.186538945292402,6,0
26,1,Jennie Finch Daigle,0.1,5,0,0.0893841154767786,S3-27_percent,0,,0.1893841154767786,5,0
26,1,Arike Ogunbowale,0.095,7,0,0.0811909535039898,S3-27_percent,0,,0.1761909535039898,7,0
26,1,Jamie Anderson,0.09,8,1,0.0722197314707521,S3-27_percent,0,,0.16221973147075208,9,0
26,1,Johnny Damon,0.086,9,1,0.0722200631471739,S3-27_percent,0,,0.1582200631471739,10,1
26,1,Kareem Abdul-Jabbar,0.081,10,0,0.0847999643196905,S3-27_percent,0,,0.16579996431969052,8,0
26,2,Adam Rippon,0.138,1,0,0.1763045351930262,S3-27_percent,0,,0.3143045351930262,1,0
26,2,Mirai Nagasu,0.138,1,0,0.09558305792485,S3-27_percent,0,,0.23358305792485,4,0
26,2,Arike Ogunbowale,0.131,3,1,0.0870455655010621,S3-27_percent,0,,0.2180455655010621,6,0
26,2,Chris Mazdzer,0.123,4,0,0.0955829905759251,S3-27_percent,0,,0.21858299057592512,5,0
26,2,Tonya Harding,0.123,4,0,0.176304590662314,S3-27_percent,0,,0.29930459066231396,2,0
26,2,Jennie Finch Daigle,0.118,6,0,0.1000455655010621,S3-27_percent,0,,0.21804556550106208,7,0
26,2,Josh Norman,0.118,6,0,0.1763045614850499,S3-27_percent,0,,0.2943045614850499,3,0
26,2,Kareem Abdul-Jabbar,0.11,8,1,0.0928291331567105,S3-27_percent,0,,0.2028291331567105,8,1
26,3,Adam Rippon,0.194,1,0,0.2342837835085355,S3-27_percent,0,,0.42828378350853546,1,0
26,3,Josh Norman,0.18,2,0,0.2342833643979855,S3-27_percent,0,,0.4142833643979855,2,0
26,3,Mirai Nagasu,0.166,3,1,0.0980597366453178,S3-27_percent,0,,0.2640597366453178,4,0
26,3,Tonya Harding,0.166,3,0,0.2342833479334067,S3-27_percent,0,,0.4002833479334067,3,0
26,3,Chris Mazdzer,0.156,5,1,0.098059645379754,S3-27_percent,0,,0.254059645379754,5,0
26,3,Jennie Finch Daigle,0.137,6,1,0.1010301221350003,S3-27_percent,0,,0.2380301221350003,6,1
26,4,Adam Rippon,0.339,1,0,0.3333337010205774,S3-27_percent,0,,0.6723337010205774,1,0
26,4,Josh Norman,0.333,2,0,0.3333329849275281,S3-27_percent,0,,0.6663329849275281,2,0
26,4,Tonya Harding,0.327,3,0,0.3333333140518944,S3-27_percent,0,,0.6603333140518944,3,1
27,1,DeMarcus Ware,0.09,1,0,0.077870021638115,S3-27_percent,0,,0.16787002163811499,1,0
27,1,Tinashe,0.09,1,0,0.0739558751856662,S3-27_percent,0,,0.16395587518566618,4,0
27,1,Alexis Ren,0.086,3,0,0.0788528468782642,S3-27_percent,0,,0.16485284687826418,2,0
27,1,Juan Pablo Di Pace,0.086,3,0,0.0780549614502096,S3-27_percent,0,,0.1640549614502096,3,0
27,1,Bobby Bones,0.078,5,0,0.0788527016072352,S3-27_percent,0,,0.1568527016072352,5,0
27,1,Mary Lou Retton,0.078,5,0,0.0773847242780409,S3-27_percent,0,,0.1553847242780409,7,0
27,1,Milo Manheim,0.078,5,0,0.0788525277179281,S3-27_percent,0,,0.1568525277179281,6,0
27,1,Nancy McKeon,0.076,8,0,0.0757566155526751,S3-27_percent,0,,0.1517566155526751,8,0
27,1,Danelle Umstead,0.071,9,0,0.0737771095466385,S3-27_percent,0,,0.1447771095466385,11,0
27,1,Evanna Lynch,0.071,9,0,0.0788526057539307,S3-27_percent,0,,0.1498526057539307,9,0
27,1,John Schneider,0.071,9,0,0.0781982857281896,S3-27_percent,0,,0.1491982857281896,10,0
27,1,Nikki Glaser,0.069,12,1,0.0677958623315532,S3-27_percent,0,,0.13679586233155322,12,0
27,1,Joe Amabile,0.055,13,0,0.0817958623315532,S3-27_percent,0,,0.1367958623315532,13,1
27,2,Juan Pablo Di Pace,0.096,1,0,0.0840498924213194,S3-27_percent,0,,0.1800498924213194,2,0
27,2,Milo Manheim,0.096,1,0,0.0853559386261234,S3-27_percent,0,,0.1813559386261234,1,0
27,2,Tinashe,0.096,1,0,0.077253650226897,S3-27_percent,0,,0.17325365022689698,5,0
27,2,Alexis Ren,0.091,4,0,0.0853561294845718,S3-27_percent,0,,0.1763561294845718,3,0
27,2,Evanna Lynch,0.089,5,0,0.0853560664952207,S3-27_percent,0,,0.1743560664952207,4,0
27,2,DeMarcus Ware,0.087,6,0,0.083746467481779,S3-27_percent,0,,0.170746467481779,6,0
27,2,Mary Lou Retton,0.085,7,0,0.0829485138426397,S3-27_percent,0,,0.1679485138426397,7,0
27,2,John Schneider,0.079,8,0,0.0842851157288036,S3-27_percent,0,,0.1632851157288036,8,0
27,2,Nancy McKeon,0.076,9,0,0.0802573367804567,S3-27_percent,0,,0.1562573367804567,10,0
27,2,Bobby Bones,0.072,10,0,0.0853560310140324,S3-27_percent,0,,0.1573560310140324,9,0
27,2,Danelle Umstead,0.068,11,1,0.0769538395443731,S3-27_percent,0,,0.1449538395443731,12,1
27,2,Joe Amabile,0.065,12,0,0.0890810183537826,S3-27_percent,0,,0.1540810183537826,11,0
27,3,Juan Pablo Di Pace,0.111,1,0,0.0912782764881151,S3-27_percent,0,,0.20227827648811508,1,0
27,3,Evanna Lynch,0.1,2,0,0.0938640241717292,S3-27_percent,0,,0.1938640241717292,2,0
27,3,Milo Manheim,0.1,2,0,0.0938639822424981,S3-27_percent,0,,0.19386398224249812,3,0
27,3,Tinashe,0.1,2,0,0.0775691574982163,S3-27_percent,0,,0.1775691574982163,8,0
27,3,Alexis Ren,0.096,5,0,0.0938639371274418,S3-27_percent,0,,0.18986393712744182,4,0
27,3,DeMarcus Ware,0.096,5,0,0.0906756317070181,S3-27_percent,0,,0.18667563170701812,5,0
27,3,Mary Lou Retton,0.089,7,0,0.0890862396081703,S3-27_percent,0,,0.1780862396081703,7,0
27,3,Bobby Bones,0.085,8,0,0.0938638979251554,S3-27_percent,0,,0.1788638979251554,6,0
27,3,Nancy McKeon,0.081,9,1,0.0836830083962814,S3-27_percent,0,,0.16468300839628142,11,1
27,3,John Schneider,0.077,10,0,0.0917452974026169,S3-27_percent,0,,0.1687452974026169,9,0
27,3,Joe Amabile,0.066,11,0,0.100506547432757,S3-27_percent,0,,0.166506547432757,10,0
27,4,Milo Manheim,0.125,1,0,0.1046867448322135,S3-27_percent,0,,0.22968674483221352,1,0
27,4,Mary Lou Retton,0.112,2,0,0.0949266238900706,S3-27_percent,0,,0.2069266238900706,4,0
27,4,Tinashe,0.112,2,1,0.0706657362484901,S3-27_percent,0,,0.18266573624849008,9,1
27,4,Alexis Ren,0.108,4,0,0.1046865315143488,S3-27_percent,0,,0.2126865315143488,2,0
27,4,Evanna Lynch,0.103,5,0,0.1046866708566924,S3-27_percent,0,,0.2076866708566924,3,0
27,4,Juan Pablo Di Pace,0.103,5,0,0.0994248128501049,S3-27_percent,0,,0.20242481285010488,5,0
27,4,DeMarcus Ware,0.095,7,0,0.0981917858245669,S3-27_percent,0,,0.19319178582456692,6,0
27,4,John Schneider,0.091,8,0,0.1003788285141029,S3-27_percent,0,,0.1913788285141029,7,0
27,4,Bobby Bones,0.086,9,0,0.1046865292209195,S3-27_percent,0,,0.1906865292209195,8,0
27,4,Joe Amabile,0.065,10,0,0.1176657362484901,S3-27_percent,0,,0.18266573624849008,9,0
27,5,Alexis Ren,0.131,1,0,0.1168656366935146,S3-27_percent,0,,0.2478656366935146,1,0
27,5,Juan Pablo Di Pace,0.131,1,0,0.106349264661282,S3-27_percent,0,,0.237349264661282,3,0
27,5,Milo Manheim,0.122,3,0,0.1168660035097778,S3-27_percent,0,,0.2388660035097778,2,0
27,5,DeMarcus Ware,0.117,4,0,0.1038620452142125,S3-27_percent,0,,0.2208620452142125,5,0
27,5,Mary Lou Retton,0.113,5,0,0.097230072903088,S3-27_percent,0,,0.21023007290308798,8,0
27,5,Evanna Lynch,0.108,6,0,0.1168657937936435,S3-27_percent,0,,0.2248657937936435,4,0
27,5,John Schneider,0.108,6,0,0.1082679144946489,S3-27_percent,0,,0.21626791449464888,6,0
27,5,Bobby Bones,0.095,8,0,0.1168656347947636,S3-27_percent,0,,0.2118656347947636,7,0
27,5,Joe Amabile,0.077,9,0,0.1168276339350689,S3-27_percent,0,,0.1938276339350689,9,1
27,6,Juan Pablo Di Pace,0.131,1,0,0.1033345173365639,S3-27_percent,0,,0.2343345173365639,4,0
27,6,Milo Manheim,0.131,1,0,0.1238209524624677,S3-27_percent,0,,0.2548209524624677,1,0
27,6,Evanna Lynch,0.127,3,0,0.123820692939351,S3-27_percent,0,,0.250820692939351,2,0
27,6,Alexis Ren,0.118,4,0,0.1238205712793748,S3-27_percent,0,,0.24182057127937479,3,0
27,6,DeMarcus Ware,0.114,5,0,0.0984099279859614,S3-27_percent,0,,0.21240992798596142,6,0
27,6,Mary Lou Retton,0.105,6,1,0.0851119099132155,S3-27_percent,0,,0.1901119099132155,9,1
27,6,Bobby Bones,0.096,7,0,0.1238205533343849,S3-27_percent,0,,0.21982055333438488,5,0
27,6,Joe Amabile,0.096,7,0,0.1107489648354649,S3-27_percent,0,,0.2067489648354649,7,0
27,6,John Schneider,0.083,9,0,0.1071119099132156,S3-27_percent,0,,0.1901119099132156,8,0
27,7,Evanna Lynch,0.136,1,0,0.1460210739164162,S3-27_percent,0,,0.2820210739164162,1,0
27,7,Milo Manheim,0.133,2,0,0.1460213450989131,S3-27_percent,0,,0.2790213450989131,2,0
27,7,Juan Pablo Di Pace,0.129,3,0,0.1065221665317134,S3-27_percent,0,,0.2355221665317134,5,0
27,7,Alexis Ren,0.126,4,0,0.1460210975335274,S3-27_percent,0,,0.27202109753352743,3,0
27,7,John Schneider,0.124,5,1,0.0983373441316091,S3-27_percent,0,,0.2223373441316091,6,0
27,7,Bobby Bones,0.122,6,0,0.1460209652855079,S3-27_percent,0,,0.2680209652855079,4,0
27,7,DeMarcus Ware,0.122,6,1,0.0967186633707037,S3-27_percent,0,,0.2187186633707037,8,1
27,7,Joe Amabile,0.108,8,0,0.114337344131609,S3-27_percent,0,,0.222337344131609,7,0
27,8,Juan Pablo Di Pace,0.186,1,1,0.1162285478085018,S3-27_percent,0,,0.3022285478085018,5,0
27,8,Alexis Ren,0.18,2,0,0.1905102649198757,S3-27_percent,0,,0.3705102649198757,1,0
27,8,Evanna Lynch,0.18,2,0,0.1905100026246591,S3-27_percent,0,,0.3705100026246591,2,0
27,8,Milo Manheim,0.171,4,0,0.1905101311957201,S3-27_percent,0,,0.3615101311957201,3,0
27,8,Joe Amabile,0.143,5,1,0.1217310483164578,S3-27_percent,0,,0.2647310483164578,6,1
27,8,Bobby Bones,0.14,6,0,0.1905100051347852,S3-27_percent,0,,0.33051000513478523,4,0
27,9,Evanna Lynch,0.26,1,0,0.2499998873413592,S3-27_percent,0,,0.5099998873413591,1,0
27,9,Milo Manheim,0.26,1,0,0.2499998679345056,S3-27_percent,0,,0.5099998679345056,2,0
27,9,Alexis Ren,0.247,3,0,0.250000320949482,S3-27_percent,0,,0.497000320949482,3,0
27,9,Bobby Bones,0.234,4,0,0.249999923774653,S3-27_percent,0,,0.483999923774653,4,1
28,1,James Van Der Beek,0.107,1,0,0.0825113332322628,S28+_bottom2,0,9.0,10.0,3,0
28,1,Hannah Brown,0.102,2,0,0.0886836755047948,S28+_bottom2,0,2.0,4.0,1,0
28,1,Lauren Alaina,0.096,3,0,0.0839388897467548,S28+_bottom2,0,7.0,10.0,3,0
28,1,Sailor Brinkley-Cook,0.091,4,0,0.080857300627889,S28+_bottom2,0,10.0,14.0,8,0
28,1,Karamo Brown,0.086,5,0,0.0858821948721702,S28+_bottom2,0,4.0,9.0,2,0
28,1,Mary Wilson,0.086,5,0,0.0737997626146262,S28+_bottom2,1,12.0,17.0,10,0
28,1,Ally Brooke,0.081,7,0,0.0858821020799187,S28+_bottom2,0,5.0,12.0,5,0
28,1,Kel Mitchell,0.081,7,0,0.0839389554901365,S28+_bottom2,0,6.0,13.0,7,0
28,1,Kate Flannery,0.076,9,0,0.0825129029047679,S28+_bottom2,0,8.0,17.0,10,0
28,1,Ray Lewis,0.076,9,0,0.0738001609600516,S28+_bottom2,1,11.0,20.0,12,1
28,1,Sean Spicer,0.061,11,0,0.0907015700664776,S28+_bottom2,0,1.0,12.0,5,0
28,1,Lamar Odom,0.056,12,0,0.0874911595349429,S28+_bottom2,0,3.0,15.0,9,0
28,2,Hannah Brown,0.11,1,0,0.0918903277509781,S28+_bottom2,0,2.0,3.0,1,0
28,2,Kate Flannery,0.096,2,0,0.0821094921904501,S28+_bottom2,0,8.0,10.0,3,0
28,2,Ally Brooke,0.091,3,0,0.0874830808847441,S28+_bottom2,0,5.0,8.0,2,0
28,2,James Van Der Beek,0.091,3,0,0.0821091047050584,S28+_bottom2,0,9.0,12.0,7,0
28,2,Kel Mitchell,0.091,3,0,0.0843951718469077,S28+_bottom2,0,7.0,10.0,3,0
28,2,Karamo Brown,0.087,6,0,0.0874851661111834,S28+_bottom2,0,4.0,10.0,3,0
28,2,Lauren Alaina,0.087,6,0,0.0843958028102616,S28+_bottom2,0,6.0,12.0,7,0
28,2,Sailor Brinkley-Cook,0.082,8,0,0.079440577751123,S28+_bottom2,0,10.0,18.0,10,0
28,2,Sean Spicer,0.073,9,0,0.0950308200379378,S28+_bottom2,0,1.0,10.0,3,0
28,2,Mary Wilson,0.068,10,1,0.067819744250464,S28+_bottom2,1,11.0,21.0,11,0
28,2,Ray Lewis,0.068,10,1,0.0678197441783688,S28+_bottom2,1,12.0,22.0,12,1
28,2,Lamar Odom,0.055,12,0,0.0900209773926797,S28+_bottom2,0,3.0,15.0,9,0
28,3,Ally Brooke,0.121,1,0,0.1031033105190549,S28+_bottom2,0,4.0,5.0,1,0
28,3,Kate Flannery,0.121,1,0,0.0925316658071143,S28+_bottom2,0,9.0,10.0,3,0
28,3,James Van Der Beek,0.116,3,0,0.0925325524612835,S28+_bottom2,0,8.0,11.0,5,0
28,3,Sailor Brinkley-Cook,0.116,3,0,0.0871886144987434,S28+_bottom2,1,10.0,13.0,8,0
28,3,Hannah Brown,0.106,5,0,0.1115868166434334,S28+_bottom2,0,2.0,7.0,2,0
28,3,Kel Mitchell,0.101,6,0,0.0970589481868579,S28+_bottom2,0,7.0,13.0,8,0
28,3,Lauren Alaina,0.101,6,0,0.0970602855019531,S28+_bottom2,0,6.0,12.0,7,0
28,3,Karamo Brown,0.081,8,0,0.1031039796585792,S28+_bottom2,0,3.0,11.0,5,0
28,3,Sean Spicer,0.076,9,0,0.1175387579827728,S28+_bottom2,0,1.0,10.0,3,0
28,3,Lamar Odom,0.061,10,0,0.0982950739088301,S28+_bottom2,1,5.0,15.0,10,1
28,4,Ally Brooke,0.113,1,0,0.1068709065201043,S28+_bottom2,0,3.0,4.0,2,0
28,4,Hannah Brown,0.113,1,0,0.1233874300893615,S28+_bottom2,0,2.0,3.0,1,0
28,4,Kel Mitchell,0.113,1,0,0.0948495182084428,S28+_bottom2,0,6.0,7.0,4,0
28,4,Lauren Alaina,0.113,1,0,0.0948502734099215,S28+_bottom2,0,5.0,6.0,3,0
28,4,Sailor Brinkley-Cook,0.11,5,0,0.074699463083009,S28+_bottom2,0,10.0,15.0,8,0
28,4,James Van Der Beek,0.099,6,0,0.0856967438127723,S28+_bottom2,0,8.0,14.0,7,0
28,4,Karamo Brown,0.099,6,0,0.1068708609485197,S28+_bottom2,0,4.0,10.0,5,0
28,4,Kate Flannery,0.092,8,0,0.0856948465280384,S28+_bottom2,1,9.0,17.0,9,0
28,4,Sean Spicer,0.074,9,0,0.1347493909351737,S28+_bottom2,0,1.0,10.0,5,0
28,4,Lamar Odom,0.071,10,1,0.0923305738693295,S28+_bottom2,1,7.0,17.0,9,1
28,5,Ally Brooke,0.126,1,0,0.1239166120403489,S28+_bottom2,0,4.0,5.0,1,0
28,5,James Van Der Beek,0.121,2,0,0.0810967362065113,S28+_bottom2,0,7.0,9.0,4,0
28,5,Kel Mitchell,0.121,2,0,0.0999555776931586,S28+_bottom2,0,5.0,7.0,3,0
28,5,Hannah Brown,0.116,4,0,0.1556503658439104,S28+_bottom2,0,2.0,6.0,2,0
28,5,Kate Flannery,0.112,5,0,0.081096503706087,S28+_bottom2,1,8.0,13.0,7,0
28,5,Sailor Brinkley-Cook,0.112,5,0,0.0575823715811862,S28+_bottom2,1,9.0,14.0,9,1
28,5,Lauren Alaina,0.107,7,0,0.0999548175892397,S28+_bottom2,0,6.0,13.0,7,0
28,5,Karamo Brown,0.098,8,0,0.12391744943369,S28+_bottom2,0,3.0,11.0,6,0
28,5,Sean Spicer,0.088,9,0,0.1768295730273832,S28+_bottom2,0,1.0,10.0,5,0
28,6,James Van Der Beek,0.118,1,0,0.0531543057832254,S28+_bottom2,0,8.0,9.0,2,0
28,6,Kate Flannery,0.118,1,0,0.0531553629064961,S28+_bottom2,0,7.0,8.0,1,0
28,6,Sailor Brinkley-Cook,0.118,1,1,4.202110882459544e-14,S28+_bottom2,1,9.0,10.0,5,0
28,6,Kel Mitchell,0.114,4,0,0.0921710847943312,S28+_bottom2,0,5.0,9.0,2,0
28,6,Lauren Alaina,0.114,4,0,0.0921710656736459,S28+_bottom2,1,6.0,10.0,5,1
28,6,Ally Brooke,0.11,6,0,0.1388180863393109,S28+_bottom2,0,3.0,9.0,2,0
28,6,Karamo Brown,0.11,6,0,0.1388180860553886,S28+_bottom2,0,4.0,10.0,5,0
28,6,Hannah Brown,0.105,8,0,0.1971667814028925,S28+_bottom2,0,2.0,10.0,5,0
28,6,Sean Spicer,0.092,9,0,0.2345452298556538,S28+_bottom2,0,1.0,10.0,5,0
28,7,Ally Brooke,0.134,1,0,0.136504517930065,S28+_bottom2,0,3.0,4.0,1,0
28,7,James Van Der Beek,0.134,1,0,0.0865839743401846,S28+_bottom2,0,7.0,8.0,4,0
28,7,Lauren Alaina,0.134,1,0,0.1127114812528901,S28+_bottom2,0,5.0,6.0,2,0
28,7,Hannah Brown,0.129,4,0,0.169960901555123,S28+_bottom2,0,2.0,6.0,2,0
28,7,Kel Mitchell,0.126,5,0,0.1115348711882627,S28+_bottom2,1,6.0,11.0,6,0
28,7,Karamo Brown,0.121,6,1,0.083717619659018,S28+_bottom2,1,8.0,14.0,8,1
28,7,Kate Flannery,0.119,7,0,0.1128556771996498,S28+_bottom2,0,4.0,11.0,6,0
28,7,Sean Spicer,0.104,8,0,0.1861309634068155,S28+_bottom2,0,1.0,9.0,5,0
28,8,James Van Der Beek,0.166,1,0,0.1133154469522636,S28+_bottom2,0,6.0,7.0,3,0
28,8,Hannah Brown,0.161,2,0,0.1725940012738979,S28+_bottom2,0,1.0,3.0,1,0
28,8,Ally Brooke,0.155,3,0,0.1526724965523385,S28+_bottom2,0,3.0,6.0,2,0
28,8,Kel Mitchell,0.155,4,0,0.1382283628880378,S28+_bottom2,0,5.0,9.0,4,0
28,8,Kate Flannery,0.135,5,1,0.1100727109436841,S28+_bottom2,1,7.0,12.0,7,0
28,8,Lauren Alaina,0.124,6,0,0.1411678964851979,S28+_bottom2,1,4.0,10.0,6,1
28,8,Sean Spicer,0.104,7,0,0.1719490887697812,S28+_bottom2,0,2.0,9.0,4,0
28,9,Ally Brooke,0.192,1,0,0.1768705831930513,S28+_bottom2,0,2.0,3.0,1,0
28,9,Kel Mitchell,0.177,2,0,0.1677284670312151,S28+_bottom2,0,4.0,6.0,3,0
28,9,James Van Der Beek,0.173,3,0,0.1324971570184449,S28+_bottom2,1,6.0,9.0,5,0
28,9,Hannah Brown,0.17,4,0,0.1896823897166236,S28+_bottom2,0,1.0,5.0,2,0
28,9,Lauren Alaina,0.168,5,0,0.1695786508509524,S28+_bottom2,0,3.0,8.0,4,0
28,9,Sean Spicer,0.12,6,1,0.1636427593996634,S28+_bottom2,1,5.0,11.0,6,1
28,10,Ally Brooke,0.215,1,0,0.2132656765649993,S28+_bottom2,0,2.0,3.0,1,0
28,10,Kel Mitchell,0.207,2,0,0.2067657651362644,S28+_bottom2,1,4.0,6.0,3,0
28,10,Hannah Brown,0.196,3,0,0.2224609118820538,S28+_bottom2,0,1.0,4.0,2,0
28,10,Lauren Alaina,0.196,3,0,0.2080769381581307,S28+_bottom2,0,3.0,6.0,3,0
28,10,James Van Der Beek,0.185,5,1,0.1494307111183921,S28+_bottom2,1,5.0,10.0,5,1
28,11,Ally Brooke,0.256,1,0,0.2505085589456753,S28+_bottom2,0,2.0,3.0,1,0
28,11,Kel Mitchell,0.252,2,0,0.245102253345026,S28+_bottom2,1,4.0,6.0,3,0
28,11,Hannah Brown,0.248,3,0,0.2581980637680062,S28+_bottom2,0,1.0,4.0,2,0
28,11,Lauren Alaina,0.244,4,0,0.2461911252973284,S28+_bottom2,1,3.0,7.0,4,1
29,1,Justina Machado,0.081,1,0,0.0670823214339614,S28+_bottom2,0,5.0,6.0,2,0
29,1,Skai Jackson,0.081,1,0,0.0671384209234452,S28+_bottom2,0,2.0,3.0,1,0
29,1,Kaitlyn Bristowe,0.077,3,0,0.0670823375420435,S28+_bottom2,0,4.0,7.0,4,0
29,1,Nev Schulman,0.077,3,0,0.067082344514362,S28+_bottom2,0,3.0,6.0,2,0
29,1,Monica Aldama,0.073,5,0,0.0667831087457375,S28+_bottom2,0,8.0,13.0,6,0
29,1,AJ McLean,0.069,6,0,0.0669655560965794,S28+_bottom2,0,6.0,12.0,5,0
29,1,Anne Heche,0.069,6,0,0.0663535127984691,S28+_bottom2,0,13.0,19.0,11,0
29,1,Jeannie Mai,0.069,6,0,0.0667831036800802,S28+_bottom2,0,9.0,15.0,9,0
29,1,Jesse Metcalfe,0.069,6,0,0.0666328200227566,S28+_bottom2,0,12.0,18.0,10,0
29,1,Johnny Weir,0.069,6,0,0.0669594049957513,S28+_bottom2,0,7.0,13.0,6,0
29,1,Veron Davis,0.065,11,0,0.0666820125187534,S28+_bottom2,0,11.0,22.0,12,0
29,1,Nelly,0.062,12,0,0.0672345849156398,S28+_bottom2,0,1.0,13.0,6,0
29,1,Chrishell Stause,0.05,13,0,0.0667380398681296,S28+_bottom2,0,10.0,23.0,13,0
29,1,Charles Oakley,0.046,14,0,0.0646738443998208,S28+_bottom2,1,15.0,29.0,14,0
29,1,Carole Baskin,0.042,15,0,0.0658085875444695,S28+_bottom2,1,14.0,29.0,14,1
29,2,Kaitlyn Bristowe,0.081,1,0,0.0673954281753229,S28+_bottom2,0,4.0,5.0,1,0
29,2,Justina Machado,0.077,2,0,0.0673954104077735,S28+_bottom2,0,5.0,7.0,3,0
29,2,Nev Schulman,0.077,2,0,0.0673954370763567,S28+_bottom2,0,3.0,5.0,1,0
29,2,Jesse Metcalfe,0.073,4,0,0.0666097351266449,S28+_bottom2,0,12.0,16.0,8,0
29,2,AJ McLean,0.07,5,0,0.067191535827859,S28+_bottom2,0,6.0,11.0,5,0
29,2,Anne Heche,0.066,6,0,0.0661204044495866,S28+_bottom2,0,13.0,19.0,12,0
29,2,Chrishell Stause,0.066,6,0,0.0667938527117702,S28+_bottom2,0,10.0,16.0,8,0
29,2,Jeannie Mai,0.066,6,0,0.0668726681311077,S28+_bottom2,0,9.0,15.0,7,0
29,2,Johnny Weir,0.066,6,0,0.0671807948091357,S28+_bottom2,0,7.0,13.0,6,0
29,2,Nelly,0.066,6,0,0.0676610264244551,S28+_bottom2,0,1.0,7.0,3,0
29,2,Veron Davis,0.066,6,0,0.0666958229700832,S28+_bottom2,0,11.0,17.0,11,0
29,2,Carole Baskin,0.059,12,0,0.0651631613446111,S28+_bottom2,1,14.0,26.0,14,0
29,2,Monica Aldama,0.059,12,0,0.0668726708081149,S28+_bottom2,0,8.0,20.0,13,0
29,2,Charles Oakley,0.055,14,1,0.0631587440325415,S28+_bottom2,1,15.0,29.0,15,1
29,2,Skai Jackson,0.055,14,0,0.0674933077046363,S28+_bottom2,0,2.0,16.0,8,0
29,3,Johnny Weir,0.085,1,0,0.072004096587843,S28+_bottom2,0,7.0,8.0,3,0
29,3,Nev Schulman,0.085,1,0,0.07246991905264,S28+_bottom2,0,3.0,4.0,1,0
29,3,Kaitlyn Bristowe,0.082,3,0,0.0724699122935705,S28+_bottom2,0,4.0,7.0,2,0
29,3,Chrishell Stause,0.078,4,0,0.0711627587643418,S28+_bottom2,0,10.0,14.0,8,0
29,3,Jeannie Mai,0.078,4,0,0.0713342876434019,S28+_bottom2,0,9.0,13.0,5,0
29,3,Veron Davis,0.078,4,0,0.0709492975450492,S28+_bottom2,0,11.0,15.0,9,0
29,3,AJ McLean,0.075,7,0,0.0720274154069796,S28+_bottom2,0,6.0,13.0,5,0
29,3,Monica Aldama,0.075,7,0,0.0713342923195977,S28+_bottom2,0,8.0,15.0,9,0
29,3,Jesse Metcalfe,0.071,9,0,0.0707617350803726,S28+_bottom2,0,12.0,21.0,12,0
29,3,Justina Machado,0.068,10,0,0.0724699038238169,S28+_bottom2,0,5.0,15.0,9,0
29,3,Nelly,0.064,11,0,0.0730455167850105,S28+_bottom2,0,1.0,12.0,4,0
29,3,Skai Jackson,0.064,11,0,0.0726821628543331,S28+_bottom2,0,2.0,13.0,5,0
29,3,Anne Heche,0.053,13,0,0.0696937056993983,S28+_bottom2,1,13.0,26.0,13,0
29,3,Carole Baskin,0.043,14,1,0.0675949961436443,S28+_bottom2,1,14.0,28.0,14,1
29,4,Skai Jackson,0.093,1,0,0.0790672818212756,S28+_bottom2,0,2.0,3.0,1,0
29,4,Kaitlyn Bristowe,0.083,2,0,0.078594433019388,S28+_bottom2,0,5.0,7.0,3,0
29,4,AJ McLean,0.08,3,0,0.0776070993161751,S28+_bottom2,0,6.0,9.0,5,0
29,4,Johnny Weir,0.08,3,0,0.0775550191361519,S28+_bottom2,0,7.0,10.0,6,0
29,4,Justina Machado,0.08,3,0,0.0785944369424885,S28+_bottom2,0,3.0,6.0,2,0
29,4,Monica Aldama,0.08,3,0,0.0760562345052634,S28+_bottom2,0,8.0,11.0,7,0
29,4,Nev Schulman,0.08,3,0,0.0785944344469617,S28+_bottom2,0,4.0,7.0,3,0
29,4,Chrishell Stause,0.073,8,0,0.0756716057108625,S28+_bottom2,0,10.0,18.0,9,0
29,4,Veron Davis,0.073,8,0,0.0751925161819855,S28+_bottom2,0,11.0,19.0,10,0
29,4,Anne Heche,0.07,10,1,0.0723639735137022,S28+_bottom2,1,13.0,23.0,13,1
29,4,Jeannie Mai,0.07,10,0,0.0760562297582082,S28+_bottom2,0,9.0,19.0,10,0
29,4,Jesse Metcalfe,0.07,10,0,0.0747711260719803,S28+_bottom2,1,12.0,22.0,12,0
29,4,Nelly,0.07,10,0,0.0798756095755566,S28+_bottom2,0,1.0,11.0,7,0
29,5,Johnny Weir,0.101,1,0,0.0838996249816972,S28+_bottom2,0,7.0,8.0,4,0
29,5,Kaitlyn Bristowe,0.094,2,0,0.0861783101923863,S28+_bottom2,0,4.0,6.0,1,0
29,5,Monica Aldama,0.091,3,0,0.0805961285410855,S28+_bottom2,0,8.0,11.0,7,0
29,5,Nev Schulman,0.091,3,0,0.0861783015755898,S28+_bottom2,0,5.0,8.0,4,0
29,5,AJ McLean,0.084,5,0,0.0840140320820593,S28+_bottom2,0,6.0,11.0,7,0
29,5,Jeannie Mai,0.084,5,0,0.0805961267459883,S28+_bottom2,0,9.0,14.0,9,0
29,5,Justina Machado,0.084,5,0,0.0861783221584717,S28+_bottom2,0,3.0,8.0,4,0
29,5,Nelly,0.084,5,0,0.0889735354491436,S28+_bottom2,0,1.0,6.0,1,0
29,5,Skai Jackson,0.084,5,0,0.0872116635042817,S28+_bottom2,0,2.0,7.0,3,0
29,5,Veron Davis,0.073,10,0,0.0786826282507354,S28+_bottom2,1,11.0,21.0,10,0
29,5,Chrishell Stause,0.066,11,0,0.0797449104096477,S28+_bottom2,0,10.0,21.0,10,0
29,5,Jesse Metcalfe,0.066,11,1,0.0777464161089128,S28+_bottom2,1,12.0,23.0,12,1
29,6,AJ McLean,0.101,1,0,0.0913222481513704,S28+_bottom2,0,6.0,7.0,3,0
29,6,Justina Machado,0.101,1,0,0.0959352316164979,S28+_bottom2,0,3.0,4.0,1,0
29,6,Kaitlyn Bristowe,0.101,1,0,0.0959352104462301,S28+_bottom2,0,4.0,5.0,2,0
29,6,Monica Aldama,0.101,1,0,0.083960641368168,S28+_bottom2,0,8.0,9.0,5,0
29,6,Nev Schulman,0.097,5,0,0.0959351935702792,S28+_bottom2,0,5.0,10.0,6,0
29,6,Jeannie Mai,0.093,6,0,0.0839606413124911,S28+_bottom2,0,9.0,15.0,8,0
29,6,Chrishell Stause,0.09,7,0,0.0821119591027724,S28+_bottom2,1,10.0,17.0,10,0
29,6,Nelly,0.09,7,0,0.101840507915786,S28+_bottom2,0,1.0,8.0,4,0
29,6,Johnny Weir,0.082,9,0,0.0910773724371731,S28+_bottom2,0,7.0,16.0,9,0
29,6,Veron Davis,0.078,10,1,0.0797959552878225,S28+_bottom2,1,11.0,21.0,11,1
29,6,Skai Jackson,0.067,11,0,0.0981250387914088,S28+_bottom2,0,2.0,13.0,7,0
29,7,Nev Schulman,0.115,1,0,0.1087328500367093,S28+_bottom2,0,4.0,5.0,2,0
29,7,Johnny Weir,0.104,2,0,0.098689479481112,S28+_bottom2,0,7.0,9.0,5,0
29,7,Nelly,0.104,2,0,0.1207446498086877,S28+_bottom2,0,1.0,3.0,1,0
29,7,Skai Jackson,0.104,2,0,0.1080921424421423,S28+_bottom2,0,5.0,7.0,3,0
29,7,AJ McLean,0.1,5,0,0.0991995004700272,S28+_bottom2,0,6.0,11.0,6,0
29,7,Chrishell Stause,0.1,5,0,0.0797168916413586,S28+_bottom2,0,10.0,15.0,8,0
29,7,Justina Machado,0.1,5,0,0.1087328900291058,S28+_bottom2,0,2.0,7.0,3,0
29,7,Jeannie Mai,0.096,8,1,0.083679365105847,S28+_bottom2,1,8.0,16.0,9,0
29,7,Kaitlyn Bristowe,0.092,9,0,0.1087328690683612,S28+_bottom2,0,3.0,12.0,7,0
29,7,Monica Aldama,0.085,10,1,0.0836793619166484,S28+_bottom2,1,9.0,19.0,10,1
29,8,Johnny Weir,0.135,1,0,0.1148321749288551,S28+_bottom2,0,7.0,8.0,4,0
29,8,Nev Schulman,0.135,1,0,0.1349068870887109,S28+_bottom2,0,4.0,5.0,1,0
29,8,Justina Machado,0.131,3,0,0.1349069120313615,S28+_bottom2,0,2.0,5.0,1,0
29,8,Kaitlyn Bristowe,0.126,4,0,0.1349069008157681,S28+_bottom2,0,3.0,7.0,3,0
29,8,AJ McLean,0.122,5,0,0.1158650785227287,S28+_bottom2,0,6.0,11.0,6,0
29,8,Chrishell Stause,0.122,5,1,0.0751775725827627,S28+_bottom2,1,8.0,13.0,8,0
29,8,Skai Jackson,0.122,7,0,0.131140112060286,S28+_bottom2,1,5.0,12.0,7,1
29,8,Nelly,0.108,8,0,0.1582643619695267,S28+_bottom2,0,1.0,9.0,5,0
29,9,Johnny Weir,0.155,1,0,0.1164123963881994,S28+_bottom2,1,7.0,8.0,4,0
29,9,Kaitlyn Bristowe,0.155,1,0,0.1561425160168187,S28+_bottom2,0,4.0,5.0,1,0
29,9,Nev Schulman,0.15,3,0,0.1561425169069977,S28+_bottom2,0,3.0,6.0,2,0
29,9,Skai Jackson,0.15,3,0,0.1258974953503172,S28+_bottom2,0,5.0,8.0,4,0
29,9,Justina Machado,0.135,5,0,0.1561425199186537,S28+_bottom2,0,2.0,7.0,3,0
29,9,AJ McLean,0.13,6,1,0.1185017267954142,S28+_bottom2,1,6.0,12.0,7,1
29,9,Nelly,0.124,7,0,0.1707608286235989,S28+_bottom2,0,1.0,8.0,4,0
29,10,Kaitlyn Bristowe,0.172,1,0,0.1885335716662762,S28+_bottom2,0,3.0,4.0,2,0
29,10,Nev Schulman,0.172,1,0,0.1885335834790847,S28+_bottom2,0,2.0,3.0,1,0
29,10,Justina Machado,0.167,3,0,0.188533566481218,S28+_bottom2,0,4.0,7.0,3,0
29,10,Johnny Weir,0.164,4,1,0.1144665499513881,S28+_bottom2,1,6.0,10.0,6,1
29,10,Skai Jackson,0.164,4,1,0.1210452601367991,S28+_bottom2,1,5.0,9.0,5,0
29,10,Nelly,0.161,6,0,0.1988874682852337,S28+_bottom2,0,1.0,7.0,3,0
29,11,Justina Machado,0.253,1,0,0.2478398760796028,S28+_bottom2,1,4.0,5.0,3,0
29,11,Kaitlyn Bristowe,0.253,1,0,0.2478398794984058,S28+_bottom2,0,3.0,4.0,2,0
29,11,Nev Schulman,0.253,1,0,0.2478399089740212,S28+_bottom2,0,2.0,3.0,1,0
29,11,Nelly,0.241,4,0,0.2564803354479701,S28+_bottom2,1,1.0,5.0,3,1
30,1,JoJo Siwa,0.079,1,0,0.2511267385206243,S28+_bottom2,0,2.0,3.0,1,0
30,1,Amanda Kloots,0.077,2,0,0.0,S28+_bottom2,0,14.0,16.0,8,0
30,1,Suni Lee,0.077,2,0,1.6638997633323983e-06,S28+_bottom2,0,10.0,12.0,5,0
30,1,Melanie C,0.074,4,0,0.0822762202829589,S28+_bottom2,0,5.0,9.0,2,0
30,1,Kenya Moore,0.071,5,0,0.14123189597679,S28+_bottom2,0,4.0,9.0,2,0
30,1,Melora Hardin,0.071,5,0,5.379825441260065e-07,S28+_bottom2,0,11.0,16.0,8,0
30,1,Christine Chiu,0.068,7,0,8.370324576951824e-06,S28+_bottom2,0,8.0,15.0,7,0
30,1,Olivia Jade,0.068,7,0,0.0245840848805322,S28+_bottom2,0,6.0,13.0,6,0
30,1,Brian Austin Green,0.066,9,0,0.2744582101233705,S28+_bottom2,0,1.0,10.0,4,0
30,1,Cody Rigsby,0.066,9,0,0.0158123833721928,S28+_bottom2,0,7.0,16.0,8,0
30,1,Matt James,0.066,9,0,0.0,S28+_bottom2,1,14.0,23.0,14,0
30,1,"Mike ""The Miz"" Mizanin",0.066,9,0,7.91294073225299e-11,S28+_bottom2,0,12.0,21.0,12,0
30,1,Jimmie Allen,0.06,13,0,2.788433407312319e-06,S28+_bottom2,0,9.0,22.0,13,0
30,1,Iman Shumpert,0.057,14,0,1.8146862959716086e-11,S28+_bottom2,1,13.0,27.0,15,1
30,1,Martin Kove,0.036,15,0,0.2105088549640025,S28+_bottom2,0,3.0,18.0,11,0
30,2,Amanda Kloots,0.083,1,0,0.0,S28+_bottom2,0,14.0,15.0,10,0
30,2,JoJo Siwa,0.081,2,0,0.3026891880817939,S28+_bottom2,0,2.0,4.0,1,0
30,2,Melanie C,0.078,3,0,6.59811232029483e-07,S28+_bottom2,0,10.0,13.0,5,0
30,2,Suni Lee,0.073,4,0,0.0268645926857822,S28+_bottom2,0,6.0,10.0,3,0
30,2,Jimmie Allen,0.07,5,0,2.7357507272326297e-07,S28+_bottom2,0,11.0,16.0,11,0
30,2,Melora Hardin,0.07,5,0,0.0105587778051869,S28+_bottom2,0,7.0,12.0,4,0
30,2,Olivia Jade,0.07,5,0,2.169710353938644e-06,S28+_bottom2,0,9.0,14.0,7,0
30,2,"Mike ""The Miz"" Mizanin",0.068,8,0,0.3197085697827682,S28+_bottom2,0,1.0,9.0,2,0
30,2,Iman Shumpert,0.065,9,0,0.0925767652678736,S28+_bottom2,0,5.0,14.0,7,0
30,2,Christine Chiu,0.062,10,0,0.1035928070418963,S28+_bottom2,0,4.0,14.0,7,0
30,2,Cody Rigsby,0.062,10,0,0.1440083645627565,S28+_bottom2,0,3.0,13.0,5,0
30,2,Kenya Moore,0.062,10,0,3.353009203798433e-11,S28+_bottom2,0,13.0,23.0,13,0
30,2,Brian Austin Green,0.06,13,0,2.6039851929343147e-06,S28+_bottom2,0,8.0,21.0,12,0
30,2,Matt James,0.057,14,0,0.0,S28+_bottom2,1,14.0,28.0,15,0
30,2,Martin Kove,0.039,15,1,1.7299010349203853e-08,S28+_bottom2,1,12.0,27.0,14,1
30,3,Amanda Kloots,0.081,1,0,0.4055320108279347,S28+_bottom2,0,1.0,2.0,1,0
30,3,JoJo Siwa,0.081,1,0,8.869747369996899e-07,S28+_bottom2,0,11.0,12.0,4,0
30,3,Olivia Jade,0.081,1,0,1.984415707474718e-06,S28+_bottom2,0,8.0,9.0,2,0
30,3,Melora Hardin,0.077,4,0,4.271171540465621e-07,S28+_bottom2,0,12.0,16.0,7,0
30,3,Melanie C,0.074,5,0,4.405392099371912e-11,S28+_bottom2,1,13.0,18.0,11,0
30,3,"Mike ""The Miz"" Mizanin",0.074,5,0,1.431896042384835e-06,S28+_bottom2,0,10.0,15.0,6,0
30,3,Christine Chiu,0.07,7,1,0.0,S28+_bottom2,1,14.0,21.0,14,1
30,3,Kenya Moore,0.07,7,0,1.4859612648450775e-06,S28+_bottom2,0,9.0,16.0,7,0
30,3,Suni Lee,0.07,7,0,0.1058577090803397,S28+_bottom2,0,3.0,10.0,3,0
30,3,Jimmie Allen,0.067,10,0,0.2603228321819202,S28+_bottom2,0,2.0,12.0,4,0
30,3,Matt James,0.067,10,0,0.0416133379093409,S28+_bottom2,0,7.0,17.0,9,0
30,3,Brian Austin Green,0.064,12,0,0.056774510031026,S28+_bottom2,0,6.0,18.0,11,0
30,3,Iman Shumpert,0.064,12,0,0.0574485787916918,S28+_bottom2,0,5.0,17.0,9,0
30,3,Cody Rigsby,0.06,14,0,0.0724489945567279,S28+_bottom2,0,4.0,18.0,11,0
30,4,Melora Hardin,0.088,1,0,0.2380421750705661,S28+_bottom2,0,3.0,4.0,1,0
30,4,JoJo Siwa,0.084,2,0,3.040685339461911e-11,S28+_bottom2,0,11.0,13.0,6,0
30,4,Olivia Jade,0.084,2,0,0.0534530315291993,S28+_bottom2,0,6.0,8.0,2,0
30,4,Amanda Kloots,0.082,4,0,4.267385821894041e-06,S28+_bottom2,0,8.0,12.0,5,0
30,4,Suni Lee,0.082,4,0,0.0,S28+_bottom2,1,13.0,17.0,8,0
30,4,Melanie C,0.079,6,0,1.4764555559038248e-06,S28+_bottom2,0,9.0,15.0,7,0
30,4,Jimmie Allen,0.078,7,0,0.3017767311700792,S28+_bottom2,0,1.0,8.0,2,0
30,4,"Mike ""The Miz"" Mizanin",0.078,7,0,4.296843547972965e-11,S28+_bottom2,0,10.0,17.0,8,0
30,4,Iman Shumpert,0.076,9,0,0.2523404883106703,S28+_bottom2,0,2.0,11.0,4,0
30,4,Kenya Moore,0.071,10,0,8.030916148678723e-06,S28+_bottom2,0,7.0,17.0,8,0
30,4,Cody Rigsby,0.07,11,0,1.092326502725258e-11,S28+_bottom2,1,12.0,23.0,13,1
30,4,Matt James,0.068,12,1,0.0678419528310731,S28+_bottom2,0,5.0,17.0,8,0
30,4,Brian Austin Green,0.062,13,1,0.0865407478541276,S28+_bottom2,0,4.0,17.0,8,0
30,5,JoJo Siwa,0.104,1,0,0.0499651779293399,S28+_bottom2,0,8.0,9.0,2,0
30,5,Amanda Kloots,0.101,2,0,0.0496025733305528,S28+_bottom2,0,9.0,11.0,5,0
30,5,Kenya Moore,0.094,3,0,0.0533447195860999,S28+_bottom2,0,5.0,8.0,1,0
30,5,Melanie C,0.094,3,1,2.657732591345024e-06,S28+_bottom2,1,11.0,14.0,11,1
30,5,Melora Hardin,0.094,3,0,0.0501432625319927,S28+_bottom2,0,6.0,9.0,2,0
30,5,Olivia Jade,0.094,3,0,0.0499959594281077,S28+_bottom2,0,7.0,10.0,4,0
30,5,Suni Lee,0.094,3,0,0.0489441233696082,S28+_bottom2,1,10.0,13.0,10,0
30,5,Jimmie Allen,0.088,8,0,0.1266179779695131,S28+_bottom2,0,4.0,12.0,7,0
30,5,Cody Rigsby,0.083,9,0,0.1578273074449694,S28+_bottom2,0,2.0,11.0,5,0
30,5,"Mike ""The Miz"" Mizanin",0.083,9,0,0.1577910633077755,S28+_bottom2,0,3.0,12.0,7,0
30,5,Iman Shumpert,0.073,11,0,0.255766234378822,S28+_bottom2,0,1.0,12.0,7,0
30,6,Iman Shumpert,0.11,1,0,0.0,S28+_bottom2,0,10.0,11.0,6,0
30,6,JoJo Siwa,0.11,1,0,0.7201545165238645,S28+_bottom2,0,1.0,2.0,1,0
30,6,Amanda Kloots,0.104,3,0,3.761414059026643e-11,S28+_bottom2,0,8.0,11.0,6,0
30,6,Jimmie Allen,0.104,3,0,6.637953138990523e-07,S28+_bottom2,0,7.0,10.0,4,0
30,6,Cody Rigsby,0.099,5,0,0.1148772375896054,S28+_bottom2,0,2.0,7.0,2,0
30,6,Olivia Jade,0.099,5,0,0.0662053671197653,S28+_bottom2,0,3.0,8.0,3,0
30,6,Suni Lee,0.099,5,0,0.0475781571056668,S28+_bottom2,0,5.0,10.0,4,0
30,6,Melora Hardin,0.093,8,0,2.1407729393709565e-06,S28+_bottom2,1,6.0,14.0,8,0
30,6,"Mike ""The Miz"" Mizanin",0.093,8,0,2.1312173508199314e-11,S28+_bottom2,1,9.0,17.0,10,1
30,6,Kenya Moore,0.088,10,1,0.0511858583762439,S28+_bottom2,0,4.0,14.0,8,0
30,7,Olivia Jade,0.128,1,0,2.533677548346199e-07,S28+_bottom2,0,7.0,8.0,2,0
30,7,JoJo Siwa,0.119,2,0,4.919774360265324e-06,S28+_bottom2,0,6.0,8.0,2,0
30,7,Jimmie Allen,0.116,3,0,2.22245965199724e-11,S28+_bottom2,0,8.0,11.0,6,0
30,7,Melora Hardin,0.116,3,0,0.3526788481033534,S28+_bottom2,0,1.0,4.0,1,0
30,7,Cody Rigsby,0.11,5,0,0.2637979299170386,S28+_bottom2,0,3.0,8.0,2,0
30,7,Amanda Kloots,0.104,6,0,6.626813106960005e-06,S28+_bottom2,0,5.0,11.0,6,0
30,7,Iman Shumpert,0.104,6,0,0.299004959300137,S28+_bottom2,0,2.0,8.0,2,0
30,7,Suni Lee,0.104,6,0,0.0,S28+_bottom2,1,9.0,15.0,9,0
30,7,"Mike ""The Miz"" Mizanin",0.098,9,1,0.0845120223463705,S28+_bottom2,1,4.0,13.0,8,1
30,8,Amanda Kloots,0.136,1,0,0.0069175168517901,S28+_bottom2,0,5.0,6.0,3,0
30,8,Melora Hardin,0.136,1,0,0.2792462247948657,S28+_bottom2,0,2.0,3.0,1,0
30,8,Suni Lee,0.136,1,0,0.0600414997527368,S28+_bottom2,0,4.0,5.0,2,0
30,8,JoJo Siwa,0.133,4,0,9.418635654661852e-06,S28+_bottom2,0,6.0,10.0,6,0
30,8,Cody Rigsby,0.123,5,0,0.1229891408692678,S28+_bottom2,0,3.0,8.0,4,0
30,8,Olivia Jade,0.117,6,1,2.5226436813234868e-11,S28+_bottom2,1,8.0,14.0,7,0
30,8,Iman Shumpert,0.114,7,0,0.530802115394591,S28+_bottom2,0,1.0,8.0,4,0
30,8,Jimmie Allen,0.104,8,1,3.305912567833081e-11,S28+_bottom2,1,7.0,15.0,8,1
30,9,JoJo Siwa,0.177,1,0,0.2665386456049482,S28+_bottom2,0,2.0,3.0,1,0
30,9,Amanda Kloots,0.175,2,0,0.0883623872841149,S28+_bottom2,1,5.0,7.0,3,0
30,9,Iman Shumpert,0.166,3,0,0.1387062613242385,S28+_bottom2,0,4.0,7.0,3,0
30,9,Suni Lee,0.166,3,1,0.205105075461723,S28+_bottom2,0,3.0,6.0,2,0
30,9,Melora Hardin,0.159,5,1,0.0,S28+_bottom2,1,6.0,11.0,6,1
30,9,Cody Rigsby,0.157,6,0,0.3012879522886006,S28+_bottom2,0,1.0,7.0,3,0
30,10,Iman Shumpert,0.255,1,0,5.2773964733871515e-11,S28+_bottom2,1,4.0,5.0,3,0
30,10,JoJo Siwa,0.255,1,0,2.6717820558505483e-06,S28+_bottom2,0,3.0,4.0,1,0
30,10,Amanda Kloots,0.248,3,0,0.9999981685412436,S28+_bottom2,0,1.0,4.0,1,0
30,10,Cody Rigsby,0.242,4,0,2.8648572736788632e-06,S28+_bottom2,1,2.0,6.0,4,1
31,1,Charli D'Amelio,0.084,1,0,0.0623139697328437,S28+_bottom2,0,6.0,7.0,1,0
31,1,Wayne Brady,0.076,2,0,0.0623139868598967,S28+_bottom2,0,5.0,7.0,1,0
31,1,Gabby Windey,0.073,3,0,0.0623139032980415,S28+_bottom2,0,7.0,10.0,4,0
31,1,Selma Blair,0.073,3,0,0.0593313559095944,S28+_bottom2,0,14.0,17.0,8,0
31,1,Shangela,0.073,3,0,0.0623138995207601,S28+_bottom2,0,8.0,11.0,5,0
31,1,Daniel Durant,0.071,6,0,0.0670531192079309,S28+_bottom2,0,2.0,8.0,3,0
31,1,Jordin Sparks,0.068,7,0,0.0641764037738252,S28+_bottom2,0,4.0,11.0,5,0
31,1,Heidi D'Amelio,0.063,8,0,0.0621685336524262,S28+_bottom2,0,11.0,19.0,10,0
31,1,Joseph Baena,0.06,9,0,0.0618961977088266,S28+_bottom2,0,13.0,22.0,13,0
31,1,Cheryl Ladd,0.055,10,0,0.0648142581109646,S28+_bottom2,0,3.0,13.0,7,0
31,1,Trevor Donovan,0.055,10,0,0.0622002588730462,S28+_bottom2,0,10.0,20.0,11,0
31,1,Jessie James Decker,0.052,12,0,0.0621350049617812,S28+_bottom2,0,12.0,24.0,14,0
31,1,Sam Champion,0.052,12,0,0.0623047981927135,S28+_bottom2,0,9.0,21.0,12,0
31,1,Teresa Giudice,0.052,12,0,0.0574488942159649,S28+_bottom2,1,15.0,27.0,15,0
31,1,Jason Lewis,0.047,15,1,0.0573430766270535,S28+_bottom2,1,16.0,31.0,16,1
31,1,Vinny Guadagnino,0.045,16,0,0.0698723393543301,S28+_bottom2,0,1.0,17.0,8,0
31,2,Charli D'Amelio,0.078,1,0,0.065806552064147,S28+_bottom2,0,5.0,6.0,1,0
31,2,Gabby Windey,0.078,1,0,0.0658065090214228,S28+_bottom2,0,7.0,8.0,4,0
31,2,Wayne Brady,0.078,1,0,0.065806530855682,S28+_bottom2,0,6.0,7.0,2,0
31,2,Trevor Donovan,0.073,4,0,0.0656014996045007,S28+_bottom2,0,10.0,14.0,7,0
31,2,Daniel Durant,0.07,5,0,0.0742111897812872,S28+_bottom2,0,2.0,7.0,2,0
31,2,Heidi D'Amelio,0.068,6,0,0.0655443002654799,S28+_bottom2,0,11.0,17.0,9,0
31,2,Selma Blair,0.068,6,0,0.0603712500089999,S28+_bottom2,0,14.0,20.0,11,0
31,2,Shangela,0.068,6,0,0.0658064611385248,S28+_bottom2,0,8.0,14.0,7,0
31,2,Jordin Sparks,0.066,9,0,0.0691416654510538,S28+_bottom2,0,4.0,13.0,6,0
31,2,Vinny Guadagnino,0.066,9,0,0.0784271869694206,S28+_bottom2,0,1.0,10.0,5,0
31,2,Sam Champion,0.063,11,0,0.0657900267363883,S28+_bottom2,0,9.0,20.0,11,0
31,2,Jessie James Decker,0.061,12,0,0.0654837696095732,S28+_bottom2,0,12.0,24.0,13,0
31,2,Joseph Baena,0.058,13,0,0.0650524446457522,S28+_bottom2,1,13.0,26.0,14,0
31,2,Teresa Giudice,0.056,14,1,0.0568764883320663,S28+_bottom2,1,15.0,29.0,15,1
31,2,Cheryl Ladd,0.051,15,0,0.0702741255157006,S28+_bottom2,0,3.0,18.0,10,0
31,3,Charli D'Amelio,0.082,1,0,0.0687549932850737,S28+_bottom2,0,5.0,6.0,1,0
31,3,Gabby Windey,0.082,1,0,0.0687549488530747,S28+_bottom2,0,6.0,7.0,2,0
31,3,Wayne Brady,0.082,1,0,0.0687549475786565,S28+_bottom2,0,7.0,8.0,4,0
31,3,Heidi D'Amelio,0.079,4,0,0.0681758855823285,S28+_bottom2,0,11.0,15.0,7,0
31,3,Daniel Durant,0.077,5,0,0.0868474175985765,S28+_bottom2,0,2.0,7.0,2,0
31,3,Shangela,0.074,6,0,0.0687548930796485,S28+_bottom2,0,8.0,14.0,6,0
31,3,Jordin Sparks,0.072,7,0,0.0760396621547064,S28+_bottom2,0,3.0,10.0,5,0
31,3,Joseph Baena,0.072,7,0,0.0670871623450687,S28+_bottom2,0,13.0,20.0,10,0
31,3,Selma Blair,0.069,9,0,0.0565484568270035,S28+_bottom2,1,14.0,23.0,13,0
31,3,Trevor Donovan,0.067,10,0,0.0683022829101982,S28+_bottom2,0,10.0,20.0,10,0
31,3,Jessie James Decker,0.065,11,0,0.068042036278614,S28+_bottom2,1,12.0,23.0,13,1
31,3,Sam Champion,0.062,12,0,0.0687185890460504,S28+_bottom2,0,9.0,21.0,12,0
31,3,Cheryl Ladd,0.06,13,1,0.0699897149879119,S28+_bottom2,0,4.0,17.0,9,0
31,3,Vinny Guadagnino,0.057,14,0,0.095229009473088,S28+_bottom2,0,1.0,15.0,7,0
31,4,Charli D'Amelio,0.088,1,0,0.0710978573924921,S28+_bottom2,0,4.0,5.0,1,0
31,4,Gabby Windey,0.088,1,0,0.0710978212222301,S28+_bottom2,0,5.0,6.0,2,0
31,4,Wayne Brady,0.088,1,0,0.0710977916039435,S28+_bottom2,0,6.0,7.0,3,0
31,4,Heidi D'Amelio,0.083,4,0,0.0697790054125351,S28+_bottom2,0,10.0,14.0,8,0
31,4,Jordin Sparks,0.083,4,0,0.0873674328201406,S28+_bottom2,0,3.0,7.0,3,0
31,4,Selma Blair,0.078,6,0,0.0423475570530136,S28+_bottom2,0,13.0,19.0,9,0
31,4,Shangela,0.078,6,0,0.0710977626580874,S28+_bottom2,0,7.0,13.0,7,0
31,4,Jessie James Decker,0.076,8,0,0.069473616271749,S28+_bottom2,0,11.0,19.0,9,0
31,4,Daniel Durant,0.071,9,0,0.110558228402572,S28+_bottom2,0,2.0,11.0,6,0
31,4,Vinny Guadagnino,0.071,9,0,0.1277120838821029,S28+_bottom2,0,1.0,10.0,5,0
31,4,Joseph Baena,0.068,11,0,0.0672884931895361,S28+_bottom2,1,12.0,23.0,13,0
31,4,Trevor Donovan,0.068,11,0,0.070067258584676,S28+_bottom2,0,9.0,20.0,11,0
31,4,Sam Champion,0.061,13,1,0.0710150915069211,S28+_bottom2,1,8.0,21.0,12,1
31,5,Charli D'Amelio,0.094,1,0,0.0712023987842069,S28+_bottom2,0,4.0,5.0,1,0
31,5,Gabby Windey,0.091,2,0,0.0712023834445545,S28+_bottom2,0,5.0,7.0,2,0
31,5,Wayne Brady,0.091,2,0,0.0712023621238274,S28+_bottom2,0,7.0,9.0,3,0
31,5,Selma Blair,0.089,4,1,1.0387008695014952e-06,S28+_bottom2,0,12.0,16.0,10,0
31,5,Heidi D'Amelio,0.087,5,0,0.0682077010329341,S28+_bottom2,0,9.0,14.0,8,0
31,5,Shangela,0.086,6,0,0.0712023655292068,S28+_bottom2,0,6.0,12.0,4,0
31,5,Jessie James Decker,0.08,7,0,0.0675114302414987,S28+_bottom2,1,10.0,17.0,11,0
31,5,Trevor Donovan,0.08,7,0,0.068863913677147,S28+_bottom2,0,8.0,15.0,9,0
31,5,Jordin Sparks,0.079,9,0,0.10676024211788,S28+_bottom2,0,3.0,12.0,4,0
31,5,Joseph Baena,0.078,10,1,0.0624981409531554,S28+_bottom2,1,11.0,21.0,12,1
31,5,Daniel Durant,0.075,11,0,0.1541050451888676,S28+_bottom2,0,2.0,13.0,6,0
31,5,Vinny Guadagnino,0.069,12,0,0.1872429782058516,S28+_bottom2,0,1.0,13.0,6,0
31,6,Charli D'Amelio,0.116,1,0,0.0937910290515875,S28+_bottom2,0,7.0,8.0,3,0
31,6,Gabby Windey,0.107,2,0,0.0937910300054115,S28+_bottom2,0,5.0,7.0,1,0
31,6,Heidi D'Amelio,0.104,3,0,0.0830989664830209,S28+_bottom2,0,9.0,12.0,8,0
31,6,Shangela,0.104,3,0,0.0937910292602502,S28+_bottom2,0,6.0,9.0,5,0
31,6,Daniel Durant,0.099,5,0,0.1293073526847969,S28+_bottom2,0,2.0,7.0,1,0
31,6,Jordin Sparks,0.099,5,0,0.103162003668145,S28+_bottom2,0,3.0,8.0,3,0
31,6,Trevor Donovan,0.099,5,0,0.0854486849557827,S28+_bottom2,1,8.0,13.0,9,0
31,6,Wayne Brady,0.099,5,0,0.0937910419875748,S28+_bottom2,0,4.0,9.0,5,0
31,6,Jessie James Decker,0.093,9,1,0.0776933152163134,S28+_bottom2,1,10.0,19.0,10,1
31,6,Vinny Guadagnino,0.081,10,0,0.1461255466871167,S28+_bottom2,0,1.0,11.0,7,0
31,7,Charli D'Amelio,0.12,1,0,0.1156127652440919,S28+_bottom2,0,6.0,7.0,3,0
31,7,Trevor Donovan,0.12,1,0,0.0966089081818009,S28+_bottom2,0,8.0,9.0,5,0
31,7,Wayne Brady,0.117,3,0,0.1156127976850122,S28+_bottom2,0,3.0,6.0,1,0
31,7,Daniel Durant,0.112,4,0,0.1197989303785308,S28+_bottom2,0,2.0,6.0,1,0
31,7,Shangela,0.112,4,0,0.1156127859762963,S28+_bottom2,0,4.0,8.0,4,0
31,7,Gabby Windey,0.109,6,0,0.115612773800969,S28+_bottom2,0,5.0,11.0,7,0
31,7,Heidi D'Amelio,0.108,7,0,0.0911715191293093,S28+_bottom2,1,9.0,16.0,9,0
31,7,Jordin Sparks,0.106,8,1,0.1035584869654594,S28+_bottom2,1,7.0,15.0,8,1
31,7,Vinny Guadagnino,0.097,9,0,0.1264110326385298,S28+_bottom2,0,1.0,10.0,6,0
31,8,Charli D'Amelio,0.143,1,0,0.1425436330438314,S28+_bottom2,0,2.0,3.0,2,0
31,8,Wayne Brady,0.143,1,0,0.142543647643381,S28+_bottom2,0,1.0,2.0,1,0
31,8,Shangela,0.134,3,0,0.1425436039828992,S28+_bottom2,0,3.0,6.0,3,0
31,8,Gabby Windey,0.127,4,0,0.1425435938214717,S28+_bottom2,0,4.0,8.0,4,0
31,8,Daniel Durant,0.124,5,0,0.1171779707826009,S28+_bottom2,0,5.0,10.0,5,0
31,8,Trevor Donovan,0.124,5,0,0.103899366532631,S28+_bottom2,0,7.0,12.0,6,0
31,8,Heidi D'Amelio,0.111,7,1,0.0924779765730761,S28+_bottom2,1,8.0,15.0,8,0
31,8,Vinny Guadagnino,0.092,8,1,0.1162702076201084,S28+_bottom2,1,6.0,14.0,7,1
31,9,Charli D'Amelio,0.182,1,0,0.1898019087673674,S28+_bottom2,0,1.0,2.0,1,0
31,9,Gabby Windey,0.182,1,0,0.1898017970649282,S28+_bottom2,0,4.0,5.0,2,0
31,9,Shangela,0.166,3,0,0.189801815005201,S28+_bottom2,0,3.0,6.0,4,0
31,9,Wayne Brady,0.166,3,0,0.1898018614192913,S28+_bottom2,0,2.0,5.0,2,0
31,9,Daniel Durant,0.157,5,1,0.125086703806798,S28+_bottom2,1,5.0,10.0,5,0
31,9,Trevor Donovan,0.148,6,1,0.115705913936414,S28+_bottom2,1,6.0,12.0,6,1
31,10,Charli D'Amelio,0.256,1,0,0.2500001155572406,S28+_bottom2,0,1.0,2.0,1,0
31,10,Gabby Windey,0.256,1,0,0.2499999291174909,S28+_bottom2,1,4.0,5.0,2,0
31,10,Shangela,0.244,3,0,0.2499999602987375,S28+_bottom2,1,3.0,6.0,4,1
31,10,Wayne Brady,0.244,3,0,0.249999995026531,S28+_bottom2,0,2.0,5.0,2,0
32,1,Charity Lawson,0.095,1,0,0.0720914405000869,S28+_bottom2,0,6.0,7.0,1,0
32,1,Ariana Madix,0.091,2,0,0.0720913433174675,S28+_bottom2,0,8.0,10.0,3,0
32,1,Jason Mraz,0.091,2,0,0.0721729554567155,S28+_bottom2,0,5.0,7.0,1,0
32,1,Lele Pons,0.082,4,0,0.0709049780078699,S28+_bottom2,0,10.0,14.0,7,0
32,1,Adrian Peterson,0.078,5,0,0.0657849193531213,S28+_bottom2,0,12.0,17.0,11,0
32,1,Xochitl Gomez,0.078,5,0,0.0720913783903539,S28+_bottom2,0,7.0,12.0,6,0
32,1,Mira Sorvino,0.074,7,0,0.071202584787493,S28+_bottom2,0,9.0,16.0,9,0
32,1,Barry Williams,0.069,8,0,0.0759399385658487,S28+_bottom2,0,2.0,10.0,3,0
32,1,Jamie Lynn Spears,0.065,9,0,0.0526760191016771,S28+_bottom2,1,14.0,23.0,12,0
32,1,Mauricio Umansky,0.065,9,0,0.0903754300723365,S28+_bottom2,0,1.0,10.0,3,0
32,1,Alyson Hannigan,0.056,11,0,0.0759398396472943,S28+_bottom2,0,3.0,14.0,7,0
32,1,Harry Jowsey,0.052,12,0,0.0737587800228988,S28+_bottom2,0,4.0,16.0,9,0
32,1,Matt Walsh,0.052,12,1,0.0647272508062905,S28+_bottom2,1,13.0,25.0,14,1
32,1,Tyson Beckford,0.052,12,0,0.0702431419705453,S28+_bottom2,0,11.0,23.0,12,0
32,2,Jason Mraz,0.101,1,0,0.0776171319983125,S28+_bottom2,0,5.0,6.0,1,0
32,2,Xochitl Gomez,0.101,1,0,0.0774790643962496,S28+_bottom2,0,6.0,7.0,2,0
32,2,Charity Lawson,0.088,3,0,0.0774790270051662,S28+_bottom2,0,7.0,10.0,4,0
32,2,Lele Pons,0.088,3,0,0.0754629146728787,S28+_bottom2,0,10.0,13.0,6,0
32,2,Ariana Madix,0.084,5,0,0.0774790046221108,S28+_bottom2,0,8.0,13.0,6,0
32,2,Alyson Hannigan,0.08,6,0,0.0839278671230496,S28+_bottom2,0,3.0,9.0,3,0
32,2,Mira Sorvino,0.076,7,0,0.0759699199860709,S28+_bottom2,0,9.0,16.0,10,0
32,2,Tyson Beckford,0.076,7,0,0.0743321712637715,S28+_bottom2,0,11.0,18.0,11,0
32,2,Jamie Lynn Spears,0.067,9,1,0.0423749677054173,S28+_bottom2,1,13.0,22.0,12,0
32,2,Adrian Peterson,0.063,10,0,0.0665953509178673,S28+_bottom2,1,12.0,22.0,12,1
32,2,Barry Williams,0.063,10,0,0.0839279335618666,S28+_bottom2,0,2.0,12.0,5,0
32,2,Harry Jowsey,0.063,10,0,0.0802896857954829,S28+_bottom2,0,4.0,14.0,8,0
32,2,Mauricio Umansky,0.05,13,0,0.1070649609517554,S28+_bottom2,0,1.0,14.0,8,0
32,3,Ariana Madix,0.105,1,0,0.0824988986170035,S28+_bottom2,0,7.0,8.0,2,0
32,3,Jason Mraz,0.105,1,0,0.0827883345906052,S28+_bottom2,0,5.0,6.0,1,0
32,3,Charity Lawson,0.099,3,0,0.082498865221886,S28+_bottom2,0,8.0,11.0,5,0
32,3,Xochitl Gomez,0.099,3,0,0.0824989463610354,S28+_bottom2,0,6.0,9.0,3,0
32,3,Lele Pons,0.084,5,0,0.078250924376114,S28+_bottom2,0,10.0,15.0,9,0
32,3,Mira Sorvino,0.08,6,0,0.0793232445992388,S28+_bottom2,0,9.0,15.0,9,0
32,3,Barry Williams,0.077,7,0,0.0958106591048348,S28+_bottom2,0,2.0,9.0,3,0
32,3,Alyson Hannigan,0.074,8,0,0.0958106415708668,S28+_bottom2,0,3.0,11.0,5,0
32,3,Harry Jowsey,0.074,8,0,0.0883508503018794,S28+_bottom2,0,4.0,12.0,8,0
32,3,Mauricio Umansky,0.071,10,0,0.0973005987932849,S28+_bottom2,0,1.0,11.0,5,0
32,3,Adrian Peterson,0.068,11,0,0.0590187374208124,S28+_bottom2,1,12.0,23.0,11,0
32,3,Tyson Beckford,0.062,12,1,0.0758492990424383,S28+_bottom2,1,11.0,23.0,11,1
32,4,Xochitl Gomez,0.112,1,0,0.0902035408924493,S28+_bottom2,0,7.0,8.0,1,0
32,4,Ariana Madix,0.104,2,0,0.0902035036023643,S28+_bottom2,0,8.0,10.0,5,0
32,4,Charity Lawson,0.1,3,0,0.0902035645619017,S28+_bottom2,0,6.0,9.0,3,0
32,4,Jason Mraz,0.1,3,0,0.0908193963566186,S28+_bottom2,0,5.0,8.0,1,0
32,4,Lele Pons,0.092,5,0,0.0810804781128371,S28+_bottom2,1,10.0,15.0,9,0
32,4,Adrian Peterson,0.088,6,1,0.0373803839895996,S28+_bottom2,1,11.0,17.0,11,1
32,4,Harry Jowsey,0.088,6,0,0.1025233244087224,S28+_bottom2,0,3.0,9.0,3,0
32,4,Mira Sorvino,0.088,6,0,0.0833986586865231,S28+_bottom2,0,9.0,15.0,9,0
32,4,Mauricio Umansky,0.079,9,0,0.0984719636392441,S28+_bottom2,0,4.0,13.0,8,0
32,4,Alyson Hannigan,0.075,10,0,0.1178575928748697,S28+_bottom2,0,1.0,11.0,6,0
32,4,Barry Williams,0.075,10,0,0.1178575928748696,S28+_bottom2,0,2.0,12.0,7,0
32,5,Charity Lawson,0.117,1,0,0.0973130134057734,S28+_bottom2,0,5.0,6.0,1,0
32,5,Xochitl Gomez,0.117,1,0,0.0973128998698863,S28+_bottom2,0,6.0,7.0,3,0
32,5,Jason Mraz,0.112,3,0,0.0986591447161159,S28+_bottom2,0,4.0,7.0,3,0
32,5,Ariana Madix,0.1,4,0,0.0973128923575084,S28+_bottom2,0,7.0,11.0,5,0
32,5,Barry Williams,0.1,4,0,0.1195525259604519,S28+_bottom2,0,2.0,6.0,1,0
32,5,Lele Pons,0.1,4,0,0.0770063354436162,S28+_bottom2,1,10.0,14.0,9,0
32,5,Mauricio Umansky,0.1,4,0,0.0899018070134494,S28+_bottom2,0,8.0,12.0,7,0
32,5,Mira Sorvino,0.092,8,1,0.0822328135962389,S28+_bottom2,1,9.0,17.0,10,1
32,5,Alyson Hannigan,0.088,9,0,0.1170179324466738,S28+_bottom2,0,3.0,12.0,7,0
32,5,Harry Jowsey,0.075,10,0,0.1236906351902855,S28+_bottom2,0,1.0,11.0,5,0
32,6,Xochitl Gomez,0.13,1,0,0.1080688327005725,S28+_bottom2,0,6.0,7.0,1,0
32,6,Ariana Madix,0.127,2,0,0.1080688031425183,S28+_bottom2,0,7.0,9.0,3,0
32,6,Jason Mraz,0.121,3,0,0.1108389914647094,S28+_bottom2,0,4.0,7.0,1,0
32,6,Charity Lawson,0.118,4,0,0.1080689065271317,S28+_bottom2,0,5.0,9.0,3,0
32,6,Lele Pons,0.115,5,0,0.064786089653999,S28+_bottom2,1,9.0,14.0,8,0
32,6,Mauricio Umansky,0.102,6,1,0.0809820329727458,S28+_bottom2,1,8.0,14.0,8,1
32,6,Barry Williams,0.099,7,0,0.135292403198412,S28+_bottom2,0,2.0,9.0,3,0
32,6,Alyson Hannigan,0.096,8,0,0.1291403572463875,S28+_bottom2,0,3.0,11.0,7,0
32,6,Harry Jowsey,0.09,9,0,0.1547535830935235,S28+_bottom2,0,1.0,10.0,6,0
32,7,Ariana Madix,0.131,1,0,0.1187004466659802,S28+_bottom2,0,6.0,7.0,2,0
32,7,Xochitl Gomez,0.131,1,0,0.1187004723958401,S28+_bottom2,0,5.0,6.0,1,0
32,7,Lele Pons,0.129,3,1,0.0258179002489851,S28+_bottom2,1,8.0,11.0,7,0
32,7,Charity Lawson,0.128,4,0,0.1187004360520871,S28+_bottom2,1,7.0,11.0,7,1
32,7,Jason Mraz,0.128,4,0,0.1242443891866003,S28+_bottom2,0,4.0,8.0,3,0
32,7,Alyson Hannigan,0.124,6,0,0.1330881331441645,S28+_bottom2,0,3.0,9.0,4,0
32,7,Barry Williams,0.115,7,0,0.1629136321793245,S28+_bottom2,0,2.0,9.0,4,0
32,7,Harry Jowsey,0.113,8,0,0.1978345901270178,S28+_bottom2,0,1.0,9.0,4,0
32,8,Ariana Madix,0.166,1,0,0.1355781556104882,S28+_bottom2,0,5.0,6.0,1,0
32,8,Xochitl Gomez,0.158,2,0,0.1355781756420126,S28+_bottom2,0,4.0,6.0,1,0
32,8,Charity Lawson,0.154,3,0,0.1355781435834798,S28+_bottom2,1,6.0,9.0,6,0
32,8,Alyson Hannigan,0.142,4,0,0.1436252695820487,S28+_bottom2,0,3.0,7.0,3,0
32,8,Barry Williams,0.138,5,1,0.1196858972711528,S28+_bottom2,1,7.0,12.0,7,1
32,8,Jason Mraz,0.13,6,0,0.1494554298843925,S28+_bottom2,0,2.0,8.0,4,0
32,8,Harry Jowsey,0.111,7,0,0.1804989284264253,S28+_bottom2,0,1.0,8.0,4,0
32,9,Jason Mraz,0.195,1,0,0.1717535947586532,S28+_bottom2,0,1.0,2.0,1,0
32,9,Xochitl Gomez,0.186,2,0,0.1631236770103729,S28+_bottom2,1,6.0,8.0,3,0
32,9,Charity Lawson,0.172,3,0,0.163123784090459,S28+_bottom2,0,4.0,7.0,2,0
32,9,Ariana Madix,0.167,4,0,0.1631237324750419,S28+_bottom2,1,5.0,9.0,6,1
32,9,Alyson Hannigan,0.145,5,0,0.1681144592519435,S28+_bottom2,0,3.0,8.0,3,0
32,9,Harry Jowsey,0.136,6,1,0.1707607524135293,S28+_bottom2,0,2.0,8.0,3,0
32,10,Xochitl Gomez,0.211,1,0,0.1981196668846348,S28+_bottom2,0,5.0,6.0,3,0
32,10,Charity Lawson,0.207,2,0,0.1981198504666347,S28+_bottom2,0,3.0,5.0,1,0
32,10,Ariana Madix,0.204,3,0,0.1981197706064633,S28+_bottom2,1,4.0,7.0,4,0
32,10,Jason Mraz,0.2,4,0,0.2040797979772094,S28+_bottom2,0,1.0,5.0,1,0
32,10,Alyson Hannigan,0.179,5,0,0.2015609140650576,S28+_bottom2,1,2.0,7.0,4,1
32,11,Jason Mraz,0.206,1,0,0.2032672358495919,S28+_bottom2,0,1.0,2.0,1,0
32,11,Xochitl Gomez,0.206,1,0,0.1984949316239075,S28+_bottom2,0,5.0,6.0,2,0
32,11,Ariana Madix,0.203,3,0,0.198495103645752,S28+_bottom2,1,4.0,7.0,4,0
32,11,Charity Lawson,0.203,3,0,0.1984951135431597,S28+_bottom2,0,3.0,6.0,2,0
32,11,Alyson Hannigan,0.182,5,0,0.2012476153375886,S28+_bottom2,1,2.0,7.0,4,1
33,1,Chandler Kinney,0.093,1,0,0.0785343811423074,S28+_bottom2,0,8.0,9.0,3,0
33,1,Dwight Howard ,0.089,2,0,0.088840856759468,S28+_bottom2,0,1.0,3.0,1,0
33,1,Joey Graziadei,0.085,3,0,0.0785343996801202,S28+_bottom2,0,5.0,8.0,2,0
33,1,Stephen Nedoroscik,0.085,3,0,0.0785343851672533,S28+_bottom2,0,7.0,10.0,4,0
33,1,Danny Amendola,0.081,5,0,0.078534388348469,S28+_bottom2,0,6.0,11.0,5,0
33,1,Jenn Tran,0.077,6,0,0.0761040926846314,S28+_bottom2,0,10.0,16.0,10,0
33,1,Phaedra Parks,0.077,6,0,0.0772505260453715,S28+_bottom2,0,9.0,15.0,7,0
33,1,Anna Delvey,0.073,8,0,0.0715075057920879,S28+_bottom2,0,11.0,19.0,11,0
33,1,Brooks Nader,0.073,8,0,0.0692527276724769,S28+_bottom2,1,12.0,20.0,12,0
33,1,Ilona Maher,0.073,8,0,0.0809705615924929,S28+_bottom2,0,4.0,12.0,6,0
33,1,Tori Spelling,0.069,11,0,0.0552340288150465,S28+_bottom2,1,13.0,24.0,13,1
33,1,Reginald VelJohnson,0.065,12,0,0.0833510695680881,S28+_bottom2,0,3.0,15.0,7,0
33,1,Eric Roberts,0.061,13,0,0.0833510767321864,S28+_bottom2,0,2.0,15.0,7,0
33,2,Chandler Kinney,0.093,1,0,0.0798669757021557,S28+_bottom2,0,8.0,9.0,3,0
33,2,Dwight Howard ,0.085,2,0,0.0963389499207789,S28+_bottom2,0,1.0,3.0,1,0
33,2,Joey Graziadei,0.085,2,0,0.0798669928415006,S28+_bottom2,0,5.0,7.0,2,0
33,2,Stephen Nedoroscik,0.085,2,0,0.0798669810379328,S28+_bottom2,0,7.0,9.0,3,0
33,2,Danny Amendola,0.081,5,0,0.0798669815062572,S28+_bottom2,0,6.0,11.0,6,0
33,2,Ilona Maher,0.081,5,0,0.0838305834254886,S28+_bottom2,0,4.0,9.0,3,0
33,2,Phaedra Parks,0.081,5,0,0.0777589804282106,S28+_bottom2,0,9.0,14.0,7,0
33,2,Brooks Nader,0.078,8,0,0.0642966215046536,S28+_bottom2,0,12.0,20.0,11,0
33,2,Jenn Tran,0.074,9,0,0.075864958056047,S28+_bottom2,0,10.0,19.0,10,0
33,2,Tori Spelling,0.074,9,1,0.0389687627075764,S28+_bottom2,1,13.0,22.0,12,0
33,2,Anna Delvey,0.066,11,1,0.0681534007637939,S28+_bottom2,1,11.0,22.0,12,1
33,2,Eric Roberts,0.058,12,0,0.0876599060528019,S28+_bottom2,0,3.0,15.0,9,0
33,2,Reginald VelJohnson,0.058,12,0,0.0876599060528022,S28+_bottom2,0,2.0,14.0,7,0
33,3,Joey Graziadei,0.11,1,0,0.0928615695634902,S28+_bottom2,0,5.0,6.0,1,0
33,3,Chandler Kinney,0.108,2,0,0.0928615622060474,S28+_bottom2,0,6.0,8.0,3,0
33,3,Jenn Tran,0.097,3,0,0.0845925261286941,S28+_bottom2,0,10.0,13.0,7,0
33,3,Stephen Nedoroscik,0.097,3,0,0.0928615698150471,S28+_bottom2,0,4.0,7.0,2,0
33,3,Brooks Nader,0.096,5,0,0.0596521049210966,S28+_bottom2,0,11.0,16.0,9,0
33,3,Danny Amendola,0.094,6,0,0.0928615755063163,S28+_bottom2,0,3.0,9.0,4,0
33,3,Ilona Maher,0.088,7,0,0.1008920836348311,S28+_bottom2,0,2.0,9.0,4,0
33,3,Phaedra Parks,0.088,7,0,0.0885268687531023,S28+_bottom2,0,7.0,14.0,8,0
33,3,Dwight Howard ,0.082,9,0,0.1253122886588002,S28+_bottom2,0,1.0,10.0,6,0
33,3,Eric Roberts,0.072,10,1,0.0847889315581341,S28+_bottom2,1,8.0,18.0,10,0
33,3,Reginald VelJohnson,0.066,11,1,0.0847889192544401,S28+_bottom2,1,9.0,20.0,11,1
33,4,Danny Amendola,0.122,1,0,0.1132743819791227,S28+_bottom2,0,6.0,7.0,4,0
33,4,Joey Graziadei,0.122,1,0,0.1132743910542849,S28+_bottom2,0,4.0,5.0,1,0
33,4,Stephen Nedoroscik,0.112,3,0,0.1132744019639148,S28+_bottom2,0,3.0,6.0,2,0
33,4,Brooks Nader,0.109,4,1,0.0402968121752673,S28+_bottom2,1,9.0,13.0,9,1
33,4,Chandler Kinney,0.109,4,0,0.113274383453537,S28+_bottom2,0,5.0,9.0,5,0
33,4,Ilona Maher,0.109,4,0,0.1295188867889242,S28+_bottom2,0,2.0,6.0,2,0
33,4,Jenn Tran,0.109,4,0,0.096075121625876,S28+_bottom2,1,8.0,12.0,8,0
33,4,Phaedra Parks,0.109,4,0,0.1043228122796568,S28+_bottom2,0,7.0,11.0,7,0
33,4,Dwight Howard ,0.099,9,0,0.176688808679416,S28+_bottom2,0,1.0,10.0,6,0
33,5,Chandler Kinney,0.134,1,0,0.1244626548563455,S28+_bottom2,0,5.0,6.0,2,0
33,5,Ilona Maher,0.129,2,0,0.1596920343593676,S28+_bottom2,0,1.0,3.0,1,0
33,5,Joey Graziadei,0.129,2,0,0.1244626562779994,S28+_bottom2,0,4.0,6.0,2,0
33,5,Danny Amendola,0.126,4,0,0.1244626507547152,S28+_bottom2,0,6.0,10.0,6,0
33,5,Jenn Tran,0.126,4,0,0.0856645239715563,S28+_bottom2,1,8.0,12.0,7,0
33,5,Dwight Howard ,0.119,6,0,0.1523370167619474,S28+_bottom2,0,2.0,8.0,4,0
33,5,Phaedra Parks,0.119,6,1,0.1044557973058389,S28+_bottom2,1,7.0,13.0,8,1
33,5,Stephen Nedoroscik,0.119,6,0,0.1244626657122295,S28+_bottom2,0,3.0,9.0,5,0
33,6,Chandler Kinney,0.155,1,0,0.144280035149441,S28+_bottom2,0,3.0,4.0,1,0
33,6,Joey Graziadei,0.155,1,0,0.144280031684246,S28+_bottom2,0,6.0,7.0,3,0
33,6,Dwight Howard ,0.15,3,0,0.1467188188679717,S28+_bottom2,0,2.0,5.0,2,0
33,6,Jenn Tran,0.15,3,1,0.0652046808787078,S28+_bottom2,1,7.0,10.0,6,0
33,6,Danny Amendola,0.136,5,0,0.1442800327042112,S28+_bottom2,0,4.0,9.0,5,0
33,6,Stephen Nedoroscik,0.136,5,0,0.1442800323371737,S28+_bottom2,1,5.0,10.0,6,1
33,6,Ilona Maher,0.117,7,0,0.2109563683782482,S28+_bottom2,0,1.0,8.0,4,0
33,7,Chandler Kinney,0.188,1,0,0.1631846378379062,S28+_bottom2,0,3.0,4.0,1,0
33,7,Joey Graziadei,0.172,2,0,0.1631846373387576,S28+_bottom2,0,4.0,6.0,3,0
33,7,Stephen Nedoroscik,0.169,3,0,0.1631846266714894,S28+_bottom2,1,5.0,8.0,5,0
33,7,Ilona Maher,0.162,4,0,0.2055111158753378,S28+_bottom2,0,1.0,5.0,2,0
33,7,Danny Amendola,0.159,5,0,0.1631846470098797,S28+_bottom2,0,2.0,7.0,4,0
33,7,Dwight Howard ,0.15,6,1,0.1417503352666292,S28+_bottom2,1,6.0,12.0,6,1
33,8,Chandler Kinney,0.207,1,0,0.1940984886461528,S28+_bottom2,1,5.0,6.0,3,0
33,8,Joey Graziadei,0.207,1,0,0.1940984959174923,S28+_bottom2,0,3.0,4.0,1,0
33,8,Ilona Maher,0.204,3,0,0.2236060146219149,S28+_bottom2,0,1.0,4.0,1,0
33,8,Danny Amendola,0.193,4,0,0.1940985109281579,S28+_bottom2,0,2.0,6.0,3,0
33,8,Stephen Nedoroscik,0.189,5,0,0.194098489886282,S28+_bottom2,1,4.0,9.0,5,1
33,9,Chandler Kinney,0.206,1,0,0.1952470830113633,S28+_bottom2,0,4.0,5.0,1,0
33,9,Joey Graziadei,0.203,2,0,0.1952470903188313,S28+_bottom2,0,3.0,5.0,1,0
33,9,Stephen Nedoroscik,0.203,2,0,0.1952470779954466,S28+_bottom2,1,5.0,7.0,4,0
33,9,Ilona Maher,0.196,4,0,0.2190116387133316,S28+_bottom2,0,1.0,5.0,1,0
33,9,Danny Amendola,0.192,5,0,0.1952471099610271,S28+_bottom2,1,2.0,7.0,4,1
34,1,Robert Irwin,0.091,1,0,0.0718983899329004,S28+_bottom2,0,7.0,8.0,1,0
34,1,Whitney Leavitt,0.091,1,0,0.0717226906115412,S28+_bottom2,0,9.0,10.0,3,0
34,1,Hilaria Baldwin,0.085,3,0,0.0639089388852154,S28+_bottom2,0,14.0,17.0,11,0
34,1,Alix Earle,0.079,4,0,0.0718984042907285,S28+_bottom2,0,6.0,10.0,3,0
34,1,Lauren Jauregui,0.079,4,0,0.0703730290308874,S28+_bottom2,0,11.0,15.0,9,0
34,1,Danielle Fishel,0.073,6,0,0.0742485508239669,S28+_bottom2,0,2.0,8.0,1,0
34,1,Elaine Hendrix,0.073,6,0,0.0718984350830152,S28+_bottom2,0,5.0,11.0,5,0
34,1,Jen Affleck,0.073,6,0,0.0715297185777852,S28+_bottom2,0,10.0,16.0,10,0
34,1,Baron Davis,0.061,9,0,0.0651181661678056,S28+_bottom2,1,13.0,22.0,13,0
34,1,Dylan Efron,0.061,9,0,0.0721118895874376,S28+_bottom2,0,4.0,13.0,7,0
34,1,Jordan Chiles,0.061,9,0,0.0718983736833443,S28+_bottom2,0,8.0,17.0,11,0
34,1,Scott Hoying,0.061,9,0,0.0742484998996431,S28+_bottom2,0,3.0,12.0,6,0
34,1,Andy Richter,0.055,13,0,0.0823396243214979,S28+_bottom2,0,1.0,14.0,8,0
34,1,Corey Feldman,0.055,13,0,0.0668052891042308,S28+_bottom2,1,12.0,25.0,14,1
34,2,Jen Affleck,0.079,1,0,0.0716885913573627,S28+_bottom2,0,10.0,11.0,5,0
34,2,Jordan Chiles,0.079,1,0,0.0723143090316588,S28+_bottom2,0,8.0,9.0,2,0
34,2,Robert Irwin,0.079,1,0,0.0723143355261987,S28+_bottom2,0,7.0,8.0,1,0
34,2,Whitney Leavitt,0.079,1,0,0.0720162817128094,S28+_bottom2,0,9.0,10.0,3,0
34,2,Alix Earle,0.076,5,0,0.0723143484163286,S28+_bottom2,0,6.0,11.0,5,0
34,2,Elaine Hendrix,0.076,5,0,0.0723143846367334,S28+_bottom2,0,5.0,10.0,3,0
34,2,Hilaria Baldwin,0.076,5,0,0.0584350816583266,S28+_bottom2,0,14.0,19.0,12,0
34,2,Lauren Jauregui,0.076,5,0,0.0697166506579172,S28+_bottom2,0,11.0,16.0,11,0
34,2,Dylan Efron,0.072,9,0,0.0726760472729965,S28+_bottom2,0,4.0,13.0,8,0
34,2,Danielle Fishel,0.068,10,0,0.076272664377075,S28+_bottom2,0,2.0,12.0,7,0
34,2,Baron Davis,0.065,11,1,0.0605815785699233,S28+_bottom2,1,13.0,24.0,13,0
34,2,Scott Hoying,0.065,11,0,0.0762726480933904,S28+_bottom2,0,3.0,14.0,9,0
34,2,Andy Richter,0.058,13,0,0.0895354698331196,S28+_bottom2,0,1.0,14.0,9,0
34,2,Corey Feldman,0.054,14,1,0.0635476088561592,S28+_bottom2,1,12.0,26.0,14,1
34,3,Jordan Chiles,0.093,1,0,0.0824625165144862,S28+_bottom2,0,6.0,7.0,1,0
34,3,Whitney Leavitt,0.093,1,0,0.0818351474404523,S28+_bottom2,0,9.0,10.0,4,0
34,3,Alix Earle,0.089,3,0,0.082462503940063,S28+_bottom2,0,8.0,11.0,5,0
34,3,Dylan Efron,0.089,3,0,0.0832224325645504,S28+_bottom2,0,4.0,7.0,1,0
34,3,Hilaria Baldwin,0.086,5,0,0.0520181684882255,S28+_bottom2,0,12.0,17.0,10,0
34,3,Robert Irwin,0.086,5,0,0.0824625050132899,S28+_bottom2,0,7.0,12.0,7,0
34,3,Scott Hoying,0.086,5,0,0.0906994691361379,S28+_bottom2,0,2.0,7.0,1,0
34,3,Danielle Fishel,0.082,8,0,0.0906994570020314,S28+_bottom2,0,3.0,11.0,5,0
34,3,Elaine Hendrix,0.082,8,0,0.0824625298208975,S28+_bottom2,0,5.0,13.0,9,0
34,3,Jen Affleck,0.074,10,0,0.0811441783154127,S28+_bottom2,1,10.0,20.0,11,0
34,3,Andy Richter,0.07,11,0,0.1135716295437352,S28+_bottom2,0,1.0,12.0,7,0
34,3,Lauren Jauregui,0.07,11,1,0.0769594622207175,S28+_bottom2,1,11.0,22.0,12,1
34,4,Whitney Leavitt,0.101,1,0,0.0874826272503964,S28+_bottom2,0,9.0,10.0,5,0
34,4,Alix Earle,0.097,2,0,0.0888210884480536,S28+_bottom2,0,7.0,9.0,3,0
34,4,Elaine Hendrix,0.097,2,0,0.0888210981417639,S28+_bottom2,0,6.0,8.0,2,0
34,4,Jordan Chiles,0.097,2,0,0.088821102389482,S28+_bottom2,0,5.0,7.0,1,0
34,4,Dylan Efron,0.093,5,0,0.090437864255965,S28+_bottom2,0,4.0,9.0,3,0
34,4,Hilaria Baldwin,0.093,5,1,0.0187741593771963,S28+_bottom2,1,11.0,16.0,10,0
34,4,Jen Affleck,0.093,5,0,0.0860043111533073,S28+_bottom2,0,10.0,15.0,9,0
34,4,Robert Irwin,0.089,8,0,0.0888210504503514,S28+_bottom2,1,8.0,16.0,10,1
34,4,Danielle Fishel,0.085,9,0,0.1060970032370414,S28+_bottom2,0,2.0,11.0,6,0
34,4,Scott Hoying,0.085,9,0,0.1060970032370405,S28+_bottom2,0,3.0,12.0,7,0
34,4,Andy Richter,0.073,11,0,0.1498226920594016,S28+_bottom2,0,1.0,12.0,7,0
34,5,Dylan Efron,0.115,1,0,0.0999620369779296,S28+_bottom2,0,4.0,5.0,1,0
34,5,Alix Earle,0.112,2,0,0.0961738551817007,S28+_bottom2,0,7.0,9.0,2,0
34,5,Robert Irwin,0.112,2,0,0.096173769902216,S28+_bottom2,0,8.0,10.0,4,0
34,5,Whitney Leavitt,0.105,4,0,0.0930202547369079,S28+_bottom2,1,9.0,13.0,9,0
34,5,Jordan Chiles,0.102,5,0,0.0961738593635375,S28+_bottom2,0,6.0,11.0,6,0
34,5,Elaine Hendrix,0.096,6,0,0.0961738621353033,S28+_bottom2,0,5.0,11.0,6,0
34,5,Scott Hoying,0.096,6,0,0.100760347705322,S28+_bottom2,0,3.0,9.0,2,0
34,5,Danielle Fishel,0.093,8,0,0.1025662016955006,S28+_bottom2,0,2.0,10.0,4,0
34,5,Jen Affleck,0.093,8,0,0.0895185135220015,S28+_bottom2,1,10.0,18.0,10,1
34,5,Andy Richter,0.077,10,0,0.1294772987795806,S28+_bottom2,0,1.0,11.0,6,0
34,6,Jordan Chiles,0.115,1,0,0.0999398801724207,S28+_bottom2,0,3.0,4.0,1,0
34,6,Whitney Leavitt,0.115,1,0,0.0933040919061342,S28+_bottom2,0,9.0,10.0,5,0
34,6,Danielle Fishel,0.106,3,0,0.0986662096302793,S28+_bottom2,0,7.0,10.0,5,0
34,6,Elaine Hendrix,0.106,3,0,0.0999398390609764,S28+_bottom2,0,4.0,7.0,2,0
34,6,Robert Irwin,0.106,3,0,0.0999397788117743,S28+_bottom2,0,6.0,9.0,3,0
34,6,Alix Earle,0.103,6,0,0.0999398323125977,S28+_bottom2,0,5.0,11.0,7,0
34,6,Dylan Efron,0.094,7,0,0.1078310825365697,S28+_bottom2,0,2.0,9.0,3,0
34,6,Jen Affleck,0.094,7,0,0.0858603557916978,S28+_bottom2,1,10.0,17.0,9,0
34,6,Scott Hoying,0.082,9,1,0.0941663658906736,S28+_bottom2,1,8.0,17.0,9,1
34,6,Andy Richter,0.079,10,0,0.1204125638868759,S28+_bottom2,0,1.0,11.0,7,0
34,7,Alix Earle,0.13,1,0,0.1132751027140272,S28+_bottom2,0,6.0,7.0,2,0
34,7,Whitney Leavitt,0.127,2,0,0.099721950727419,S28+_bottom2,0,8.0,10.0,5,0
34,7,Robert Irwin,0.123,3,0,0.1132751195660504,S28+_bottom2,0,5.0,8.0,4,0
34,7,Dylan Efron,0.114,4,0,0.1290693005577498,S28+_bottom2,0,2.0,6.0,1,0
34,7,Jordan Chiles,0.114,4,0,0.1132751499904803,S28+_bottom2,0,3.0,7.0,2,0
34,7,Danielle Fishel,0.105,6,0,0.1036941950922429,S28+_bottom2,1,7.0,13.0,8,0
34,7,Jen Affleck,0.102,7,1,0.0841791847988352,S28+_bottom2,1,9.0,16.0,9,1
34,7,Elaine Hendrix,0.096,8,0,0.1132751203425527,S28+_bottom2,0,4.0,12.0,7,0
34,7,Andy Richter,0.087,9,0,0.1302348762106422,S28+_bottom2,0,1.0,10.0,5,0
34,8,Whitney Leavitt,0.131,1,0,0.0998775610841168,S28+_bottom2,0,8.0,9.0,5,0
34,8,Jordan Chiles,0.129,2,0,0.1269533404947265,S28+_bottom2,0,5.0,7.0,2,0
34,8,Alix Earle,0.128,3,0,0.1269533809650871,S28+_bottom2,0,4.0,7.0,2,0
34,8,Dylan Efron,0.126,4,0,0.1574296623501545,S28+_bottom2,0,1.0,5.0,1,0
34,8,Robert Irwin,0.126,4,0,0.126953399178229,S28+_bottom2,0,3.0,7.0,2,0
34,8,Elaine Hendrix,0.124,6,0,0.1269533159278915,S28+_bottom2,1,6.0,12.0,7,0
34,8,Danielle Fishel,0.123,7,1,0.1044809544111269,S28+_bottom2,1,7.0,14.0,8,1
34,8,Andy Richter,0.113,8,0,0.1303983855886675,S28+_bottom2,0,2.0,10.0,6,0
34,9,Dylan Efron,0.156,1,0,0.2004064942101737,S28+_bottom2,0,1.0,2.0,1,0
34,9,Robert Irwin,0.156,1,0,0.1444074404521996,S28+_bottom2,0,3.0,4.0,2,0
34,9,Whitney Leavitt,0.156,1,0,0.0917220051081682,S28+_bottom2,0,7.0,8.0,4,0
34,9,Alix Earle,0.148,4,0,0.1444074523075076,S28+_bottom2,0,2.0,6.0,3,0
34,9,Jordan Chiles,0.144,5,0,0.144407386946672,S28+_bottom2,0,4.0,9.0,5,0
34,9,Elaine Hendrix,0.133,6,0,0.1444073676411343,S28+_bottom2,1,5.0,11.0,6,0
34,9,Andy Richter,0.107,7,1,0.1302418533341443,S28+_bottom2,1,6.0,13.0,7,1
34,10,Robert Irwin,0.172,1,0,0.1671802725842806,S28+_bottom2,0,2.0,3.0,1,0
34,10,Alix Earle,0.169,2,0,0.1671802541245799,S28+_bottom2,0,3.0,5.0,2,0
34,10,Whitney Leavitt,0.169,2,1,0.0661914401132135,S28+_bottom2,1,6.0,8.0,4,0
34,10,Elaine Hendrix,0.166,4,0,0.1671802116250077,S28+_bottom2,1,5.0,9.0,6,1
34,10,Jordan Chiles,0.166,4,0,0.1671802130899836,S28+_bottom2,0,4.0,8.0,4,0
34,10,Dylan Efron,0.16,6,0,0.2650876084629346,S28+_bottom2,0,1.0,7.0,3,0
34,11,Alix Earle,0.203,1,0,0.1840237326053456,S28+_bottom2,0,4.0,5.0,2,0
34,11,Jordan Chiles,0.201,2,0,0.1840237284963549,S28+_bottom2,1,5.0,7.0,4,0
34,11,Robert Irwin,0.201,2,0,0.1840238279837272,S28+_bottom2,0,2.0,4.0,1,0
34,11,Dylan Efron,0.199,4,0,0.2639049533482736,S28+_bottom2,0,1.0,5.0,2,0
34,11,Elaine Hendrix,0.196,5,0,0.1840237575662986,S28+_bottom2,1,3.0,8.0,5,1
